index,split,class,label,file,relative_path,image_sha256
0,universe,Healthy Leaf,0,Healthy Leaf_20241104_182044.jpg.jpg,Healthy Leaf/Healthy Leaf_20241104_182044.jpg.jpg,f195d52a65c9ceddce71d3ef6d61095480e9d5a8ececd46b3241348ea36265d4
1,universe,Healthy Leaf,0,Healthy Leaf_20241104_182047.jpg.jpg,Healthy Leaf/Healthy Leaf_20241104_182047.jpg.jpg,90f90c92e640345730c0bc22c2ae5ef8c34656cf1302dfb3e3972e51f31a5a69
2,universe,Healthy Leaf,0,Healthy Leaf_20241104_182050.jpg.jpg,Healthy Leaf/Healthy Leaf_20241104_182050.jpg.jpg,24d02290740200b74592988d50a73d75f8bb5408a3110c5d64345b9446719186
3,universe,Healthy Leaf,0,Healthy Leaf_20241104_182053.jpg.jpg,Healthy Leaf/Healthy Leaf_20241104_182053.jpg.jpg,fc9aaac20f2ffbc5c59ba4c34d89b157eae58a707c32f49586acb8ef2c21353a
4,universe,Healthy Leaf,0,Healthy Leaf_20241104_182107.jpg.jpg,Healthy Leaf/Healthy Leaf_20241104_182107.jpg.jpg,ada3286ac5b64c63b0a60d0d04818ad7926560e813a4800ba676566132d7ed06
5,universe,Healthy Leaf,0,Healthy Leaf_20241104_182110.jpg.jpg,Healthy Leaf/Healthy Leaf_20241104_182110.jpg.jpg,a288c14cf3974d06d7fba2617de3d1e2508dd289e572cb08cca8769a0357088c
6,universe,Healthy Leaf,0,Healthy Leaf_20241104_182113.jpg.jpg,Healthy Leaf/Healthy Leaf_20241104_182113.jpg.jpg,9d3fef8a026254263df6aaa9b112da2cd0edaa21dcfb8a70a263608b651f2953
7,universe,Healthy Leaf,0,Healthy Leaf_20241104_182131.jpg.jpg,Healthy Leaf/Healthy Leaf_20241104_182131.jpg.jpg,a9b3a546e83eff11ab77661b24f8a981a49ba9a1e31d8be0167f4986a7872f04
8,universe,Healthy Leaf,0,Healthy Leaf_20241104_182134.jpg.jpg,Healthy Leaf/Healthy Leaf_20241104_182134.jpg.jpg,2e73002ddf10988ae370501b8e01c2189466edbd29831ddfc10ab18543de1644
9,universe,Healthy Leaf,0,Healthy Leaf_20241104_182138.jpg.jpg,Healthy Leaf/Healthy Leaf_20241104_182138.jpg.jpg,9316fb556d958ff6834b3da648b2f70d393f1a93b4594b183ea275c696705841
10,universe,Healthy Leaf,0,Healthy Leaf_20241104_182142.jpg.jpg,Healthy Leaf/Healthy Leaf_20241104_182142.jpg.jpg,bb175781e67385aca3b8a903868409dfdec855b7435e61eedf21d038867e5100
11,universe,Healthy Leaf,0,Healthy Leaf_20241104_182152.jpg.jpg,Healthy Leaf/Healthy Leaf_20241104_182152.jpg.jpg,b027ccf648ae9b24c9b936060b395a123adeedeed23f38bb83cc5fd5c42ddc6c
12,universe,Healthy Leaf,0,Healthy Leaf_20241104_182155.jpg.jpg,Healthy Leaf/Healthy Leaf_20241104_182155.jpg.jpg,6fea227d54af9305e4d2019ffa5936e9199df443af771df6a554db326cd57c02
13,universe,Healthy Leaf,0,Healthy Leaf_20241104_182201.jpg.jpg,Healthy Leaf/Healthy Leaf_20241104_182201.jpg.jpg,d4065f12ea74284dd5a55647e5e9a296abd5412cc50494da11d3f6af9a3ca21d
14,universe,Healthy Leaf,0,Healthy Leaf_20241104_182221.jpg.jpg,Healthy Leaf/Healthy Leaf_20241104_182221.jpg.jpg,a0c6060487b5566846314ba6229150a09ec2183c8e4a87e6c2b83acbb4b5e0d9
15,universe,Healthy Leaf,0,Healthy Leaf_20241104_182223.jpg.jpg,Healthy Leaf/Healthy Leaf_20241104_182223.jpg.jpg,382c80add91fdc7cdf499ec7bba463fb3846658bab577b2f4608677710ad179c
16,universe,Healthy Leaf,0,Healthy Leaf_20241104_182226.jpg.jpg,Healthy Leaf/Healthy Leaf_20241104_182226.jpg.jpg,593880506eeac2ff8d6bcf03568456531e628aea3cf25d0264f191a63a67c362
17,universe,Healthy Leaf,0,Healthy Leaf_20241104_182230.jpg.jpg,Healthy Leaf/Healthy Leaf_20241104_182230.jpg.jpg,5e85a3e04f119076c6dc282722b82b5bca18f35308c6a8fbb9f73808faa5df82
18,universe,Healthy Leaf,0,Healthy Leaf_20241104_182240.jpg.jpg,Healthy Leaf/Healthy Leaf_20241104_182240.jpg.jpg,c8d933cddd2ceeae81da6d5971520b003f0fba082dcba63933ad76ac67c61a29
19,universe,Healthy Leaf,0,Healthy Leaf_20241104_182243.jpg.jpg,Healthy Leaf/Healthy Leaf_20241104_182243.jpg.jpg,c990ffbcc9f6a4edeea6c57dc26ea224c0c7591c743b964854ba035de24c89ed
20,universe,Healthy Leaf,0,Healthy Leaf_20241104_182253.jpg.jpg,Healthy Leaf/Healthy Leaf_20241104_182253.jpg.jpg,628a2a15f43c19ad16b76c863ef52b30dc7e3329116bdf8d5299f892ffa93a4e
21,universe,Healthy Leaf,0,Healthy Leaf_20241104_182305.jpg.jpg,Healthy Leaf/Healthy Leaf_20241104_182305.jpg.jpg,d49ab07f10bb79a48fa0a431fce69a16a0cd01940474b5976ad60630620492d9
22,universe,Healthy Leaf,0,Healthy Leaf_20241104_182308.jpg.jpg,Healthy Leaf/Healthy Leaf_20241104_182308.jpg.jpg,7d36f8e4dc738f0f26167f507dcb2087f29b74423f727ac205a37e930fafb8bc
23,universe,Healthy Leaf,0,Healthy Leaf_20241104_182311.jpg.jpg,Healthy Leaf/Healthy Leaf_20241104_182311.jpg.jpg,df9a0b20e3fb58a691fe9af1f1c6c4090d58510075284ea1a16a792772969c14
24,universe,Healthy Leaf,0,Healthy Leaf_20241104_182314.jpg.jpg,Healthy Leaf/Healthy Leaf_20241104_182314.jpg.jpg,354c25a22d9d29a7f7306565e60b28c440ae681d7bfca33eafe5f943a6bc1d4f
25,universe,Healthy Leaf,0,Healthy Leaf_20241104_182349.jpg.jpg,Healthy Leaf/Healthy Leaf_20241104_182349.jpg.jpg,33dca1d3f5f7793d3924d95f896b544ae01365c8d814a03911dc0c5616e18899
26,universe,Healthy Leaf,0,Healthy Leaf_20241104_182352.jpg.jpg,Healthy Leaf/Healthy Leaf_20241104_182352.jpg.jpg,80f9b81a438022da07577e73699ebd20eb0f22d734b1fae870565de82d71a4c5
27,universe,Healthy Leaf,0,Healthy Leaf_20241104_182354.jpg.jpg,Healthy Leaf/Healthy Leaf_20241104_182354.jpg.jpg,b549dcb9c7dca423001782c99e9b79da481ba0d2904be8acab5eb046c4decdb1
28,universe,Healthy Leaf,0,Healthy Leaf_20241104_182357.jpg.jpg,Healthy Leaf/Healthy Leaf_20241104_182357.jpg.jpg,ba87bb850f55d27ebf6f2983ae33e230116d85ba755b04f5ee75c188c5778ea6
29,universe,Healthy Leaf,0,Healthy Leaf_20241104_182422.jpg.jpg,Healthy Leaf/Healthy Leaf_20241104_182422.jpg.jpg,e87c40461d8c8ae45ac64c2729dc411eeb5273465bf1799695b165122fb876de
30,universe,Healthy Leaf,0,Healthy Leaf_20241104_182424.jpg.jpg,Healthy Leaf/Healthy Leaf_20241104_182424.jpg.jpg,23eaa2b467308e9360edf64c250b78464b7e38e1fd23f68cf5a3e0a6b430ea2f
31,universe,Healthy Leaf,0,Healthy Leaf_20241104_182427.jpg.jpg,Healthy Leaf/Healthy Leaf_20241104_182427.jpg.jpg,ec02c298db0bf2ff49bcc0df76ee455474f48aa9112d992477da749790f9f4d6
32,universe,Healthy Leaf,0,Healthy Leaf_20241104_182431.jpg.jpg,Healthy Leaf/Healthy Leaf_20241104_182431.jpg.jpg,ee33766b32e372d4f6b70cf9ec0b0f8a6e1463bb93319d4b7ff1711c320cda44
33,universe,Healthy Leaf,0,Healthy Leaf_20241104_182444.jpg.jpg,Healthy Leaf/Healthy Leaf_20241104_182444.jpg.jpg,16553192c93174ffd4cf32bca2b3ca759bc9fbca7a1235c94b2c9956e6a9b2c7
34,universe,Healthy Leaf,0,Healthy Leaf_20241104_182447.jpg.jpg,Healthy Leaf/Healthy Leaf_20241104_182447.jpg.jpg,779f8185e58f78b3694e1b1079dba5c37bbb093a0294e128e08f1f6240a277cd
35,universe,Healthy Leaf,0,Healthy Leaf_20241104_182450.jpg.jpg,Healthy Leaf/Healthy Leaf_20241104_182450.jpg.jpg,db46c9b4041a555e666e7f3279d720d68ffeef7d7dc1757238562cf2e418caa9
36,universe,Healthy Leaf,0,Healthy Leaf_20241104_182453.jpg.jpg,Healthy Leaf/Healthy Leaf_20241104_182453.jpg.jpg,630fc8bc6a3fd44ca83873ee405de31df1f38342cce8b6c12e7c289e17f6d858
37,universe,Healthy Leaf,0,Healthy Leaf_20241104_182505.jpg.jpg,Healthy Leaf/Healthy Leaf_20241104_182505.jpg.jpg,30f59acbb11dbb057e762c48a30b1f65c75093a6ea3f68c375828046fa41b652
38,universe,Healthy Leaf,0,Healthy Leaf_20241104_182507.jpg.jpg,Healthy Leaf/Healthy Leaf_20241104_182507.jpg.jpg,55d8baa64c4fef3782feb70f5029ccb82e6f7529d3ca61669802b849762dfa07
39,universe,Healthy Leaf,0,Healthy Leaf_20241104_182510.jpg.jpg,Healthy Leaf/Healthy Leaf_20241104_182510.jpg.jpg,f04f185d18c142374ea5c04337cdd2bb8b198b9c4e07703eecdfcbe10eee580b
40,universe,Healthy Leaf,0,Healthy Leaf_20241104_182533.jpg.jpg,Healthy Leaf/Healthy Leaf_20241104_182533.jpg.jpg,045156989805be6733257d723c3055cf2963c9852fbc176d78ae3a74ed87c253
41,universe,Healthy Leaf,0,Healthy Leaf_20241104_182539.jpg.jpg,Healthy Leaf/Healthy Leaf_20241104_182539.jpg.jpg,e1272ac94158d553ca3e254a038b13cf3d60580b6a52889f585d628d28287721
42,universe,Healthy Leaf,0,Healthy Leaf_20241104_182553.jpg.jpg,Healthy Leaf/Healthy Leaf_20241104_182553.jpg.jpg,cf24b6a8c24c84bcbb3d68cc0341580814d9d126cec70cad4d1ad82cc2d3b196
43,universe,Healthy Leaf,0,Healthy Leaf_20241104_182555.jpg.jpg,Healthy Leaf/Healthy Leaf_20241104_182555.jpg.jpg,24a6f0a9a6c2bfd1e216ba89abd1d5cbab1fda9cf9bc2ed69160289842191434
44,universe,Healthy Leaf,0,Healthy Leaf_20241104_182614.jpg.jpg,Healthy Leaf/Healthy Leaf_20241104_182614.jpg.jpg,7ed7e24d6150091fe9864f817f3085e467226cc9c37120e4cf8a659b095bea3a
45,universe,Healthy Leaf,0,Healthy Leaf_20241104_182618.jpg.jpg,Healthy Leaf/Healthy Leaf_20241104_182618.jpg.jpg,2b74b8532ca503a39be799a1da0e1d036b206b49723c5441bc5966cb632a1be2
46,universe,Healthy Leaf,0,Healthy Leaf_20241104_182621.jpg.jpg,Healthy Leaf/Healthy Leaf_20241104_182621.jpg.jpg,30bd8bd1323938cf41e57594ed07b83622cdb957588d5cd29c01103717df58e3
47,universe,Healthy Leaf,0,Healthy Leaf_20241104_182624.jpg.jpg,Healthy Leaf/Healthy Leaf_20241104_182624.jpg.jpg,78733be55eb6f54cd1ce7ed2ad3081202dbaec6bbff413aac8e081b2b8b055ab
48,universe,Healthy Leaf,0,Healthy Leaf_20241104_182631.jpg.jpg,Healthy Leaf/Healthy Leaf_20241104_182631.jpg.jpg,2d68290ae90118a9f0b24caa156a2add09e37829ee95b05d54a935f55f6dd14f
49,universe,Healthy Leaf,0,Healthy Leaf_20241104_182634.jpg.jpg,Healthy Leaf/Healthy Leaf_20241104_182634.jpg.jpg,2d07b2de11a3c0b4d2f774963e23db56af60dd52d844741457524285505a664f
50,universe,Healthy Leaf,0,Healthy Leaf_20241104_182637.jpg.jpg,Healthy Leaf/Healthy Leaf_20241104_182637.jpg.jpg,f70877451d42fbccc27b18bbb549a92c4fb9fa722f8c8a55619fa6feb11abcc7
51,universe,Healthy Leaf,0,Healthy Leaf_20241104_182648.jpg.jpg,Healthy Leaf/Healthy Leaf_20241104_182648.jpg.jpg,51b490f8453e37413ef06ceb4a2983d10168def625415bc10183e4e85b39aa7c
52,universe,Healthy Leaf,0,Healthy Leaf_20241104_182650.jpg.jpg,Healthy Leaf/Healthy Leaf_20241104_182650.jpg.jpg,94e2df592e67307f3bde44e349e27fc0a84673979548d5e91eaab800bfd6177f
53,universe,Healthy Leaf,0,Healthy Leaf_20241104_182653.jpg.jpg,Healthy Leaf/Healthy Leaf_20241104_182653.jpg.jpg,394bb741d1c9524f1d1213a0a7745b8e9f11c4c47257f15ba2f23812d41e22cd
54,universe,Healthy Leaf,0,Healthy Leaf_20241104_182657.jpg.jpg,Healthy Leaf/Healthy Leaf_20241104_182657.jpg.jpg,1d00372445fc0a1ae0a4038148d7efd7a7113ddf0a075ba46a1b9ff915f78e47
55,universe,Healthy Leaf,0,Healthy Leaf_20241104_182718.jpg.jpg,Healthy Leaf/Healthy Leaf_20241104_182718.jpg.jpg,1b7d6a68b86a1b973a5fdf1e8fb1f4149012d825033fec7fa8f356e5718a8cac
56,universe,Healthy Leaf,0,Healthy Leaf_20241104_182721.jpg.jpg,Healthy Leaf/Healthy Leaf_20241104_182721.jpg.jpg,5f9ea5cf242d99b74ba25c836ea812c428a300e7619b4daeebf820a305c3bcb8
57,universe,Healthy Leaf,0,Healthy Leaf_20241104_182745.jpg.jpg,Healthy Leaf/Healthy Leaf_20241104_182745.jpg.jpg,b7a9249effbbe431e48564ffcda9dd0b2c59d7cdbfb6a1ae3181e351561be675
58,universe,Healthy Leaf,0,Healthy Leaf_20241104_182748.jpg.jpg,Healthy Leaf/Healthy Leaf_20241104_182748.jpg.jpg,71070a04689ca656a978c4bf2980ef045f29a96cdf493915e57108b044e8aa6f
59,universe,Healthy Leaf,0,Healthy Leaf_20241104_182751.jpg.jpg,Healthy Leaf/Healthy Leaf_20241104_182751.jpg.jpg,279bc7f27ea44fec2b0bf80823f6263da4d5a9514fa848259cf2e707e13e0c40
60,universe,Healthy Leaf,0,Healthy Leaf_20241104_182753.jpg.jpg,Healthy Leaf/Healthy Leaf_20241104_182753.jpg.jpg,8aae396a6382a3b72b834bc78cae7d687383e6d494675294d542bc33a7346634
61,universe,Healthy Leaf,0,Healthy Leaf_20241104_182808.jpg.jpg,Healthy Leaf/Healthy Leaf_20241104_182808.jpg.jpg,f9cd35d8eaa2c5867dba59ec29aa188639c5b094b2b28ea5f40151f610023505
62,universe,Healthy Leaf,0,Healthy Leaf_20241104_182814.jpg.jpg,Healthy Leaf/Healthy Leaf_20241104_182814.jpg.jpg,7de99926d14e063a728701b75e3e545a3ce98e4926a2db8af676184774d505d4
63,universe,Healthy Leaf,0,Healthy Leaf_20241104_182822.jpg.jpg,Healthy Leaf/Healthy Leaf_20241104_182822.jpg.jpg,993ff6a09c54ad9f480e98bcdfd71afa482586770f3eefa0f5dd7bede8fac3db
64,universe,Healthy Leaf,0,Healthy Leaf_20241104_182825.jpg.jpg,Healthy Leaf/Healthy Leaf_20241104_182825.jpg.jpg,f658b748067fe154b75c60d728a43e8817a15667518c95d613d6246749a2cab6
65,universe,Healthy Leaf,0,Healthy Leaf_20241104_182828.jpg.jpg,Healthy Leaf/Healthy Leaf_20241104_182828.jpg.jpg,e849b084c2a5a2b7d1029e5972674e7700fc5e453bae25f284184d72f9f2e6d7
66,universe,Healthy Leaf,0,Healthy Leaf_20241104_182831.jpg.jpg,Healthy Leaf/Healthy Leaf_20241104_182831.jpg.jpg,0c2f68054b73093fbd61e5248ccd1023f7fd038f828290dc5050a074444578bb
67,universe,Healthy Leaf,0,Healthy Leaf_20241104_182901.jpg.jpg,Healthy Leaf/Healthy Leaf_20241104_182901.jpg.jpg,a1d53a9562454a6d97050117bd8024cc33b92afb54bac97746af3b889a6b58d6
68,universe,Healthy Leaf,0,Healthy Leaf_20241104_182904.jpg.jpg,Healthy Leaf/Healthy Leaf_20241104_182904.jpg.jpg,464f99a929ca7a8465be2ce0ca50497525c73ef9def6013295dace67d5aee4d1
69,universe,Healthy Leaf,0,Healthy Leaf_20241104_182907.jpg.jpg,Healthy Leaf/Healthy Leaf_20241104_182907.jpg.jpg,756e32da03d02d115a209c23fa954bb07469cfcd047a28c96cb34f566ed8ddfc
70,universe,Healthy Leaf,0,Healthy Leaf_20241104_182910.jpg.jpg,Healthy Leaf/Healthy Leaf_20241104_182910.jpg.jpg,613fae0bb305f0612629a8682a1a7167158d998b8ba6d796597a5e5d60de16ca
71,universe,Healthy Leaf,0,Healthy Leaf_20241104_183507.jpg.jpg,Healthy Leaf/Healthy Leaf_20241104_183507.jpg.jpg,8ba70e11b62054aadbba12ef209d46c8c8fb87fc1af51adad7ffcf214f288cbb
72,universe,Healthy Leaf,0,Healthy Leaf_20241104_183510.jpg.jpg,Healthy Leaf/Healthy Leaf_20241104_183510.jpg.jpg,ff5605a8bb83f08f514255219620593bb5d387037d2f480dbd1c2d225d91d0f2
73,universe,Healthy Leaf,0,Healthy Leaf_20241104_183513.jpg.jpg,Healthy Leaf/Healthy Leaf_20241104_183513.jpg.jpg,b67da9c5f79900f10ca6803d921776bebbefe4712d7e79bb70587148700e14f0
74,universe,Healthy Leaf,0,Healthy Leaf_20241104_183531.jpg.jpg,Healthy Leaf/Healthy Leaf_20241104_183531.jpg.jpg,ffb33d05bffb04342de7df5c1e3e2f3d06a81cc5dd6296ded52da383a1aeee68
75,universe,Healthy Leaf,0,Healthy Leaf_20241104_183534.jpg.jpg,Healthy Leaf/Healthy Leaf_20241104_183534.jpg.jpg,06128ee244199232ccfbf07b936049460b3cf2da6f37ba201034279eefed8575
76,universe,Healthy Leaf,0,Healthy Leaf_20241104_183537.jpg.jpg,Healthy Leaf/Healthy Leaf_20241104_183537.jpg.jpg,1298b4ba600ec070b4ea96f4414f2c5ec65a507c4b4fc0837847f07b2d508262
77,universe,Healthy Leaf,0,Healthy Leaf_20241104_183543.jpg.jpg,Healthy Leaf/Healthy Leaf_20241104_183543.jpg.jpg,67ab1db86ef2de6838a14f4b80e2c4118cc3c6c3859fc52f08f81a3862bceed0
78,universe,Healthy Leaf,0,Healthy Leaf_20241104_183546.jpg.jpg,Healthy Leaf/Healthy Leaf_20241104_183546.jpg.jpg,51a9f41d0c30c279a1b08558ace1c142b9a5c48da56d9d3cf3ad92d4f8797e9d
79,universe,Healthy Leaf,0,Healthy Leaf_20241104_183548.jpg.jpg,Healthy Leaf/Healthy Leaf_20241104_183548.jpg.jpg,563496e5364b97e3a2112af00e4cfb27828b72f3534a30215273de2ee2daf12f
80,universe,Healthy Leaf,0,Healthy Leaf_20241104_183551.jpg.jpg,Healthy Leaf/Healthy Leaf_20241104_183551.jpg.jpg,fe08ca3788aca6b96c44a0f042a553132ff3b7f827f2149fe1e487cb23ad65d9
81,universe,Healthy Leaf,0,Healthy Leaf_20241104_183609.jpg.jpg,Healthy Leaf/Healthy Leaf_20241104_183609.jpg.jpg,b8012b2a4730627e25c670cb426e58b99a9aeddf972720f561e9726244b1ccec
82,universe,Healthy Leaf,0,Healthy Leaf_20241104_183612.jpg.jpg,Healthy Leaf/Healthy Leaf_20241104_183612.jpg.jpg,2bffd1b06cbcc3b3d04cfeff880f5c331bc93227647b6245de8a34aa2b101d84
83,universe,Healthy Leaf,0,Healthy Leaf_20241104_183615.jpg.jpg,Healthy Leaf/Healthy Leaf_20241104_183615.jpg.jpg,552700cebe51c7b1aa8da9cd8ac41474d75cf696bb4857a75b11e1e381b4dd0c
84,universe,Healthy Leaf,0,Healthy Leaf_20241104_183618.jpg.jpg,Healthy Leaf/Healthy Leaf_20241104_183618.jpg.jpg,d782fffdfc719758570f2732cb54bc2cf5b29f7c046cee94b9f170f13cb5ba6d
85,universe,Healthy Leaf,0,Healthy Leaf_20241104_183625.jpg.jpg,Healthy Leaf/Healthy Leaf_20241104_183625.jpg.jpg,ad6f66b3b1e3bfe76dc67cd61300d2431e5d17e29a6b0c07c0eebdbacebcfc1b
86,universe,Healthy Leaf,0,Healthy Leaf_20241104_183627.jpg.jpg,Healthy Leaf/Healthy Leaf_20241104_183627.jpg.jpg,1ea27c83e71e145496da63a8476844a72fb859e4570a5765b7297e1b452d4d2b
87,universe,Healthy Leaf,0,Healthy Leaf_20241104_183630.jpg.jpg,Healthy Leaf/Healthy Leaf_20241104_183630.jpg.jpg,881b21913fc891a890124c0da44db15cec4f2910e273620d6292e46aeca42d39
88,universe,Healthy Leaf,0,Healthy Leaf_20241104_183632.jpg.jpg,Healthy Leaf/Healthy Leaf_20241104_183632.jpg.jpg,d80f1377c1386c503ecf3ce8d8548fa97e254170b85e256cd3856418802b3be5
89,universe,Healthy Leaf,0,Healthy Leaf_20241104_183636.jpg.jpg,Healthy Leaf/Healthy Leaf_20241104_183636.jpg.jpg,077f084eb11e25c026ddacb67f443df24df1ad6a8dba3002e04c30aa00463199
90,universe,Healthy Leaf,0,Healthy Leaf_20241104_183642.jpg.jpg,Healthy Leaf/Healthy Leaf_20241104_183642.jpg.jpg,86dcd09ba8cec0cbd703f961310c81a2890a3a13d4075216465bb2f91c105a47
91,universe,Healthy Leaf,0,Healthy Leaf_20241104_183644.jpg.jpg,Healthy Leaf/Healthy Leaf_20241104_183644.jpg.jpg,5e56a58f55ce9c27f0887b5c7ccf9bc54cf3aeb32abcedec2d91500987ea33dc
92,universe,Healthy Leaf,0,Healthy Leaf_20241104_183646.jpg.jpg,Healthy Leaf/Healthy Leaf_20241104_183646.jpg.jpg,e3114433478c9c4f159c75362586f160026ceb7e08026cdb8f48c65a49ad961b
93,universe,Healthy Leaf,0,Healthy Leaf_20241104_183650.jpg.jpg,Healthy Leaf/Healthy Leaf_20241104_183650.jpg.jpg,8739b7d6bab8690f539607b2bb2879682ef4dd8da2aa33f405b70b5e572419ad
94,universe,Healthy Leaf,0,Healthy Leaf_20241104_183722.jpg.jpg,Healthy Leaf/Healthy Leaf_20241104_183722.jpg.jpg,7e9fa7b668272897cb7a16a9e6b67fb7838145f4603e7accdd435e03fa4b850b
95,universe,Healthy Leaf,0,Healthy Leaf_20241104_183724.jpg.jpg,Healthy Leaf/Healthy Leaf_20241104_183724.jpg.jpg,968e6488be0ad1c75e58be1fbd9ac3c6c2cfbba9dd6ea65098de258d9a83f069
96,universe,Healthy Leaf,0,Healthy Leaf_20241104_183727.jpg.jpg,Healthy Leaf/Healthy Leaf_20241104_183727.jpg.jpg,4c15e927992ce8273c8e6d3f659d60f62ecd75aa8452b98bd1db3271d634eb0f
97,universe,Healthy Leaf,0,Healthy Leaf_20241104_183730.jpg.jpg,Healthy Leaf/Healthy Leaf_20241104_183730.jpg.jpg,24d12d969ce94cc18d85062272d1d47c950fc0e7a13c54caf2e77339891f9ccd
98,universe,Healthy Leaf,0,Healthy Leaf_20241104_183743.jpg.jpg,Healthy Leaf/Healthy Leaf_20241104_183743.jpg.jpg,cb52c10e37f918e92fed9667541eb6a196fcf6ddf14e9ceaacc60b44b6e7da69
99,universe,Healthy Leaf,0,Healthy Leaf_20241104_183748.jpg.jpg,Healthy Leaf/Healthy Leaf_20241104_183748.jpg.jpg,25fd9c3529f51a622a71b37dc99ae8675b2d4c929554befc5a02ad681c46c2b3
100,universe,Healthy Leaf,0,Healthy Leaf_20241104_183751.jpg.jpg,Healthy Leaf/Healthy Leaf_20241104_183751.jpg.jpg,3f036675713ede01428cc97eb542715d15f024f76a4b140b64443f61b8648a3a
101,universe,Healthy Leaf,0,Healthy Leaf_20241104_183805.jpg.jpg,Healthy Leaf/Healthy Leaf_20241104_183805.jpg.jpg,094e511621ebc01b27c733eeac9dc0bf7970d90ef925966fdbb65c6120572a98
102,universe,Healthy Leaf,0,Healthy Leaf_20241104_183807.jpg.jpg,Healthy Leaf/Healthy Leaf_20241104_183807.jpg.jpg,202d642f760b2fbff208c2d4e816353f0fcb162a0a29460c83da9a44a90f1321
103,universe,Healthy Leaf,0,Healthy Leaf_20241104_183809.jpg.jpg,Healthy Leaf/Healthy Leaf_20241104_183809.jpg.jpg,fd6bf464dab5ad9d94dc0630910a3ccc65e853f4c081b1f6103e49b8c43c0693
104,universe,Healthy Leaf,0,Healthy Leaf_20241104_183813.jpg.jpg,Healthy Leaf/Healthy Leaf_20241104_183813.jpg.jpg,581125616e5a655cb4ae5e3e59aa914bdb21e3e82ee5b6c90bec126d0536a3be
105,universe,Healthy Leaf,0,Healthy Leaf_20241104_183823.jpg.jpg,Healthy Leaf/Healthy Leaf_20241104_183823.jpg.jpg,008e386753307c7f8a0e65c2c263d066b9934c62e419c7051e436ee4aec0f2c4
106,universe,Healthy Leaf,0,Healthy Leaf_20241104_183825.jpg.jpg,Healthy Leaf/Healthy Leaf_20241104_183825.jpg.jpg,be5826396f39fbfeae5b15d29c129aba4b8798e46cf77e787745b7df4fb6bd14
107,universe,Healthy Leaf,0,Healthy Leaf_20241104_183828.jpg.jpg,Healthy Leaf/Healthy Leaf_20241104_183828.jpg.jpg,c0aa1490488635e7de490f9e1003dbfd10720301a26e53494f5e30d2b21500d3
108,universe,Healthy Leaf,0,Healthy Leaf_20241104_183831.jpg.jpg,Healthy Leaf/Healthy Leaf_20241104_183831.jpg.jpg,1e2535725e23c118294ab29e849227af89049ad34d51710e335b794b25d9a5ec
109,universe,Healthy Leaf,0,Healthy Leaf_20241104_183843.jpg.jpg,Healthy Leaf/Healthy Leaf_20241104_183843.jpg.jpg,8e6ae26f66941070d327b20ef008e39b3f3c9ce551d1fbc03a8d1a0d94cb9be8
110,universe,Healthy Leaf,0,Healthy Leaf_20241104_183846.jpg.jpg,Healthy Leaf/Healthy Leaf_20241104_183846.jpg.jpg,895c4ef88119f952613a18c841bef500103a0a6c85eea13449dc646b04bd4430
111,universe,Healthy Leaf,0,Healthy Leaf_20241104_183848.jpg.jpg,Healthy Leaf/Healthy Leaf_20241104_183848.jpg.jpg,c0e372a96c40c3aea12c66c2fb643834a985d357a8f732f38f6712756438a5b7
112,universe,Healthy Leaf,0,Healthy Leaf_20241104_183852.jpg.jpg,Healthy Leaf/Healthy Leaf_20241104_183852.jpg.jpg,ef27a6ce97e9beb66d252a30374217aab2f4cd2b168ad7231c90bfd8db50dab4
113,universe,Healthy Leaf,0,Healthy Leaf_20241104_183903.jpg.jpg,Healthy Leaf/Healthy Leaf_20241104_183903.jpg.jpg,7ee48e3cff2e069e0bedcfcc953befe13eea25c98c1e5c29bb3b4e560caad51f
114,universe,Healthy Leaf,0,Healthy Leaf_20241104_183907.jpg.jpg,Healthy Leaf/Healthy Leaf_20241104_183907.jpg.jpg,2bfc4dfea67284345b24b2d60473305967535fe09ba88351b3b59e3f83a4f643
115,universe,Healthy Leaf,0,Healthy Leaf_20241104_183921.jpg.jpg,Healthy Leaf/Healthy Leaf_20241104_183921.jpg.jpg,fd37fe0dd1e63a4a2205b6c270226fb61653ce5441c083c6f5701c15f278e807
116,universe,Healthy Leaf,0,Healthy Leaf_20241104_183926.jpg.jpg,Healthy Leaf/Healthy Leaf_20241104_183926.jpg.jpg,1a9c04cba0ebf6014583c793d556e87dde9db4a51b19f15be26db5fbb050b3f4
117,universe,Healthy Leaf,0,Healthy Leaf_20241104_183929.jpg.jpg,Healthy Leaf/Healthy Leaf_20241104_183929.jpg.jpg,35f7caa2b47199a57efe91b030a9cc68ad40510311b5e737b44c6f4ce766c5c9
118,universe,Healthy Leaf,0,Healthy Leaf_20241104_184112.jpg.jpg,Healthy Leaf/Healthy Leaf_20241104_184112.jpg.jpg,c7784b723bf733d9580c94531b7a1ce5c88199ed8f04e2f502563053d36644cf
119,universe,Healthy Leaf,0,Healthy Leaf_20241104_184114.jpg.jpg,Healthy Leaf/Healthy Leaf_20241104_184114.jpg.jpg,c4364db2164816f170b81763d11e2ccfea3877f319f5e7eb777ea0f7906be296
120,universe,Healthy Leaf,0,Healthy Leaf_20241104_184126.jpg.jpg,Healthy Leaf/Healthy Leaf_20241104_184126.jpg.jpg,1f3e44852e759b048cb9f038a56309fb9e344d428c4cade2c77fb0aad35544c7
121,universe,Healthy Leaf,0,Healthy Leaf_20241104_184129.jpg.jpg,Healthy Leaf/Healthy Leaf_20241104_184129.jpg.jpg,69517c4e8c8854fba70ef3a46f4b8e68013262f90c60064333dbcc63ff79e9d1
122,universe,Healthy Leaf,0,Healthy Leaf_20241104_184131.jpg.jpg,Healthy Leaf/Healthy Leaf_20241104_184131.jpg.jpg,2ec5620f034ff5ac1a73927662651e0549fcf29293f55486c2fa60d8084c7e97
123,universe,Healthy Leaf,0,Healthy Leaf_20241104_184134.jpg.jpg,Healthy Leaf/Healthy Leaf_20241104_184134.jpg.jpg,df5654e2a0d78066f2f0c518fd6ea8906de5770d5a1ab078458b929c26eab780
124,universe,Healthy Leaf,0,Healthy Leaf_20241104_184149.jpg.jpg,Healthy Leaf/Healthy Leaf_20241104_184149.jpg.jpg,01dec0b61128e3152dcafcd5831d9efb9b0851a17f57ff64c75d4c8f55380780
125,universe,Healthy Leaf,0,Healthy Leaf_20241104_184152.jpg.jpg,Healthy Leaf/Healthy Leaf_20241104_184152.jpg.jpg,6428b2198b2bdce4edc7566bff2afabccf12987522edd4535d5adea5c2b66a4d
126,universe,Healthy Leaf,0,Healthy Leaf_20241104_184213.jpg.jpg,Healthy Leaf/Healthy Leaf_20241104_184213.jpg.jpg,9d96f9e40312f554df4c7d188ce917ecc73abe6f4a4f64d98338b6fcb63460fe
127,universe,Healthy Leaf,0,Healthy Leaf_20241104_184216.jpg.jpg,Healthy Leaf/Healthy Leaf_20241104_184216.jpg.jpg,85d6416cc65b3b53fc81f2034ec959d22c1d7be348769357aad93b709543578c
128,universe,Healthy Leaf,0,Healthy Leaf_20241104_184219.jpg.jpg,Healthy Leaf/Healthy Leaf_20241104_184219.jpg.jpg,f333ec10054badf9ac1031ef83943592c3b06ccadfe8ce5bc4103931be1e39f7
129,universe,Healthy Leaf,0,Healthy Leaf_20241104_184222.jpg.jpg,Healthy Leaf/Healthy Leaf_20241104_184222.jpg.jpg,cb97e1f7f6fb9f1a64cee31e31a47125ad3fe4eb1b17cac270ebbdd315ba1b9d
130,universe,Healthy Leaf,0,Healthy Leaf_20241104_184304.jpg.jpg,Healthy Leaf/Healthy Leaf_20241104_184304.jpg.jpg,183a121bf7c70553b7dd83552ff9fa13f4e2758ced24e8c25115033f32a5855c
131,universe,Healthy Leaf,0,Healthy Leaf_20241104_184306.jpg.jpg,Healthy Leaf/Healthy Leaf_20241104_184306.jpg.jpg,5cc5f95203cf13e5d43d813eb78b47eae5d4239714ca63b421d4135945c2a62a
132,universe,Healthy Leaf,0,Healthy Leaf_20241104_184312.jpg.jpg,Healthy Leaf/Healthy Leaf_20241104_184312.jpg.jpg,de57d975a9f796ec384541ba291333415ab4e28515a84a9e5d52fcdade958c8c
133,universe,Healthy Leaf,0,Healthy Leaf_20241104_184328.jpg.jpg,Healthy Leaf/Healthy Leaf_20241104_184328.jpg.jpg,f55e6db9beedec1d5d3de347407909cdd047bc31c9b27942ab7c994a06b2e2a9
134,universe,Healthy Leaf,0,Healthy Leaf_20241104_184332.jpg.jpg,Healthy Leaf/Healthy Leaf_20241104_184332.jpg.jpg,045056321da33843260b3b44636abe675907e9a12d3b4792921dbd0b01702708
135,universe,Healthy Leaf,0,Healthy Leaf_20241104_184337.jpg.jpg,Healthy Leaf/Healthy Leaf_20241104_184337.jpg.jpg,eb3f91e63b6419bdfc0a6f641dbd26891561b5641fca91b000bdea4f0ac53057
136,universe,Healthy Leaf,0,Healthy Leaf_20241104_184344.jpg.jpg,Healthy Leaf/Healthy Leaf_20241104_184344.jpg.jpg,8ab73a8c2dff3e88f165aa0b2d4fcce087a99fef140ede1e0eee098c7e3d34ea
137,universe,Healthy Leaf,0,Healthy Leaf_20241104_184346.jpg.jpg,Healthy Leaf/Healthy Leaf_20241104_184346.jpg.jpg,f494b66aecdc279a932094d20a2182e75c9c2e5a434b6760814e4d28211d3ca7
138,universe,Healthy Leaf,0,Healthy Leaf_20241104_184349.jpg.jpg,Healthy Leaf/Healthy Leaf_20241104_184349.jpg.jpg,babb0607f776cefb0c076e730c8c0d0aa074bd5ecc2a626c600a1bf838e55498
139,universe,Healthy Leaf,0,Healthy Leaf_20241104_184352.jpg.jpg,Healthy Leaf/Healthy Leaf_20241104_184352.jpg.jpg,beeeb774f7ada6e361e6711c1502c3281b4f936ae5de9be6d110e2f57b4b7403
140,universe,Healthy Leaf,0,Healthy Leaf_20241104_184406.jpg.jpg,Healthy Leaf/Healthy Leaf_20241104_184406.jpg.jpg,c2cc8bcb665a695b905c52de5fd8bdae3a1d8983d3ab809a578c2b4f1a02ca13
141,universe,Healthy Leaf,0,Healthy Leaf_20241104_184411.jpg.jpg,Healthy Leaf/Healthy Leaf_20241104_184411.jpg.jpg,a2dafe3a7163cbf3b673001a4b604b66f2205caf48543cdc565f4b7f154ad759
142,universe,Healthy Leaf,0,Healthy Leaf_20241104_184415.jpg.jpg,Healthy Leaf/Healthy Leaf_20241104_184415.jpg.jpg,a4d0c32864f979330b405386e71fde8298ad53d8e08ad0a86b0c20d7c198175d
143,universe,Healthy Leaf,0,Healthy Leaf_20241104_184450.jpg.jpg,Healthy Leaf/Healthy Leaf_20241104_184450.jpg.jpg,6027be6a47f0b6ea4049d1672b87cd7848f7ce8f5f159d57b8979f1e2d9adc92
144,universe,Healthy Leaf,0,Healthy Leaf_20241104_184452.jpg.jpg,Healthy Leaf/Healthy Leaf_20241104_184452.jpg.jpg,24689b5f57f2d5f274f1393e6c0dac756dd89613774899a800900c60c02f123a
145,universe,Healthy Leaf,0,Healthy Leaf_20241104_184456.jpg.jpg,Healthy Leaf/Healthy Leaf_20241104_184456.jpg.jpg,785d3f5e225c30cd921f443db3b05f3ea43332425ce6de8e051c68add617fe06
146,universe,Healthy Leaf,0,Healthy Leaf_20241104_184459.jpg.jpg,Healthy Leaf/Healthy Leaf_20241104_184459.jpg.jpg,b33612d95cadb83c61671b5d5e34b38b1fdddc348329fe33ba65f947d37ec537
147,universe,Healthy Leaf,0,Healthy Leaf_20241104_184507.jpg.jpg,Healthy Leaf/Healthy Leaf_20241104_184507.jpg.jpg,ac3e37345519652108c2475ba628f100eb4fbe66077523d304064b68625ac96d
148,universe,Healthy Leaf,0,Healthy Leaf_20241104_184509.jpg.jpg,Healthy Leaf/Healthy Leaf_20241104_184509.jpg.jpg,5bb9b083b371138e9f1a30b7409087b74938ba3b9e902a276a8c7b076c6ce245
149,universe,Healthy Leaf,0,Healthy Leaf_20241104_184512.jpg.jpg,Healthy Leaf/Healthy Leaf_20241104_184512.jpg.jpg,39ccbaa2e317c1f48837d8469e307a863eae4783e3abb856131786a762c320a0
150,universe,Healthy Leaf,0,Healthy Leaf_20241104_184515.jpg.jpg,Healthy Leaf/Healthy Leaf_20241104_184515.jpg.jpg,325ce2b7eddc4551339c189f8ad594d07fefd49ee5ca97c5e6d951a5c854ebd9
151,universe,Healthy Leaf,0,Healthy Leaf_20241104_184543.jpg.jpg,Healthy Leaf/Healthy Leaf_20241104_184543.jpg.jpg,02ff13b15f3b990e3a8eafc34df60f1902debcb7b7fc1d96b354ca8789a91511
152,universe,Healthy Leaf,0,Healthy Leaf_20241104_184548.jpg.jpg,Healthy Leaf/Healthy Leaf_20241104_184548.jpg.jpg,47bd01877f21d72ca607b3902165baf73920f50c1d350e492e3cbdd6e87d5f95
153,universe,Healthy Leaf,0,Healthy Leaf_20241104_184551.jpg.jpg,Healthy Leaf/Healthy Leaf_20241104_184551.jpg.jpg,95f4a2589496ee7cc605fce83935d44636e9c96f385c444f2696511c7ac64be2
154,universe,Healthy Leaf,0,Healthy Leaf_20241104_184559.jpg.jpg,Healthy Leaf/Healthy Leaf_20241104_184559.jpg.jpg,d940fb139f0927ffbd23e6ad845a6d22b584066a78cc1cc1dad38c87cf2f40d3
155,universe,Healthy Leaf,0,Healthy Leaf_20241104_184602.jpg.jpg,Healthy Leaf/Healthy Leaf_20241104_184602.jpg.jpg,04c0d94fa99bc0beae7be261dd0badc14b555dece03e93f844a3223fe7cdedb1
156,universe,Healthy Leaf,0,Healthy Leaf_20241104_184607.jpg.jpg,Healthy Leaf/Healthy Leaf_20241104_184607.jpg.jpg,8f95482088599f19002e8f7d137694ee3a389f9f4b7a59d188aea393c9a2a6bf
157,universe,Healthy Leaf,0,Healthy Leaf_20241104_190127.jpg.jpg,Healthy Leaf/Healthy Leaf_20241104_190127.jpg.jpg,0a6c8654d06beece76796b04c7ae46f9c01ae6d23818a2cc05ddaec29a84ac76
158,universe,Healthy Leaf,0,Healthy Leaf_20241104_190129.jpg.jpg,Healthy Leaf/Healthy Leaf_20241104_190129.jpg.jpg,bff1e807b607f5b6bedf9dcc35eb72e21f90f7d725dff7dbda9a172e3c5bf58e
159,universe,Healthy Leaf,0,Healthy Leaf_20241104_190132.jpg.jpg,Healthy Leaf/Healthy Leaf_20241104_190132.jpg.jpg,55b5c967f23e0a51a97aff1d48388a6cbb289f0863733ed0d631aed0dbec334b
160,universe,Healthy Leaf,0,Healthy Leaf_20241104_190135.jpg.jpg,Healthy Leaf/Healthy Leaf_20241104_190135.jpg.jpg,7d5841137449c89fd818740500293a8f9eb073ef37536219aaaa0d592f2e9b4a
161,universe,Healthy Leaf,0,Healthy Leaf_20241104_190146.jpg.jpg,Healthy Leaf/Healthy Leaf_20241104_190146.jpg.jpg,61211d6a0752233cd72f2e74a4db8afdc6ab0533fc0967ea5e666d91100910ab
162,universe,Healthy Leaf,0,Healthy Leaf_20241104_190152.jpg.jpg,Healthy Leaf/Healthy Leaf_20241104_190152.jpg.jpg,afb62eb69ad59d97cbc9678ca5def8686d6af57e4847182a21b461ba29c4675d
163,universe,Healthy Leaf,0,Healthy Leaf_20241104_190155.jpg.jpg,Healthy Leaf/Healthy Leaf_20241104_190155.jpg.jpg,52cf45175f0208b5653f47ac248793d2152dad4818e621d6ce691920b166bce4
164,universe,Healthy Leaf,0,Healthy Leaf_20241104_190211.jpg.jpg,Healthy Leaf/Healthy Leaf_20241104_190211.jpg.jpg,80091939e0e72bcda7ac01d6d1a7f0b11164d4c8ca080e39b68cd3bb4022fbea
165,universe,Healthy Leaf,0,Healthy Leaf_20241104_190213.jpg.jpg,Healthy Leaf/Healthy Leaf_20241104_190213.jpg.jpg,dd642ff6305dd8ab309582bc0b8746050f4ec198139da86892c7f651a1025021
166,universe,Healthy Leaf,0,Healthy Leaf_20241104_190216.jpg.jpg,Healthy Leaf/Healthy Leaf_20241104_190216.jpg.jpg,e7aaf69a229845e13eefe1bab5f927714d82949193951bd8a488d64571dbddc5
167,universe,Healthy Leaf,0,Healthy Leaf_20241104_190219.jpg.jpg,Healthy Leaf/Healthy Leaf_20241104_190219.jpg.jpg,1d438f6cef5b82d06fdddc462279ebbea32b7388409b3f791448d7d27c0b68a2
168,universe,Healthy Leaf,0,Healthy Leaf_20241104_190234.jpg.jpg,Healthy Leaf/Healthy Leaf_20241104_190234.jpg.jpg,702daab4419d35073baa4dbc93583c5f562a2f6051b6805f24b2d9b3f0d034a9
169,universe,Healthy Leaf,0,Healthy Leaf_20241104_190237.jpg.jpg,Healthy Leaf/Healthy Leaf_20241104_190237.jpg.jpg,73e8b2c4367bbab1b6726f2e5245938712c86d7efc389b5c02970993cb734ae3
170,universe,Healthy Leaf,0,Healthy Leaf_20241104_190239.jpg.jpg,Healthy Leaf/Healthy Leaf_20241104_190239.jpg.jpg,e46138e6a706a071e68825974244a294f8a0f16cfb54ba72102372c0991d4234
171,universe,Healthy Leaf,0,Healthy Leaf_20241104_190243.jpg.jpg,Healthy Leaf/Healthy Leaf_20241104_190243.jpg.jpg,b69ca51e1ec9be369c413a2390979c05de7a1746fe7b3982fb815f346c3cd648
172,universe,Healthy Leaf,0,Healthy Leaf_20241104_190254.jpg.jpg,Healthy Leaf/Healthy Leaf_20241104_190254.jpg.jpg,a987049bb272d5be447609f1ec601af8a291ac22a2b2d18ec1f5acc72ab62a81
173,universe,Healthy Leaf,0,Healthy Leaf_20241104_190259.jpg.jpg,Healthy Leaf/Healthy Leaf_20241104_190259.jpg.jpg,2b2c2c8387017ecb131f7dbcf6de173d6ec9b027c820946c998850c53c6d142c
174,universe,Healthy Leaf,0,Healthy Leaf_20241104_190303.jpg.jpg,Healthy Leaf/Healthy Leaf_20241104_190303.jpg.jpg,f8569a077b66c19a7756c83fac67940fa8aa3ebf69d8158eb1df9440223e7bc4
175,universe,Healthy Leaf,0,Healthy Leaf_20241104_190313.jpg.jpg,Healthy Leaf/Healthy Leaf_20241104_190313.jpg.jpg,96a46eb0786b5cf160a154fbce348aeafd82b7799fded6de43e36acbdd307bfc
176,universe,Healthy Leaf,0,Healthy Leaf_20241104_190315.jpg.jpg,Healthy Leaf/Healthy Leaf_20241104_190315.jpg.jpg,26601c707de504b6a0e6c6a0d1f7671dfcd33f2a4c0aa27c36c4fcdbd8ddd41c
177,universe,Healthy Leaf,0,Healthy Leaf_20241104_190317.jpg.jpg,Healthy Leaf/Healthy Leaf_20241104_190317.jpg.jpg,05f95f04dd74896da32254768a8af72452cde9cf5e76c8662cc3e98f3a1f64e3
178,universe,Healthy Leaf,0,Healthy Leaf_20241104_190321.jpg.jpg,Healthy Leaf/Healthy Leaf_20241104_190321.jpg.jpg,966c4eda67a0b88c1d2272975354463e4a2a9f4a176274563e1c1bb022275455
179,universe,Healthy Leaf,0,Healthy Leaf_20241104_190329.jpg.jpg,Healthy Leaf/Healthy Leaf_20241104_190329.jpg.jpg,bdcd1debf0161f064327d4695902ac9cc6bda5d79c61a83727569f17f29c04d8
180,universe,Healthy Leaf,0,Healthy Leaf_20241104_190331.jpg.jpg,Healthy Leaf/Healthy Leaf_20241104_190331.jpg.jpg,5b3dd6108a1c6fbbb436a08ca3abb1e6d21da602f61696515e0f88292ba468ff
181,universe,Healthy Leaf,0,Healthy Leaf_20241104_190334.jpg.jpg,Healthy Leaf/Healthy Leaf_20241104_190334.jpg.jpg,a0dbcefcf83a56ea6459d49bdd35e56a5049886af014891e51ca3901a5e841a2
182,universe,Healthy Leaf,0,Healthy Leaf_20241104_190337.jpg.jpg,Healthy Leaf/Healthy Leaf_20241104_190337.jpg.jpg,b85f8f97536eb6a75d4e9501677335a2ea3dc15710ef6f5a2253fb611f4dc64b
183,universe,Healthy Leaf,0,Healthy Leaf_20241104_190341.jpg.jpg,Healthy Leaf/Healthy Leaf_20241104_190341.jpg.jpg,26895d41897405e41c4174e77814e2a4db7930b8ed5dfd27a8f0f675b17da976
184,universe,Healthy Leaf,0,Healthy Leaf_20241104_190352.jpg.jpg,Healthy Leaf/Healthy Leaf_20241104_190352.jpg.jpg,6711ad3a8297cf5172848c06f64cababb71c51cc44db1a3576df8565aa70b930
185,universe,Healthy Leaf,0,Healthy Leaf_20241104_190354.jpg.jpg,Healthy Leaf/Healthy Leaf_20241104_190354.jpg.jpg,56e31c8fb59bd9df87563a142d2cfc439e39343b85cc3e591f63bf401121ad3b
186,universe,Healthy Leaf,0,Healthy Leaf_20241104_190400.jpg.jpg,Healthy Leaf/Healthy Leaf_20241104_190400.jpg.jpg,48da28bad73333d510156aa24a21d1627a38e0b41577d4c9acdaf60355c11793
187,universe,Healthy Leaf,0,Healthy Leaf_20241104_190419.jpg.jpg,Healthy Leaf/Healthy Leaf_20241104_190419.jpg.jpg,e17d2547d7ec49e0b58537710bb3ebf2aa997b1d26e0c234fbb8e2e5f7d14821
188,universe,Healthy Leaf,0,Healthy Leaf_20241104_190425.jpg.jpg,Healthy Leaf/Healthy Leaf_20241104_190425.jpg.jpg,23a1a668e195c7c7fbfe349bdea3556925896c258dbc5ce55bf596062469d66a
189,universe,Healthy Leaf,0,Healthy Leaf_20241104_190449.jpg.jpg,Healthy Leaf/Healthy Leaf_20241104_190449.jpg.jpg,1cf02f7e3df0cef395795d36d0330da29c7e9369318e88d99923dc8008eaad2d
190,universe,Healthy Leaf,0,Healthy Leaf_20241104_190454.jpg.jpg,Healthy Leaf/Healthy Leaf_20241104_190454.jpg.jpg,87eb3cb4ad18ddc2aa421bb749cf61df5e6150457f628c31e1bd2e01b7225194
191,universe,Healthy Leaf,0,Healthy Leaf_20241104_190457.jpg.jpg,Healthy Leaf/Healthy Leaf_20241104_190457.jpg.jpg,b59348d3ded754e2571e9e12d61cf409b647bb80c98f89353fb4abd58ca5f037
192,universe,Healthy Leaf,0,Healthy Leaf_20241104_190508.jpg.jpg,Healthy Leaf/Healthy Leaf_20241104_190508.jpg.jpg,bb23beed4fca228fd106c6eb9576e48a81896e6f6a1ec4f3c97f7e59f01f47b8
193,universe,Healthy Leaf,0,Healthy Leaf_20241104_190511.jpg.jpg,Healthy Leaf/Healthy Leaf_20241104_190511.jpg.jpg,7856bcdc3ce075396343c0bb7c29bdde10aed16e3e6feff7c40d8ac1b27a6952
194,universe,Healthy Leaf,0,Healthy Leaf_20241104_190514.jpg.jpg,Healthy Leaf/Healthy Leaf_20241104_190514.jpg.jpg,d4cda16f3cfaed24df0921cda6ca598c56361112f11189c0e0d72165387d7e76
195,universe,Healthy Leaf,0,Healthy Leaf_20241104_190517.jpg.jpg,Healthy Leaf/Healthy Leaf_20241104_190517.jpg.jpg,d87ce48ee26e319e2e974bc73766a08c0fd592a75394f69ef9aaa79b2da83f31
196,universe,Healthy Leaf,0,Healthy Leaf_20241104_190534.jpg.jpg,Healthy Leaf/Healthy Leaf_20241104_190534.jpg.jpg,9b23c513da622c5a2e5f21c12429072c4b3eba33d4637d5d58ec6b7045c241af
197,universe,Healthy Leaf,0,Healthy Leaf_20241104_190539.jpg.jpg,Healthy Leaf/Healthy Leaf_20241104_190539.jpg.jpg,6076875b13f451313da50afc6bf3d0a5cf7df6f610c051e447608ce646860b86
198,universe,Healthy Leaf,0,Healthy Leaf_20241104_190542.jpg.jpg,Healthy Leaf/Healthy Leaf_20241104_190542.jpg.jpg,44133f67c876ac182524b25a62aecd1b2f7709304cae6beb79c086bf586b4eb6
199,universe,Healthy Leaf,0,Healthy Leaf_20241104_190606.jpg.jpg,Healthy Leaf/Healthy Leaf_20241104_190606.jpg.jpg,bd6709492ab363a13aabefa972a5e51e28af7757bf60bdba943d813f2d011187
200,universe,Healthy Leaf,0,Healthy Leaf_20241104_190608.jpg.jpg,Healthy Leaf/Healthy Leaf_20241104_190608.jpg.jpg,c6b1b13ea3d9f1edbca850206b932a0834060e727c961f9c19a845b8f390da81
201,universe,Healthy Leaf,0,Healthy Leaf_20241104_190614.jpg.jpg,Healthy Leaf/Healthy Leaf_20241104_190614.jpg.jpg,6c40b7e0e9403e19fdb7bf9358b5b5cdcdeca9025e54b056bde6d54e0ff26eb8
202,universe,Healthy Leaf,0,Healthy Leaf_20241104_190625.jpg.jpg,Healthy Leaf/Healthy Leaf_20241104_190625.jpg.jpg,9561f439799f7bae02990495b29cfec24285eb11b43e1c081c28b1468fe192d6
203,universe,Healthy Leaf,0,Healthy Leaf_20241104_190627.jpg.jpg,Healthy Leaf/Healthy Leaf_20241104_190627.jpg.jpg,96cdb43de0fa6f7f131791beae5450c3b8be32b2dfe5afbd13b4a3a293a4aadd
204,universe,Healthy Leaf,0,Healthy Leaf_20241104_190633.jpg.jpg,Healthy Leaf/Healthy Leaf_20241104_190633.jpg.jpg,a260acbcee337b81a868f0a02ea3551f67642f14dca787080ad9678878c31459
205,universe,Healthy Leaf,0,Healthy Leaf_20241104_190648.jpg.jpg,Healthy Leaf/Healthy Leaf_20241104_190648.jpg.jpg,565227ab4f6303f7f6cd50273027599f617ec2c85a0b1e232640e20b7e1c3d2b
206,universe,Healthy Leaf,0,Healthy Leaf_20241104_190650.jpg.jpg,Healthy Leaf/Healthy Leaf_20241104_190650.jpg.jpg,4e3350c6abbca2dcc37cf04f0f1d77c4782c60f4b3797d7c051cf9f2cc6924c1
207,universe,Healthy Leaf,0,Healthy Leaf_20241104_190653.jpg.jpg,Healthy Leaf/Healthy Leaf_20241104_190653.jpg.jpg,fbe6e2da995c51c5090cc546c8babd8b4497f6e8b7f66a034c543765ad100dff
208,universe,Healthy Leaf,0,Healthy Leaf_20241104_190656.jpg.jpg,Healthy Leaf/Healthy Leaf_20241104_190656.jpg.jpg,eb886708f6e34b6565d4b60690243c8f2efbceaf4c6b2d73e424e0e94e01d444
209,universe,Healthy Leaf,0,Healthy Leaf_20241104_190723.jpg.jpg,Healthy Leaf/Healthy Leaf_20241104_190723.jpg.jpg,b6b198f189e16d776f76614f9c24cc05a5d3c665422f8f41b18c711932e34e67
210,universe,Healthy Leaf,0,Healthy Leaf_20241104_190731.jpg.jpg,Healthy Leaf/Healthy Leaf_20241104_190731.jpg.jpg,ffb696fd496bbbf943d3a1942f6cf8e62b9a672f900e7cfde01005d382f09944
211,universe,Healthy Leaf,0,Healthy Leaf_20241104_190745.jpg.jpg,Healthy Leaf/Healthy Leaf_20241104_190745.jpg.jpg,de98949d19c6e6f95436df20dd39acb71f182709ae50f0514507d440b7c439e8
212,universe,Healthy Leaf,0,Healthy Leaf_20241104_190755.jpg.jpg,Healthy Leaf/Healthy Leaf_20241104_190755.jpg.jpg,0da70f48c29609b98238f85ab10789e147ff2eb8fdbd3950337dd4095eb75cb1
213,universe,Healthy Leaf,0,Healthy Leaf_20241104_190759.jpg.jpg,Healthy Leaf/Healthy Leaf_20241104_190759.jpg.jpg,f9262b7cd718f359f49ef5a9cadae52d244f86ca20fed323af8850d449880a43
214,universe,Healthy Leaf,0,Healthy Leaf_20241104_190808.jpg.jpg,Healthy Leaf/Healthy Leaf_20241104_190808.jpg.jpg,650ec8e7161b6b09670a6714559d8ab1274ab4dfe3f2f4ca9f6afa482e0971f0
215,universe,Healthy Leaf,0,Healthy Leaf_20241104_190810.jpg.jpg,Healthy Leaf/Healthy Leaf_20241104_190810.jpg.jpg,0c2ffe3fe205e61731a92944e8a2216b8b3fae3ed467fb50da2707344915ca48
216,universe,Healthy Leaf,0,Healthy Leaf_20241104_190813.jpg.jpg,Healthy Leaf/Healthy Leaf_20241104_190813.jpg.jpg,267369bd929d226afe581faf7f8813ef9a5d1a0bf0ca0d61a1f7a531a3f0352f
217,universe,Healthy Leaf,0,Healthy Leaf_20241104_190816.jpg.jpg,Healthy Leaf/Healthy Leaf_20241104_190816.jpg.jpg,c32e5f1299eac2db1c9ff7679270d7611b5175c06692b5963dea3054e538d214
218,universe,Healthy Leaf,0,Healthy Leaf_20241104_190823.jpg.jpg,Healthy Leaf/Healthy Leaf_20241104_190823.jpg.jpg,d817645e8e6420c099750b644e0e36c58ced576b6ed991a6a91cd909f9609da6
219,universe,Healthy Leaf,0,Healthy Leaf_20241104_190825.jpg.jpg,Healthy Leaf/Healthy Leaf_20241104_190825.jpg.jpg,542f90772429102fb1764c932e953c4b496fb08a5eb2a30c00fe4a66c8f8c23c
220,universe,Healthy Leaf,0,Healthy Leaf_20241104_190828.jpg.jpg,Healthy Leaf/Healthy Leaf_20241104_190828.jpg.jpg,ee4c7472ec0ba98df3be6a4ab549ed6c2de58c9c27582d040e4c26dfc2caae10
221,universe,Healthy Leaf,0,Healthy Leaf_20241104_190831.jpg.jpg,Healthy Leaf/Healthy Leaf_20241104_190831.jpg.jpg,1d3aed73e94f36ad1403d6f33fac66e398f634bc8644d484539c98aeb9288f78
222,universe,Healthy Leaf,0,Healthy Leaf_20241104_190845.jpg.jpg,Healthy Leaf/Healthy Leaf_20241104_190845.jpg.jpg,a739b46a9a7c3833e92c9c3443cca0aa82233502b4bd5d243400043e0f6bd35a
223,universe,Healthy Leaf,0,Healthy Leaf_20241104_190847.jpg.jpg,Healthy Leaf/Healthy Leaf_20241104_190847.jpg.jpg,ed36458a0c699aa0ea8d007181cd2f254982c95ddcba6e3e0f78a5a35331cac4
224,universe,Healthy Leaf,0,Healthy Leaf_20241104_190850.jpg.jpg,Healthy Leaf/Healthy Leaf_20241104_190850.jpg.jpg,a46244f77997f163d3d2381cc660f26d25c06da56534067c51eb8c68647ce8f1
225,universe,Healthy Leaf,0,Healthy Leaf_20241104_190854.jpg.jpg,Healthy Leaf/Healthy Leaf_20241104_190854.jpg.jpg,ecba393be3702121ea557c84866f26dd98f02ef35b010db554c5bfd2416bb383
226,universe,Healthy Leaf,0,Healthy Leaf_20241104_190904.jpg.jpg,Healthy Leaf/Healthy Leaf_20241104_190904.jpg.jpg,945aa80dd0f38c8fd56e5adcd7f30d24183e09ea60d9a023b15965520d93e9c7
227,universe,Healthy Leaf,0,Healthy Leaf_20241104_190908.jpg.jpg,Healthy Leaf/Healthy Leaf_20241104_190908.jpg.jpg,30e8948266cf099f748d8b53a3d6310ff2d928ebdd76342e17b6a6f42775bfe3
228,universe,Healthy Leaf,0,Healthy Leaf_20241104_190912.jpg.jpg,Healthy Leaf/Healthy Leaf_20241104_190912.jpg.jpg,9cea817d34987fc7d18cd8ebbf5bccd23ceb9c45b7137c1037e7d35988bd090c
229,universe,Healthy Leaf,0,Healthy Leaf_20241104_190918.jpg.jpg,Healthy Leaf/Healthy Leaf_20241104_190918.jpg.jpg,b38450f34dc9833e86837c9dfbd0747d334bc2dc4c8958e40397563421b5fb70
230,universe,Healthy Leaf,0,Healthy Leaf_20241104_190921.jpg.jpg,Healthy Leaf/Healthy Leaf_20241104_190921.jpg.jpg,248bba770bbd113912f3a6861d7d83faac2336fe52c00803b0df4c01f080dc71
231,universe,Healthy Leaf,0,Healthy Leaf_20241104_190923.jpg.jpg,Healthy Leaf/Healthy Leaf_20241104_190923.jpg.jpg,e695eaa13b0805fd5b61340a704eef0c1274e9789ce8a6d690583c886b7e0d0a
232,universe,Healthy Leaf,0,Healthy Leaf_20241104_190927.jpg.jpg,Healthy Leaf/Healthy Leaf_20241104_190927.jpg.jpg,5595255fd38bdca6779fd3521155c582264d2f55e2589518c1ee5a2f13b4549f
233,universe,Healthy Leaf,0,Healthy Leaf_20241104_190936.jpg.jpg,Healthy Leaf/Healthy Leaf_20241104_190936.jpg.jpg,449a2b09ab58944e76a56787fc37c35160a85c574464ee27f39f755415363fc1
234,universe,Healthy Leaf,0,Healthy Leaf_20241104_190939.jpg.jpg,Healthy Leaf/Healthy Leaf_20241104_190939.jpg.jpg,a5e7efc4eca26b80bb466f6f8e52cf4b5406dce59f2492e7396c1f9a2e39e2d4
235,universe,Healthy Leaf,0,Healthy Leaf_20241104_190943.jpg.jpg,Healthy Leaf/Healthy Leaf_20241104_190943.jpg.jpg,fbdce6e8af3d36793c2f58026dd3696ee165e94e2de29f205e21e247608a70fc
236,universe,Healthy Leaf,0,Healthy Leaf_20241104_190948.jpg.jpg,Healthy Leaf/Healthy Leaf_20241104_190948.jpg.jpg,9a20c8c100350a8533fe4d272ee54ca37dd92cf9f0a82c25b62441fb4b89f00c
237,universe,Healthy Leaf,0,Healthy Leaf_20241104_190950.jpg.jpg,Healthy Leaf/Healthy Leaf_20241104_190950.jpg.jpg,fee64f31b29547bf66e38638d6a39b70b8673ed20a914d5a0953e4cf5231ec6c
238,universe,Healthy Leaf,0,Healthy Leaf_20241104_190953.jpg.jpg,Healthy Leaf/Healthy Leaf_20241104_190953.jpg.jpg,7981036f5fb9f282f3b8a00f1e1f69d52d703ae84a1ce8105e742691c1239584
239,universe,Healthy Leaf,0,Healthy Leaf_20241104_190956.jpg.jpg,Healthy Leaf/Healthy Leaf_20241104_190956.jpg.jpg,c819c74b017e223bd024aadeb6a511f486e6867adb59bb7718162cb2fed58290
240,universe,Healthy Leaf,0,Healthy Leaf_20241104_191014.jpg.jpg,Healthy Leaf/Healthy Leaf_20241104_191014.jpg.jpg,8eca0f9f059bc679881a956a3ebdd946a9d8c2b58d9872b9de31d877e26581a5
241,universe,Healthy Leaf,0,Healthy Leaf_20241104_191019.jpg.jpg,Healthy Leaf/Healthy Leaf_20241104_191019.jpg.jpg,b9a9c7b4cef0ee2e779e62762b9be25d79de9cdd38097fbf86dde4c97a7e894b
242,universe,Healthy Leaf,0,Healthy Leaf_20241104_191023.jpg.jpg,Healthy Leaf/Healthy Leaf_20241104_191023.jpg.jpg,e119bbf0f2e759c1be0fba3dc7a75dffc9e44158bed3f692ef485fdd8d786d81
243,universe,Healthy Leaf,0,Healthy Leaf_20241104_191048.jpg.jpg,Healthy Leaf/Healthy Leaf_20241104_191048.jpg.jpg,97fbe23197c88649d401198cb58898b2c44cd8935e231f4cfd98b072feea8b0c
244,universe,Healthy Leaf,0,Healthy Leaf_20241104_191051.jpg.jpg,Healthy Leaf/Healthy Leaf_20241104_191051.jpg.jpg,d6578a1add5b9d1638f25bc52ce4099081ffc877ed32c9d43b7766f6c67dfda9
245,universe,Healthy Leaf,0,Healthy Leaf_20241104_191053.jpg.jpg,Healthy Leaf/Healthy Leaf_20241104_191053.jpg.jpg,34f8a21b7e988562483cb8960f93360d6e8315b6acb5583b27b234bfdb2c7e04
246,universe,Healthy Leaf,0,Healthy Leaf_20241104_191057.jpg.jpg,Healthy Leaf/Healthy Leaf_20241104_191057.jpg.jpg,79d19d15611ecdc785364e988d78caf22a300412f677c7807fa2eeb0ca49b039
247,universe,Healthy Leaf,0,Healthy Leaf_20241104_191105.jpg.jpg,Healthy Leaf/Healthy Leaf_20241104_191105.jpg.jpg,2fd4aa18af23c33093098a6f114ee7449216a819f9604e3ae43b367c146c6099
248,universe,Healthy Leaf,0,Healthy Leaf_20241104_191113.jpg.jpg,Healthy Leaf/Healthy Leaf_20241104_191113.jpg.jpg,31e2ff5b32e62cc3fd5b19848cc09cf8a9d5c79b9c1ba685ba4ecdeeb60ebd2b
249,universe,Healthy Leaf,0,Healthy Leaf_20241104_191131.jpg.jpg,Healthy Leaf/Healthy Leaf_20241104_191131.jpg.jpg,ecfb606aba00d8b7aa04a3878ec5a1a70dfc25ce34335b98a1f9821cae1794ab
250,universe,Healthy Leaf,0,Healthy Leaf_20241104_191134.jpg.jpg,Healthy Leaf/Healthy Leaf_20241104_191134.jpg.jpg,8be0e4a1402488701a830ac1d5fd5bade7d87836c36fcc7c6413f35850337bbb
251,universe,Healthy Leaf,0,Healthy Leaf_20241104_191155.jpg.jpg,Healthy Leaf/Healthy Leaf_20241104_191155.jpg.jpg,ac674f3eb599f3b6a41da0826b12a4c7e03d01adf941ca02e0ded9abc5566ce1
252,universe,Healthy Leaf,0,Healthy Leaf_20241104_191158.jpg.jpg,Healthy Leaf/Healthy Leaf_20241104_191158.jpg.jpg,f24d9c34ebf6a31202f1aa1ac96fd3c76a0096cb7c5828c8f500f3c912f2681d
253,universe,Healthy Leaf,0,Healthy Leaf_20241104_191211.jpg.jpg,Healthy Leaf/Healthy Leaf_20241104_191211.jpg.jpg,b8e01b65eda64376bb38313227d6e4a921128e64a7a4c1e013baf51acef6682f
254,universe,Healthy Leaf,0,Healthy Leaf_20241104_191214.jpg.jpg,Healthy Leaf/Healthy Leaf_20241104_191214.jpg.jpg,ae6cda80d16b4c1c93a939474fe54ec9bcd17bd5909c8d493aed148ba95d9589
255,universe,Healthy Leaf,0,Healthy Leaf_20241104_191216.jpg.jpg,Healthy Leaf/Healthy Leaf_20241104_191216.jpg.jpg,ef6e8ecc21369efb9f96460d9e70717d47d0b1312195658d5039a89ac8ade36f
256,universe,Healthy Leaf,0,Healthy Leaf_20241104_191220.jpg.jpg,Healthy Leaf/Healthy Leaf_20241104_191220.jpg.jpg,d59c0192cf43c9ca548297315df2cd7d4966977747cadf6d1188e8ff0a5fceb3
257,universe,Healthy Leaf,0,Healthy Leaf_20241104_191245.jpg.jpg,Healthy Leaf/Healthy Leaf_20241104_191245.jpg.jpg,12e21f85a1ebd3d0545f93e3dddea7db8f172babf98af77404afa537a186e27b
258,universe,Healthy Leaf,0,Healthy Leaf_20241104_191247.jpg.jpg,Healthy Leaf/Healthy Leaf_20241104_191247.jpg.jpg,5b135c43dba37924a37dc37ab81ecd6aa9ed6152511dd5f44abbde7da9351545
259,universe,Healthy Leaf,0,Healthy Leaf_20241104_191250.jpg.jpg,Healthy Leaf/Healthy Leaf_20241104_191250.jpg.jpg,08288e6d10446920a250c149dbcd00fc00d200bbd3ee48647b7cb46112e3f4bf
260,universe,Healthy Leaf,0,Healthy Leaf_20241104_191304.jpg.jpg,Healthy Leaf/Healthy Leaf_20241104_191304.jpg.jpg,4ae9103186ef1146cdb069b9563ba7c20a0f03c84c4896fe25ce64f8dfb007ab
261,universe,Healthy Leaf,0,Healthy Leaf_20241104_191306.jpg.jpg,Healthy Leaf/Healthy Leaf_20241104_191306.jpg.jpg,1a403f3e6245291c038c8a26e4e18b5a67b18e9b3838db729106b8941e57f21f
262,universe,Healthy Leaf,0,Healthy Leaf_20241104_191307.jpg.jpg,Healthy Leaf/Healthy Leaf_20241104_191307.jpg.jpg,0ff832a8ebad383dbc7708231e16252bcf4652529bb7d544cbb122f9a41bf7b1
263,universe,Healthy Leaf,0,Healthy Leaf_20241104_191311.jpg.jpg,Healthy Leaf/Healthy Leaf_20241104_191311.jpg.jpg,e805713254673ac8b4fbccd989f65a80362ef9f9188bba8f143331a13d9c001a
264,universe,Healthy Leaf,0,Healthy Leaf_20241104_191319.jpg.jpg,Healthy Leaf/Healthy Leaf_20241104_191319.jpg.jpg,878fe197333ea6460c5c30d62e7c0a36d8dcc2bc1b20445589333ca909557a35
265,universe,Healthy Leaf,0,Healthy Leaf_20241104_191321.jpg.jpg,Healthy Leaf/Healthy Leaf_20241104_191321.jpg.jpg,f50b41c21e16bf7ee3d11d4a2c2605bbbf6ef0f3ca6e58d51235729791216f00
266,universe,Healthy Leaf,0,Healthy Leaf_20241104_191324.jpg.jpg,Healthy Leaf/Healthy Leaf_20241104_191324.jpg.jpg,60e556af1fd862a4b377a4719f14934e27fbdcf705e1e05386fe5a3d1dee61d0
267,universe,Healthy Leaf,0,Healthy Leaf_20241104_191329.jpg.jpg,Healthy Leaf/Healthy Leaf_20241104_191329.jpg.jpg,6afaa985c74a2cf5edd45836b2d5a7b7542bbefa3239cc07bb597314c5d6240d
268,universe,Healthy Leaf,0,Healthy Leaf_20241104_191358.jpg.jpg,Healthy Leaf/Healthy Leaf_20241104_191358.jpg.jpg,c751e9ff9f21d1c7ed254e7c90794f14b654961ef075e74602d1d3acdd3f5967
269,universe,Healthy Leaf,0,Healthy Leaf_20241104_191401.jpg.jpg,Healthy Leaf/Healthy Leaf_20241104_191401.jpg.jpg,8f875df82a1bf5d52980bbe812f0e4849ab34c62b97b880a040d1c75cb3d1357
270,universe,Healthy Leaf,0,Healthy Leaf_20241104_191403.jpg.jpg,Healthy Leaf/Healthy Leaf_20241104_191403.jpg.jpg,cdd9802e16ab57c7d5499f91d265775ee672e75def1e6a7e8bbcd5ad5f94e7ce
271,universe,Healthy Leaf,0,Healthy Leaf_20241104_191406.jpg.jpg,Healthy Leaf/Healthy Leaf_20241104_191406.jpg.jpg,5b2ea54b1c93d8c7c2be1a7722cdea12247282bacba5be8cae39eb9069be9f6f
272,universe,Healthy Leaf,0,Healthy Leaf_20241104_191417.jpg.jpg,Healthy Leaf/Healthy Leaf_20241104_191417.jpg.jpg,f62d0201f48da2a0a9bb898f2664891135ab38644cab6e4bc851393d2cd8f450
273,universe,Healthy Leaf,0,Healthy Leaf_20241104_191420.jpg.jpg,Healthy Leaf/Healthy Leaf_20241104_191420.jpg.jpg,95e440141f35066e64ce5ddaef6c3b2caf0a32abd762f0a96f02268db62f0d5b
274,universe,Healthy Leaf,0,Healthy Leaf_20241104_191426.jpg.jpg,Healthy Leaf/Healthy Leaf_20241104_191426.jpg.jpg,04dd836d9375c474566abbf797c06148a5d525ab40f4cadb9131d866de58013d
275,universe,Healthy Leaf,0,Healthy Leaf_20241104_191500.jpg.jpg,Healthy Leaf/Healthy Leaf_20241104_191500.jpg.jpg,54e34c84b9bcc9ae2b86eaf95445b7eba612dc84045a6e346db09e75da411d44
276,universe,Healthy Leaf,0,Healthy Leaf_20241104_191502.jpg.jpg,Healthy Leaf/Healthy Leaf_20241104_191502.jpg.jpg,835d2a8ccb45fc25696184ef613f9bc55b6714673725033bb0ec8df04a8cce0f
277,universe,Healthy Leaf,0,Healthy Leaf_20241104_191505.jpg.jpg,Healthy Leaf/Healthy Leaf_20241104_191505.jpg.jpg,cac89640610d4e385c373a8c947937dd4180c2ad4a77736488957d9054228c16
278,universe,Healthy Leaf,0,Healthy Leaf_20241104_191514.jpg.jpg,Healthy Leaf/Healthy Leaf_20241104_191514.jpg.jpg,0f58b8fd3b2f99e7f538e7fb92f290aeb61c7b979d7f907977437942d0260f62
279,universe,Healthy Leaf,0,Healthy Leaf_20241104_191516.jpg.jpg,Healthy Leaf/Healthy Leaf_20241104_191516.jpg.jpg,408ebaaed57195ac168ce6a0562c3825a156d5686ca0c7bcc5f1b4c6cbb829a2
280,universe,Healthy Leaf,0,Healthy Leaf_20241104_191522.jpg.jpg,Healthy Leaf/Healthy Leaf_20241104_191522.jpg.jpg,95a84499c585b82e4e9836fa63e6c5a5ecc2ea2da1a0d42a11e3181ef50ec3a1
281,universe,Healthy Leaf,0,Healthy Leaf_20241104_191538.jpg.jpg,Healthy Leaf/Healthy Leaf_20241104_191538.jpg.jpg,9fcf720fc1cf562311b409e60214c8af45d7bcb56fce5a7dc60b498b5071ba56
282,universe,Healthy Leaf,0,Healthy Leaf_20241104_191927.jpg.jpg,Healthy Leaf/Healthy Leaf_20241104_191927.jpg.jpg,823af0d38fc9f34c0064f597fdf622d70bbe79670efa65840e9eff046d46c38b
283,universe,Healthy Leaf,0,Healthy Leaf_20241104_191930.jpg.jpg,Healthy Leaf/Healthy Leaf_20241104_191930.jpg.jpg,9aac24874c1f8fcbf73bf37183a3aea14af284d6fbafc2a6e2316e5af708d833
284,universe,Healthy Leaf,0,Healthy Leaf_20241104_191935.jpg.jpg,Healthy Leaf/Healthy Leaf_20241104_191935.jpg.jpg,64118226ee34ab9aa4065203e9f321ae21d8224260930c18b4da2d322485b72f
285,universe,Healthy Leaf,0,Healthy Leaf_20241104_191940.jpg.jpg,Healthy Leaf/Healthy Leaf_20241104_191940.jpg.jpg,3aa4272deab3f08f313edd0bb26b521661cc26686af794603f338f0053ed954a
286,universe,Healthy Leaf,0,Healthy Leaf_20241104_191943.jpg.jpg,Healthy Leaf/Healthy Leaf_20241104_191943.jpg.jpg,070be6ce8242fe4828499fb9cb8dc12ad548ac10b8f3e0698d3cbdd9dc05eef6
287,universe,Healthy Leaf,0,Healthy Leaf_20241104_191946.jpg.jpg,Healthy Leaf/Healthy Leaf_20241104_191946.jpg.jpg,5c4cff684296dfc47212de921c4758268e8952546b2662933906ae598548a35e
288,universe,Healthy Leaf,0,Healthy Leaf_20241104_192005.jpg.jpg,Healthy Leaf/Healthy Leaf_20241104_192005.jpg.jpg,7cb5b25403bff42a991578a0192293e5ca70ce66b00d19ac29546d64a2fc723b
289,universe,Healthy Leaf,0,Healthy Leaf_20241104_192007.jpg.jpg,Healthy Leaf/Healthy Leaf_20241104_192007.jpg.jpg,4f1e91218308c7cb07614a1a4f7c7094f5c13855ce89d5b31082a687df79888a
290,universe,Healthy Leaf,0,Healthy Leaf_20241104_192010.jpg.jpg,Healthy Leaf/Healthy Leaf_20241104_192010.jpg.jpg,207063abe3e6d7eb3734e1bf91066772343a1239403afbe0ca03d69d17e660ae
291,universe,Healthy Leaf,0,Healthy Leaf_20241104_192016.jpg.jpg,Healthy Leaf/Healthy Leaf_20241104_192016.jpg.jpg,9f8cc1236baa8b7b47b99afa36d0703163790ea6680960b265d72fd41192fd40
292,universe,Healthy Leaf,0,Healthy Leaf_20241104_192021.jpg.jpg,Healthy Leaf/Healthy Leaf_20241104_192021.jpg.jpg,da6c8db14dad234c8d0c02d2f248b717384cd3757640095bc65f6d8f5a74cae8
293,universe,Healthy Leaf,0,Healthy Leaf_20241104_192024.jpg.jpg,Healthy Leaf/Healthy Leaf_20241104_192024.jpg.jpg,3790f25081d3f25d1b17c815ad336ea2b37ef2fa1c6a7361a0dc9c817005779f
294,universe,Healthy Leaf,0,Healthy Leaf_20241104_192029.jpg.jpg,Healthy Leaf/Healthy Leaf_20241104_192029.jpg.jpg,a5821c1db1418327f6e7b78f46d6eb498bb92f3f0e2da9a3c002c150712ba469
295,universe,Healthy Leaf,0,Healthy Leaf_20241104_192035.jpg.jpg,Healthy Leaf/Healthy Leaf_20241104_192035.jpg.jpg,0aa87ea885b49266b120b7fc7f44541d2d6bb0ec72fc00065d24a91ed51ad18b
296,universe,Healthy Leaf,0,Healthy Leaf_20241104_192118.jpg.jpg,Healthy Leaf/Healthy Leaf_20241104_192118.jpg.jpg,6cdfb8904bef69f22ce037dc7dc6a157a41d92ed8671f46a0f1825df27c720ef
297,universe,Healthy Leaf,0,Healthy Leaf_20241104_192130.jpg.jpg,Healthy Leaf/Healthy Leaf_20241104_192130.jpg.jpg,5b82b4a42febf282473090ee570f360f6096c10aa5730efe4100184ecedabe54
298,universe,Healthy Leaf,0,Healthy Leaf_20241104_192133.jpg.jpg,Healthy Leaf/Healthy Leaf_20241104_192133.jpg.jpg,17404cebe3b553cc69d5e071ff33daf9501b2e88121c39656cd768138fbb0dd3
299,universe,Healthy Leaf,0,Healthy Leaf_20241104_192150.jpg.jpg,Healthy Leaf/Healthy Leaf_20241104_192150.jpg.jpg,d2ac9af4dd01386d1661647f046cb20de91298697ba668f617c1305c99c1562e
300,universe,Healthy Leaf,0,Healthy Leaf_20241104_192206.jpg.jpg,Healthy Leaf/Healthy Leaf_20241104_192206.jpg.jpg,f59796a73ec5b14e91b93d00519d9b6f967e93f5ef61b027bad47e17b62eee32
301,universe,Healthy Leaf,0,Healthy Leaf_20241104_192221.jpg.jpg,Healthy Leaf/Healthy Leaf_20241104_192221.jpg.jpg,ba5585c683313b899bfe0f53060f67bdaa8e96db9f727aa009f7f304648e2a0c
302,universe,Healthy Leaf,0,Healthy Leaf_20241104_192224.jpg.jpg,Healthy Leaf/Healthy Leaf_20241104_192224.jpg.jpg,5c818503e40bdd8a6244d22395096cb66d887f14d94441d5f7e96bc95d134704
303,universe,Healthy Leaf,0,Healthy Leaf_20241104_192238.jpg.jpg,Healthy Leaf/Healthy Leaf_20241104_192238.jpg.jpg,185bd7298ac597542dcaa991aef4d9d7289bfb961cc36db31f58830b1e26fbb1
304,universe,Healthy Leaf,0,Healthy Leaf_20241104_192240.jpg.jpg,Healthy Leaf/Healthy Leaf_20241104_192240.jpg.jpg,2c9f517f289983ab603840d9010c9d1f6eb2e1150b2361d34568b3cfb4af42a2
305,universe,Healthy Leaf,0,Healthy Leaf_20241104_192246.jpg.jpg,Healthy Leaf/Healthy Leaf_20241104_192246.jpg.jpg,64e00aaa34186961dbd2b121c00d17800227288d1520132dc2f65d5cf6a00a7c
306,universe,Healthy Leaf,0,Healthy Leaf_20241104_192258.jpg.jpg,Healthy Leaf/Healthy Leaf_20241104_192258.jpg.jpg,6bfcf2cc3689228f52551b9c1d1df0df29b6e1ca70c7938ae36c45ea30e4215f
307,universe,Healthy Leaf,0,Healthy Leaf_20241104_192304.jpg.jpg,Healthy Leaf/Healthy Leaf_20241104_192304.jpg.jpg,d2e14a8610ba6f10ff126089e001d68db82ba4f36e27d826aaea4b138352501e
308,universe,Healthy Leaf,0,Healthy Leaf_20241104_192307.jpg.jpg,Healthy Leaf/Healthy Leaf_20241104_192307.jpg.jpg,b3e77a623bd58e898def34c027255f32a30c59f256da0c9eebfbd1e8b40a94ce
309,universe,Healthy Leaf,0,Healthy Leaf_20241104_192342.jpg.jpg,Healthy Leaf/Healthy Leaf_20241104_192342.jpg.jpg,5c6ab759e48a11899e4c62827bf9c585080643d4d876866f81d9b166f85221bc
310,universe,Healthy Leaf,0,Healthy Leaf_20241104_192350.jpg.jpg,Healthy Leaf/Healthy Leaf_20241104_192350.jpg.jpg,4fca9bb769c9ed86ceac99d0ce3ba2f9433314ef354c0426ba9111249227d571
311,universe,Healthy Leaf,0,Healthy Leaf_20241104_192353.jpg.jpg,Healthy Leaf/Healthy Leaf_20241104_192353.jpg.jpg,4ef6a14efaabfe8c9fa7ad518f5ade5d633ad20d1e911cb53c935044a8942f54
312,universe,Healthy Leaf,0,Healthy Leaf_20241104_192355.jpg.jpg,Healthy Leaf/Healthy Leaf_20241104_192355.jpg.jpg,089b245dd9169450a473d492c4aee308a3a959598abbf4ffe55402c97bf85a2b
313,universe,Healthy Leaf,0,Healthy Leaf_20241104_192412.jpg.jpg,Healthy Leaf/Healthy Leaf_20241104_192412.jpg.jpg,4c798026a74212ad0076a1bd5c925ff2e65e48796e1332ecf60f077710b5607b
314,universe,Healthy Leaf,0,Healthy Leaf_20241104_192422.jpg.jpg,Healthy Leaf/Healthy Leaf_20241104_192422.jpg.jpg,46a05e3459479f3cf269d8d98566449330d90755ecc41afe6f41dca3ece81700
315,universe,Healthy Leaf,0,Healthy Leaf_20241104_192425.jpg.jpg,Healthy Leaf/Healthy Leaf_20241104_192425.jpg.jpg,8f424840c252c4682d215c9e7bc35d487907f6f5e0d1a914b4b7be5f05a5d4cd
316,universe,Healthy Leaf,0,Healthy Leaf_20241104_192448.jpg.jpg,Healthy Leaf/Healthy Leaf_20241104_192448.jpg.jpg,04849cda991cc9c8c7299c6ab8193980eaa2b4beaa1fefa69c180042cdd9db58
317,universe,Healthy Leaf,0,Healthy Leaf_20241104_192455.jpg.jpg,Healthy Leaf/Healthy Leaf_20241104_192455.jpg.jpg,3f136aa2cf13f57eff9e64a11bc892f0677badbf23b7bd694d0206636a6fed91
318,universe,Healthy Leaf,0,Healthy Leaf_20241104_192458.jpg.jpg,Healthy Leaf/Healthy Leaf_20241104_192458.jpg.jpg,8f028500250962910a678e6dcc93bdd999d4d28c9b6b0aac76f4ea836d6f66a9
319,universe,Healthy Leaf,0,Healthy Leaf_20241104_192505.jpg.jpg,Healthy Leaf/Healthy Leaf_20241104_192505.jpg.jpg,bb34f3e42aae8f435048e674a0b03ea4e12b3dc2fb6d5963ce9566ad37cf0ff2
320,universe,Healthy Leaf,0,Healthy Leaf_20241104_192508.jpg.jpg,Healthy Leaf/Healthy Leaf_20241104_192508.jpg.jpg,6f9849f4cd740813ccdcaa5abf84064e4734568996891a89463bcb96179a5343
321,universe,Healthy Leaf,0,Healthy Leaf_20241104_192530.jpg.jpg,Healthy Leaf/Healthy Leaf_20241104_192530.jpg.jpg,b23dfc4aaa951ff504d850a6daa545ea4c581fc2644a77d4f72ce334d483c6c8
322,universe,Healthy Leaf,0,Healthy Leaf_20241104_192533.jpg.jpg,Healthy Leaf/Healthy Leaf_20241104_192533.jpg.jpg,dce68ecd72020e1f77a48cf61664dd649638a501f801bf50a881cd01f06e2716
323,universe,Healthy Leaf,0,Healthy Leaf_20241104_192535.jpg.jpg,Healthy Leaf/Healthy Leaf_20241104_192535.jpg.jpg,ce5bd45eec71bdd4f76d1624fff64929d80612d4d39e2c4b89f229346a023ce7
324,universe,Healthy Leaf,0,Healthy Leaf_20241104_192545.jpg.jpg,Healthy Leaf/Healthy Leaf_20241104_192545.jpg.jpg,3f0f0be84e069f417e1bdef77ddebd6f5929c9c4d7275abe15c9f6e0bea43685
325,universe,Healthy Leaf,0,Healthy Leaf_20241104_192603.jpg.jpg,Healthy Leaf/Healthy Leaf_20241104_192603.jpg.jpg,1c8737e4ed1dbdb3c3ac73806ce1aca107582607bc26c55ad9a082a52eab39cd
326,universe,Healthy Leaf,0,Healthy Leaf_20241104_192609.jpg.jpg,Healthy Leaf/Healthy Leaf_20241104_192609.jpg.jpg,0212463a04d355e86d3d668d942cf587efcc58d0aaf5dbff59ea3ed6b815ced6
327,universe,Healthy Leaf,0,Healthy Leaf_20241104_192611.jpg.jpg,Healthy Leaf/Healthy Leaf_20241104_192611.jpg.jpg,c9e3b53de32674369d066a86adb8a3489308fa7dddc4204a21916d71c65954e6
328,universe,Healthy Leaf,0,Healthy Leaf_20241104_192613.jpg.jpg,Healthy Leaf/Healthy Leaf_20241104_192613.jpg.jpg,f28c3ff2d520a85c5e856b9eb81de86ebd059329f81c28adfd72920a8af84767
329,universe,Healthy Leaf,0,Healthy Leaf_20241104_192616.jpg.jpg,Healthy Leaf/Healthy Leaf_20241104_192616.jpg.jpg,a321bbbab09b1ed101be20574fdc3b46973dd50687b7eb5c23d06eb1072a2ef3
330,universe,Healthy Leaf,0,Healthy Leaf_IMG_20241104_181812.jpg.jpg,Healthy Leaf/Healthy Leaf_IMG_20241104_181812.jpg.jpg,a01c1ba458820a27896e8e65b0c1b4624ead8750aec8b4eb586ffa27a54d0a6f
331,universe,Healthy Leaf,0,Healthy Leaf_IMG_20241104_181813.jpg.jpg,Healthy Leaf/Healthy Leaf_IMG_20241104_181813.jpg.jpg,eabdbb4b5ee53e36a77929f246ea4990c2ca41bc67999310c8528074d1fa61f3
332,universe,Healthy Leaf,0,Healthy Leaf_IMG_20241104_181814.jpg.jpg,Healthy Leaf/Healthy Leaf_IMG_20241104_181814.jpg.jpg,ef50875a0c0a3dda12145a398faa7180af1bdad9f1a57c69113a6a29a47add89
333,universe,Healthy Leaf,0,Healthy Leaf_IMG_20241104_181815.jpg.jpg,Healthy Leaf/Healthy Leaf_IMG_20241104_181815.jpg.jpg,2b62d72b0366cf768483ddf411f9d971039ad717759afd32d311b87e8570ef68
334,universe,Healthy Leaf,0,Healthy Leaf_IMG_20241104_181817.jpg.jpg,Healthy Leaf/Healthy Leaf_IMG_20241104_181817.jpg.jpg,23ce20b353270020efbdfb24fe5bc909a4481e9d71ee3a17e42e3f97d943d680
335,universe,Healthy Leaf,0,Healthy Leaf_IMG_20241104_181828.jpg.jpg,Healthy Leaf/Healthy Leaf_IMG_20241104_181828.jpg.jpg,f1b297a1d2b350db5e1234d054a1663586f111d4c348e871d99b68ddc8a9c04a
336,universe,Healthy Leaf,0,Healthy Leaf_IMG_20241104_181829.jpg.jpg,Healthy Leaf/Healthy Leaf_IMG_20241104_181829.jpg.jpg,a0e16191f0f858fe124bd5da852d5ddab11ad4d16704febeba0e0c2b017b5eeb
337,universe,Healthy Leaf,0,Healthy Leaf_IMG_20241104_181830.jpg.jpg,Healthy Leaf/Healthy Leaf_IMG_20241104_181830.jpg.jpg,7fab2cfe11607d5e189b779d560d8f95d33b72365026aad803ae1d7a59cfc39a
338,universe,Healthy Leaf,0,Healthy Leaf_IMG_20241104_181831.jpg.jpg,Healthy Leaf/Healthy Leaf_IMG_20241104_181831.jpg.jpg,c3ec3e645348a60a86542ef0c379bca80d45d8a33753010a6d380a5b3a713ce7
339,universe,Healthy Leaf,0,Healthy Leaf_IMG_20241104_181833.jpg.jpg,Healthy Leaf/Healthy Leaf_IMG_20241104_181833.jpg.jpg,bfa6efe1539e2271cd230e60c57e430bd83b7fcfeaf19f4e7dfbf3338de124eb
340,universe,Healthy Leaf,0,Healthy Leaf_IMG_20241104_182028.jpg.jpg,Healthy Leaf/Healthy Leaf_IMG_20241104_182028.jpg.jpg,59b580592e89325b959f3d46d5f82895f2c9b3ac9c43862ebb928cdca8c25e3a
341,universe,Healthy Leaf,0,Healthy Leaf_IMG_20241104_182031.jpg.jpg,Healthy Leaf/Healthy Leaf_IMG_20241104_182031.jpg.jpg,2526b0cad1b6c04fb2b15a34daeb190b65a075c16821a68550549138e9604687
342,universe,Healthy Leaf,0,Healthy Leaf_IMG_20241104_182037.jpg.jpg,Healthy Leaf/Healthy Leaf_IMG_20241104_182037.jpg.jpg,21868fb9da21fe847fd605ed8c733436f04420486862f41ece84f3e6bbf7bb7f
343,universe,Healthy Leaf,0,Healthy Leaf_IMG_20241104_182047.jpg.jpg,Healthy Leaf/Healthy Leaf_IMG_20241104_182047.jpg.jpg,985a0c555b5b8132ab54fb6cc09367e7582aeff94854fc62d89addffcb2c56eb
344,universe,Healthy Leaf,0,Healthy Leaf_IMG_20241104_182048.jpg.jpg,Healthy Leaf/Healthy Leaf_IMG_20241104_182048.jpg.jpg,1775caf38cde91961a6175cea981731910513adf28b188dd0e7c1d6c06691b78
345,universe,Healthy Leaf,0,Healthy Leaf_IMG_20241104_182049.jpg.jpg,Healthy Leaf/Healthy Leaf_IMG_20241104_182049.jpg.jpg,1889b976f5e1067578ce57a4388aba6594fc147b80a825b1701ab0ec03a6c0ae
346,universe,Healthy Leaf,0,Healthy Leaf_IMG_20241104_182050.jpg.jpg,Healthy Leaf/Healthy Leaf_IMG_20241104_182050.jpg.jpg,f2c8972f6fb0b803d3b7bc4228d6661aa85042a3229f72aee7fd234f879e6154
347,universe,Healthy Leaf,0,Healthy Leaf_IMG_20241104_182057.jpg.jpg,Healthy Leaf/Healthy Leaf_IMG_20241104_182057.jpg.jpg,b2dac9108e5296aaa22f55c727bc5bf902b81a5fa6cbfce55782706a678ee7a4
348,universe,Healthy Leaf,0,Healthy Leaf_IMG_20241104_182058.jpg.jpg,Healthy Leaf/Healthy Leaf_IMG_20241104_182058.jpg.jpg,3d834ecfc1224b90a1d8ef8994d4c9cc371942092775945b95920d26e4a14c3b
349,universe,Healthy Leaf,0,Healthy Leaf_IMG_20241104_182059.jpg.jpg,Healthy Leaf/Healthy Leaf_IMG_20241104_182059.jpg.jpg,db220d70756c770225e707976f86991b005b8d6e6816d02693d35c298fbf0643
350,universe,Healthy Leaf,0,Healthy Leaf_IMG_20241104_182100.jpg.jpg,Healthy Leaf/Healthy Leaf_IMG_20241104_182100.jpg.jpg,f7ddff60682c2b7c4710e3d11d4a33fd73079e0a6719a19ae50aa1c2a8c1b805
351,universe,Healthy Leaf,0,Healthy Leaf_IMG_20241104_182101.jpg.jpg,Healthy Leaf/Healthy Leaf_IMG_20241104_182101.jpg.jpg,c17475d83e5f8f8bbc8a990216ed9fcaa7278e98dcfbe74ad6c47af1383b5389
352,universe,Healthy Leaf,0,Healthy Leaf_IMG_20241104_182115.jpg.jpg,Healthy Leaf/Healthy Leaf_IMG_20241104_182115.jpg.jpg,a39af7de453c17dd2225c0a673980aa917ca43ddf7a26827817fa292c6f93814
353,universe,Healthy Leaf,0,Healthy Leaf_IMG_20241104_182117.jpg.jpg,Healthy Leaf/Healthy Leaf_IMG_20241104_182117.jpg.jpg,8e6b44db811e3a3bfb2c41fe8cb7debb09213a2f8184d1ae837e0353f173598f
354,universe,Healthy Leaf,0,Healthy Leaf_IMG_20241104_182118.jpg.jpg,Healthy Leaf/Healthy Leaf_IMG_20241104_182118.jpg.jpg,eea03de2ed7982c574827cd253c12c5931c226d9de0ee30d0f552dc8f80c7d92
355,universe,Healthy Leaf,0,Healthy Leaf_IMG_20241104_182119.jpg.jpg,Healthy Leaf/Healthy Leaf_IMG_20241104_182119.jpg.jpg,f96416953bf127810959a5ece8d1ae6ac5cca075d6aedb7b5430685f457bce54
356,universe,Healthy Leaf,0,Healthy Leaf_IMG_20241104_182121.jpg.jpg,Healthy Leaf/Healthy Leaf_IMG_20241104_182121.jpg.jpg,9bc313a0e34d375dc375399cb47abbb522b2d88fccc01a6a0192e7a039025e6f
357,universe,Healthy Leaf,0,Healthy Leaf_IMG_20241104_182203.jpg.jpg,Healthy Leaf/Healthy Leaf_IMG_20241104_182203.jpg.jpg,5bffe1d4686bd768a58b93c766906ed02abe95bd0c7efd58a2001ce36e0b4fd7
358,universe,Healthy Leaf,0,Healthy Leaf_IMG_20241104_182205.jpg.jpg,Healthy Leaf/Healthy Leaf_IMG_20241104_182205.jpg.jpg,4d807248ee8fc4cc1af6cc88fa3028663eb485dfbf1ac8c06a83a6a57cbcb590
359,universe,Healthy Leaf,0,Healthy Leaf_IMG_20241104_182206.jpg.jpg,Healthy Leaf/Healthy Leaf_IMG_20241104_182206.jpg.jpg,dcf573c611d7978128e54e9abcdbb9558f7fc5e008f76da61dcfca5f950366b0
360,universe,Healthy Leaf,0,Healthy Leaf_IMG_20241104_182216.jpg.jpg,Healthy Leaf/Healthy Leaf_IMG_20241104_182216.jpg.jpg,e4ce4c58ddc173965871d19d1e20c783ebc0047350f638bc7408b6b8bd8008d1
361,universe,Healthy Leaf,0,Healthy Leaf_IMG_20241104_182217.jpg.jpg,Healthy Leaf/Healthy Leaf_IMG_20241104_182217.jpg.jpg,037fdbd0a4b1db820f17c2338f46719fc4c9a40cb64b508391b28ca71c6cc377
362,universe,Healthy Leaf,0,Healthy Leaf_IMG_20241104_182218.jpg.jpg,Healthy Leaf/Healthy Leaf_IMG_20241104_182218.jpg.jpg,820bd01cc12ab37cf7b5bc004be6a3a7b56140b039309c49f8056a6e6ffbd549
363,universe,Healthy Leaf,0,Healthy Leaf_IMG_20241104_182219.jpg.jpg,Healthy Leaf/Healthy Leaf_IMG_20241104_182219.jpg.jpg,756dac59d32eaa6e52b6597e23a666b8eb6cefe0d3fb82750aeee8ffe2c3f2b0
364,universe,Healthy Leaf,0,Healthy Leaf_IMG_20241104_182221.jpg.jpg,Healthy Leaf/Healthy Leaf_IMG_20241104_182221.jpg.jpg,593b07c2b4c4b17aa7cb77502f308eba060f5b3e66ee3869c390354ca98b1b15
365,universe,Healthy Leaf,0,Healthy Leaf_IMG_20241104_182241.jpg.jpg,Healthy Leaf/Healthy Leaf_IMG_20241104_182241.jpg.jpg,8218b63437c2f4e2d385e5ed4ba748950a39fff54249682e6459819d0e9fd9cf
366,universe,Healthy Leaf,0,Healthy Leaf_IMG_20241104_182242.jpg.jpg,Healthy Leaf/Healthy Leaf_IMG_20241104_182242.jpg.jpg,bcc22f8d20c2372affd1a9399a2571654bd16b1366c11d2361a5d2169885e05c
367,universe,Healthy Leaf,0,Healthy Leaf_IMG_20241104_182244.jpg.jpg,Healthy Leaf/Healthy Leaf_IMG_20241104_182244.jpg.jpg,ae1b64e3e588b315c428304ed971fa2043c08ece6ee7a1edc40c27942cc78b40
368,universe,Healthy Leaf,0,Healthy Leaf_IMG_20241104_182246.jpg.jpg,Healthy Leaf/Healthy Leaf_IMG_20241104_182246.jpg.jpg,555122e1bf01854dd257ae1a34d453ae37fc1599a82021b02ac9be4cd45beb40
369,universe,Healthy Leaf,0,Healthy Leaf_IMG_20241104_182248.jpg.jpg,Healthy Leaf/Healthy Leaf_IMG_20241104_182248.jpg.jpg,5c1e787c6df19207767733f9ab4b9eb91949a785c0462ee35ceed7404be2fb85
370,universe,Healthy Leaf,0,Healthy Leaf_IMG_20241104_182321.jpg.jpg,Healthy Leaf/Healthy Leaf_IMG_20241104_182321.jpg.jpg,9cfc36d2359ff6675a821595c5e927747373e9315213dc99100dc1985ca0e9da
371,universe,Healthy Leaf,0,Healthy Leaf_IMG_20241104_182323.jpg.jpg,Healthy Leaf/Healthy Leaf_IMG_20241104_182323.jpg.jpg,f930009fb017a82c306ac18ac0c9a17d550b6ed151657bdc3fe6acf2a7b27dde
372,universe,Healthy Leaf,0,Healthy Leaf_IMG_20241104_182326.jpg.jpg,Healthy Leaf/Healthy Leaf_IMG_20241104_182326.jpg.jpg,f6443406094db6683046744559641f2187193fbf7bdbf890622dbd74ca4da797
373,universe,Healthy Leaf,0,Healthy Leaf_IMG_20241104_182327.jpg.jpg,Healthy Leaf/Healthy Leaf_IMG_20241104_182327.jpg.jpg,097d79606b55c6c9d5d807bab42573b778b75ac04d26d12b0b9fc2685d20ad73
374,universe,Healthy Leaf,0,Healthy Leaf_IMG_20241104_182347.jpg.jpg,Healthy Leaf/Healthy Leaf_IMG_20241104_182347.jpg.jpg,0e2c8af33f6d56afb2c8aff359df5c456d972e63f32c7c5dcc9f033ed31a4e06
375,universe,Healthy Leaf,0,Healthy Leaf_IMG_20241104_182349.jpg.jpg,Healthy Leaf/Healthy Leaf_IMG_20241104_182349.jpg.jpg,0a4e0fa6e80759613e930933facbf5d777a174946461db4a8d117874c7b1af45
376,universe,Healthy Leaf,0,Healthy Leaf_IMG_20241104_182352.jpg.jpg,Healthy Leaf/Healthy Leaf_IMG_20241104_182352.jpg.jpg,65945cbca61936702964e2691d263f0e33105e75e91c871bc6ba022f1a8aed4c
377,universe,Healthy Leaf,0,Healthy Leaf_IMG_20241104_182426.jpg.jpg,Healthy Leaf/Healthy Leaf_IMG_20241104_182426.jpg.jpg,7fc97ffb09fc550da42b2be7b9801e22807c87d0b1d4c83dce331d033af93ffc
378,universe,Healthy Leaf,0,Healthy Leaf_IMG_20241104_182428.jpg.jpg,Healthy Leaf/Healthy Leaf_IMG_20241104_182428.jpg.jpg,d377ff797cb0fb01dfe0060742b6f0bf2efa65e56754ed5aec43c657e0129efb
379,universe,Healthy Leaf,0,Healthy Leaf_IMG_20241104_182429.jpg.jpg,Healthy Leaf/Healthy Leaf_IMG_20241104_182429.jpg.jpg,49facd1676463856fdc62887d88ffc249704e3e4be9c5ab1faa51ce65a6e8c61
380,universe,Healthy Leaf,0,Healthy Leaf_IMG_20241104_182434.jpg.jpg,Healthy Leaf/Healthy Leaf_IMG_20241104_182434.jpg.jpg,50a7bcdc016bc5ec64009e871c10169f8c1dacb8e53576d23d026b9611d58b73
381,universe,Healthy Leaf,0,Healthy Leaf_IMG_20241104_182541.jpg.jpg,Healthy Leaf/Healthy Leaf_IMG_20241104_182541.jpg.jpg,e9609fd9d348f775637833d3d706b26bcf203bdcdc74c476becf00d2a417df37
382,universe,Healthy Leaf,0,Healthy Leaf_IMG_20241104_182544.jpg.jpg,Healthy Leaf/Healthy Leaf_IMG_20241104_182544.jpg.jpg,44e567ba413bbccf85cde036607c7eedc79b77d158fdf30542d700fb7765bed8
383,universe,Healthy Leaf,0,Healthy Leaf_IMG_20241104_182546.jpg.jpg,Healthy Leaf/Healthy Leaf_IMG_20241104_182546.jpg.jpg,7379326940b9c98292bee81a6765dd149571e61772e7bf316ea767843bb17224
384,universe,Healthy Leaf,0,Healthy Leaf_IMG_20241104_182611.jpg.jpg,Healthy Leaf/Healthy Leaf_IMG_20241104_182611.jpg.jpg,976737904d50b01670b83b58527fd43b62364fe3eea47ee021e64ddcde73c1d4
385,universe,Healthy Leaf,0,Healthy Leaf_IMG_20241104_182612.jpg.jpg,Healthy Leaf/Healthy Leaf_IMG_20241104_182612.jpg.jpg,977050a3dd78d519998a4ee4efb48f5e595e875e41ed0005d91a4e5836c12c01
386,universe,Healthy Leaf,0,Healthy Leaf_IMG_20241104_182613.jpg.jpg,Healthy Leaf/Healthy Leaf_IMG_20241104_182613.jpg.jpg,52a5dd9f56446765f3d9ddc919f2b3f5d79c3bc935c6163ab355a58b25a14b00
387,universe,Healthy Leaf,0,Healthy Leaf_IMG_20241104_182614.jpg.jpg,Healthy Leaf/Healthy Leaf_IMG_20241104_182614.jpg.jpg,1b0c22955a591f26fd6ea5dd0bd519bebfc98ad959d72da3be7e2e16face3d33
388,universe,Healthy Leaf,0,Healthy Leaf_IMG_20241104_182621.jpg.jpg,Healthy Leaf/Healthy Leaf_IMG_20241104_182621.jpg.jpg,21d6e681d37b786410d7481e91c53a57a617415dacb6cc8bac97168f20588291
389,universe,Healthy Leaf,0,Healthy Leaf_IMG_20241104_182622.jpg.jpg,Healthy Leaf/Healthy Leaf_IMG_20241104_182622.jpg.jpg,d55ccfa5e912b0e36b41aa32f68d56744e469ac46e0d75686d5aadf3ee587c76
390,universe,Healthy Leaf,0,Healthy Leaf_IMG_20241104_182625.jpg.jpg,Healthy Leaf/Healthy Leaf_IMG_20241104_182625.jpg.jpg,93eed2c89d44f4b0bf39773ccf66c91dc0f09b82b3dbfd81e040de86a95ac139
391,universe,Healthy Leaf,0,Healthy Leaf_IMG_20241104_182633.jpg.jpg,Healthy Leaf/Healthy Leaf_IMG_20241104_182633.jpg.jpg,5a32b764a978e36aa9d8cb6aac0a62f86f44c42d2bbd85565073976313576e80
392,universe,Healthy Leaf,0,Healthy Leaf_IMG_20241104_182636.jpg.jpg,Healthy Leaf/Healthy Leaf_IMG_20241104_182636.jpg.jpg,5def89b3a3a13f2117fb704dca7322d09b58fa0e977551c6e1bc45dc11495e59
393,universe,Healthy Leaf,0,Healthy Leaf_IMG_20241104_182637.jpg.jpg,Healthy Leaf/Healthy Leaf_IMG_20241104_182637.jpg.jpg,3d821d94ff4ac879372f558e8eac2d457fe0d93e15508b2926823e195816e082
394,universe,Healthy Leaf,0,Healthy Leaf_IMG_20241104_182649.jpg.jpg,Healthy Leaf/Healthy Leaf_IMG_20241104_182649.jpg.jpg,b6568d4f385cedacce7635d2e0c131d8e1eda75479ca445a281a10a51b5e2d50
395,universe,Healthy Leaf,0,Healthy Leaf_IMG_20241104_182651.jpg.jpg,Healthy Leaf/Healthy Leaf_IMG_20241104_182651.jpg.jpg,d17b253e85c569b603be445dfd8e06b7929ad52166acdc3ae0059dc6b0e2646d
396,universe,Healthy Leaf,0,Healthy Leaf_IMG_20241104_182653.jpg.jpg,Healthy Leaf/Healthy Leaf_IMG_20241104_182653.jpg.jpg,5f5e2b9fbfa10b2abde5bff8338a110a4e824904f03d1c3b9623cd29ceb01886
397,universe,Healthy Leaf,0,Healthy Leaf_IMG_20241104_182655.jpg.jpg,Healthy Leaf/Healthy Leaf_IMG_20241104_182655.jpg.jpg,411d2a2936672627a01dc4f7a84f07025d595cb99d834ae5ae670f787a2aafce
398,universe,Healthy Leaf,0,Healthy Leaf_IMG_20241104_182656.jpg.jpg,Healthy Leaf/Healthy Leaf_IMG_20241104_182656.jpg.jpg,53cd45c452d29d0e8799ac8e81e15f42acd3bc0ca7b4218f8e7fadbcfa589875
399,universe,Healthy Leaf,0,Healthy Leaf_IMG_20241104_182711.jpg.jpg,Healthy Leaf/Healthy Leaf_IMG_20241104_182711.jpg.jpg,f7291ea51c046cd55fcb17a81b1c3ddeca6f75a5e91f8dde4f1ddf72f003b619
400,universe,Healthy Leaf,0,Healthy Leaf_IMG_20241104_182716.jpg.jpg,Healthy Leaf/Healthy Leaf_IMG_20241104_182716.jpg.jpg,f1a4ddd16eb2434d19f6f5aca34fe4c1aa8cc0ad408acd6f4ad4dc0a867a9021
401,universe,Healthy Leaf,0,Healthy Leaf_IMG_20241104_182717.jpg.jpg,Healthy Leaf/Healthy Leaf_IMG_20241104_182717.jpg.jpg,7162174b53770c4d1c035b99bed82c703d6ea0f00b46ba0b1a849957b1e2bb78
402,universe,Healthy Leaf,0,Healthy Leaf_IMG_20241104_182719.jpg.jpg,Healthy Leaf/Healthy Leaf_IMG_20241104_182719.jpg.jpg,16c9e4539b4e092d9a8757a41e43c25a3f8e1433b82a5794a755f29d91ab6ee7
403,universe,Healthy Leaf,0,Healthy Leaf_IMG_20241104_182720.jpg.jpg,Healthy Leaf/Healthy Leaf_IMG_20241104_182720.jpg.jpg,7eba85ff9d0012ef8db6e69dad4fefe9547246dcd6e3254a7cd29ff35c3e6929
404,universe,Healthy Leaf,0,Healthy Leaf_IMG_20241104_182802.jpg.jpg,Healthy Leaf/Healthy Leaf_IMG_20241104_182802.jpg.jpg,2a89f9dd39f89ef74c3f23c924c3fe1981f6223f94bb09d28b0cd870248243f9
405,universe,Healthy Leaf,0,Healthy Leaf_IMG_20241104_182803.jpg.jpg,Healthy Leaf/Healthy Leaf_IMG_20241104_182803.jpg.jpg,ccdbcec7f5b8df64f71855d171acf6f76687fe199f1f4cb4b7b95f9edc29cfbf
406,universe,Healthy Leaf,0,Healthy Leaf_IMG_20241104_182805.jpg.jpg,Healthy Leaf/Healthy Leaf_IMG_20241104_182805.jpg.jpg,725cb657278410946b19c0fe337747e11898e4b2df39bccda4d6a07f99234c06
407,universe,Healthy Leaf,0,Healthy Leaf_IMG_20241104_182811.jpg.jpg,Healthy Leaf/Healthy Leaf_IMG_20241104_182811.jpg.jpg,f2fb7ede8413aa888864d62967fa42a59f6cc36f0a57e8b9ed5930ac30651520
408,universe,Healthy Leaf,0,Healthy Leaf_IMG_20241104_182813.jpg.jpg,Healthy Leaf/Healthy Leaf_IMG_20241104_182813.jpg.jpg,f38826ecafeca3ed3140aaab66f0f8254cba709744c1787fe2a202be34847c5f
409,universe,Healthy Leaf,0,Healthy Leaf_IMG_20241104_182814.jpg.jpg,Healthy Leaf/Healthy Leaf_IMG_20241104_182814.jpg.jpg,d0e0cfc17ac8e74948752a646bb03b002d1c4c96a1bc74a7f89a6da5222b4e69
410,universe,Healthy Leaf,0,Healthy Leaf_IMG_20241104_182816.jpg.jpg,Healthy Leaf/Healthy Leaf_IMG_20241104_182816.jpg.jpg,792b795b8cf3256507bf37298cab1cb1969ef89681665fcba566540a2dcf75d8
411,universe,Healthy Leaf,0,Healthy Leaf_IMG_20241104_182826.jpg.jpg,Healthy Leaf/Healthy Leaf_IMG_20241104_182826.jpg.jpg,91dc6964ca4b8d457ff7b7f2297e4a0aaf1776a808f9ba3b4963102f32e0085e
412,universe,Healthy Leaf,0,Healthy Leaf_IMG_20241104_182829.jpg.jpg,Healthy Leaf/Healthy Leaf_IMG_20241104_182829.jpg.jpg,a0769c03a6a2569270776215799a2b0b4b07108818ca306cd9c88069cd983eaf
413,universe,Healthy Leaf,0,Healthy Leaf_IMG_20241104_182835.jpg.jpg,Healthy Leaf/Healthy Leaf_IMG_20241104_182835.jpg.jpg,2bcea15e1ad6d5d4f8c56369887b1522e31121f592030914a9542f208932478e
414,universe,Healthy Leaf,0,Healthy Leaf_IMG_20241104_182848.jpg.jpg,Healthy Leaf/Healthy Leaf_IMG_20241104_182848.jpg.jpg,c32ab58d85f17783c853628cf48f845e7243597030b90453f33c5b82652447e0
415,universe,Healthy Leaf,0,Healthy Leaf_IMG_20241104_182850.jpg.jpg,Healthy Leaf/Healthy Leaf_IMG_20241104_182850.jpg.jpg,95d9b3e32738ac16020509d15d7d1270fd32b46d0599f986ff21fa5ac39f1d68
416,universe,Healthy Leaf,0,Healthy Leaf_IMG_20241104_182851.jpg.jpg,Healthy Leaf/Healthy Leaf_IMG_20241104_182851.jpg.jpg,690141833f9cb6a8b82304005c818f79929cc56af23ea2c374e3a871b2508112
417,universe,Healthy Leaf,0,Healthy Leaf_IMG_20241104_182853.jpg.jpg,Healthy Leaf/Healthy Leaf_IMG_20241104_182853.jpg.jpg,f72ae3056e2bdc50dbe5b8b7b4dec011c060f7758038232751fbed63727b05a1
418,universe,Healthy Leaf,0,Healthy Leaf_IMG_20241104_182856.jpg.jpg,Healthy Leaf/Healthy Leaf_IMG_20241104_182856.jpg.jpg,a33ecfa76404daa43316213b37d352546baeeacd00028857832cdb32f09b9c2d
419,universe,Healthy Leaf,0,Healthy Leaf_IMG_20241104_182914.jpg.jpg,Healthy Leaf/Healthy Leaf_IMG_20241104_182914.jpg.jpg,4fdf3365d059d32e5af38a6ba20493e510f89a781046d154f3901a5d9f52431c
420,universe,Healthy Leaf,0,Healthy Leaf_IMG_20241104_182916.jpg.jpg,Healthy Leaf/Healthy Leaf_IMG_20241104_182916.jpg.jpg,f5e588ca9423f8fccb51cb0fc6e21e75bd46e0231c45c56f6b9cef61996b5d86
421,universe,Healthy Leaf,0,Healthy Leaf_IMG_20241104_182918.jpg.jpg,Healthy Leaf/Healthy Leaf_IMG_20241104_182918.jpg.jpg,1ff802a231468a925065bcf902b336fd34a0f4e8b32e7cc2fee970fc26562581
422,universe,Healthy Leaf,0,Healthy Leaf_IMG_20241104_182919.jpg.jpg,Healthy Leaf/Healthy Leaf_IMG_20241104_182919.jpg.jpg,534ae84fe5d72bafbe4baa47e323f99b87241edcfbff1ad5b782cf20588c7378
423,universe,Healthy Leaf,0,Healthy Leaf_IMG_20241104_182922.jpg.jpg,Healthy Leaf/Healthy Leaf_IMG_20241104_182922.jpg.jpg,98504f33c93b86cb0ff070e57fe98640e76ca12071ab9f837fdfd1a974a89b96
424,universe,Healthy Leaf,0,Healthy Leaf_IMG_20241104_182930.jpg.jpg,Healthy Leaf/Healthy Leaf_IMG_20241104_182930.jpg.jpg,42d979538f762d3298df09218021df49bcb6dfa2a1c842f0152bfc8f759b4cf1
425,universe,Healthy Leaf,0,Healthy Leaf_IMG_20241104_182932.jpg.jpg,Healthy Leaf/Healthy Leaf_IMG_20241104_182932.jpg.jpg,76b44ba3a669839e88ab1ecfccee50bf7a5c181f616700a7d67623abf58d6f39
426,universe,Healthy Leaf,0,Healthy Leaf_IMG_20241104_182934.jpg.jpg,Healthy Leaf/Healthy Leaf_IMG_20241104_182934.jpg.jpg,45c7bd15b0f7e4b1353d359513f6b0b705de2afe21f229226895db9c0ceefa89
427,universe,Healthy Leaf,0,Healthy Leaf_IMG_20241104_182935.jpg.jpg,Healthy Leaf/Healthy Leaf_IMG_20241104_182935.jpg.jpg,12ab44e47a0b098f5042866ba0d022f84f3f93e2153ddc4edf2fd6c52d6e6cf2
428,universe,Healthy Leaf,0,Healthy Leaf_IMG_20241104_183404.jpg.jpg,Healthy Leaf/Healthy Leaf_IMG_20241104_183404.jpg.jpg,2663ba3c8bd8da6722401051cc6f6c8303dab015183ebf06f9bd90f349ac47fe
429,universe,Healthy Leaf,0,Healthy Leaf_IMG_20241104_183405.jpg.jpg,Healthy Leaf/Healthy Leaf_IMG_20241104_183405.jpg.jpg,f7ab3b5c663a77d2c8ab11c11f8b2b35aac71544febee03c567e71f3f722a31c
430,universe,Healthy Leaf,0,Healthy Leaf_IMG_20241104_183408.jpg.jpg,Healthy Leaf/Healthy Leaf_IMG_20241104_183408.jpg.jpg,71a1604fe870383bf2c32069e4b137d11552fbd84ff34f53c87e7afc9634f407
431,universe,Healthy Leaf,0,Healthy Leaf_IMG_20241104_183410.jpg.jpg,Healthy Leaf/Healthy Leaf_IMG_20241104_183410.jpg.jpg,b5e4d41b28da69eba7679242cde55fb55e2bae7603bf361e9d0caf2f879245e2
432,universe,Healthy Leaf,0,Healthy Leaf_IMG_20241104_183421.jpg.jpg,Healthy Leaf/Healthy Leaf_IMG_20241104_183421.jpg.jpg,b24f7b2c7e220836bb4d8423439c3fd988daf36cdbc248979ac85a7e38c8a72d
433,universe,Healthy Leaf,0,Healthy Leaf_IMG_20241104_183424.jpg.jpg,Healthy Leaf/Healthy Leaf_IMG_20241104_183424.jpg.jpg,d9b66f595b644bfd80688bb115e00fa9b66c6b5b6be3fd8fec1b1d895ff35ffd
434,universe,Healthy Leaf,0,Healthy Leaf_IMG_20241104_183448.jpg.jpg,Healthy Leaf/Healthy Leaf_IMG_20241104_183448.jpg.jpg,21cee53cffde10b34e6ab7ebf92dc795b050163f98119f3d498aabe235debe86
435,universe,Healthy Leaf,0,Healthy Leaf_IMG_20241104_183449.jpg.jpg,Healthy Leaf/Healthy Leaf_IMG_20241104_183449.jpg.jpg,cdbe72ae6f598531288b30138159793d7dbdfef71fe4aecb6ab330e6a65c4fe7
436,universe,Healthy Leaf,0,Healthy Leaf_IMG_20241104_183451.jpg.jpg,Healthy Leaf/Healthy Leaf_IMG_20241104_183451.jpg.jpg,e1cd379fa29954262135e832cef597057c4c4ebf0afef7518fca4462d470a0da
437,universe,Healthy Leaf,0,Healthy Leaf_IMG_20241104_183452.jpg.jpg,Healthy Leaf/Healthy Leaf_IMG_20241104_183452.jpg.jpg,144dcd8bf9d27e08bea8edee8bf7e9d4e54cdae69ea38cd273225c2eb4899ab8
438,universe,Healthy Leaf,0,Healthy Leaf_IMG_20241104_183513.jpg.jpg,Healthy Leaf/Healthy Leaf_IMG_20241104_183513.jpg.jpg,9c838ecc927d7f11488edfd7b1ac449cb65aeed46b411d5dca303ae94495e72f
439,universe,Healthy Leaf,0,Healthy Leaf_IMG_20241104_183514.jpg.jpg,Healthy Leaf/Healthy Leaf_IMG_20241104_183514.jpg.jpg,67ef463dd8e61d736166a746aa5ff5e33309446221c6d2e44977d9e914a0fa59
440,universe,Healthy Leaf,0,Healthy Leaf_IMG_20241104_183517.jpg.jpg,Healthy Leaf/Healthy Leaf_IMG_20241104_183517.jpg.jpg,c27cc29bcc08b13c84273d8f65aea86b191811548c6fe1c495be05240a7da53c
441,universe,Healthy Leaf,0,Healthy Leaf_IMG_20241104_183519.jpg.jpg,Healthy Leaf/Healthy Leaf_IMG_20241104_183519.jpg.jpg,6c883cc08e33977709a0b7363951fbb11687839aa1d4e1757868d2fb671f44ac
442,universe,Healthy Leaf,0,Healthy Leaf_IMG_20241104_183538.jpg.jpg,Healthy Leaf/Healthy Leaf_IMG_20241104_183538.jpg.jpg,7ff7e52392b1cc4d610cc415e023164b71b96f2045df14560093e1f1cc1e7b9a
443,universe,Healthy Leaf,0,Healthy Leaf_IMG_20241104_183541.jpg.jpg,Healthy Leaf/Healthy Leaf_IMG_20241104_183541.jpg.jpg,7c8bdefcae0b72f242b6a0964e26383407b9bc420b4c4c2fe84c987ed9dd829b
444,universe,Healthy Leaf,0,Healthy Leaf_IMG_20241104_183542.jpg.jpg,Healthy Leaf/Healthy Leaf_IMG_20241104_183542.jpg.jpg,5899fd753be34173c6bb8948246983a20ac2d14547bd3305e200ad28e4805508
445,universe,Healthy Leaf,0,Healthy Leaf_IMG_20241104_183544.jpg.jpg,Healthy Leaf/Healthy Leaf_IMG_20241104_183544.jpg.jpg,3f6f5cdc36f78906baab76c2e24ff89b2c5eb5ae788dd629fe299dee9531a827
446,universe,Healthy Leaf,0,Healthy Leaf_IMG_20241104_183546.jpg.jpg,Healthy Leaf/Healthy Leaf_IMG_20241104_183546.jpg.jpg,d3443617fd357caa53f4f8fe783d09a283ee2dbe2110089d9cdd540c897ad734
447,universe,Healthy Leaf,0,Healthy Leaf_IMG_20241104_183610.jpg.jpg,Healthy Leaf/Healthy Leaf_IMG_20241104_183610.jpg.jpg,62cbfa59452a3d0366645c768009a61b66ced557bff8a94fcbfb3308a4cd22c6
448,universe,Healthy Leaf,0,Healthy Leaf_IMG_20241104_183612.jpg.jpg,Healthy Leaf/Healthy Leaf_IMG_20241104_183612.jpg.jpg,fead995e019034e91f7835acccfb82922e93f8d5e7d4949a33001f87321917bb
449,universe,Healthy Leaf,0,Healthy Leaf_IMG_20241104_183614.jpg.jpg,Healthy Leaf/Healthy Leaf_IMG_20241104_183614.jpg.jpg,8b45079cee8430c192cb16c626af6d69bb89b23f6f24f38445e157d6bdfc392f
450,universe,Healthy Leaf,0,Healthy Leaf_IMG_20241104_183616.jpg.jpg,Healthy Leaf/Healthy Leaf_IMG_20241104_183616.jpg.jpg,258e4e060dcc7c7c92c8e7db55011063a7cb2840a312c75ac5e1e04bfbcc59b2
451,universe,Healthy Leaf,0,Healthy Leaf_IMG_20241104_183634.jpg.jpg,Healthy Leaf/Healthy Leaf_IMG_20241104_183634.jpg.jpg,e36aa8cdf0848897f7be0a6a8fc533a7ac8e03d8f10b843aa847cb8145801a2e
452,universe,Healthy Leaf,0,Healthy Leaf_IMG_20241104_183635.jpg.jpg,Healthy Leaf/Healthy Leaf_IMG_20241104_183635.jpg.jpg,04924daf03e63e145a2411b77dd57461e90d18b88fa64e200b35dd476d267c42
453,universe,Healthy Leaf,0,Healthy Leaf_IMG_20241104_183637.jpg.jpg,Healthy Leaf/Healthy Leaf_IMG_20241104_183637.jpg.jpg,73065c82184adadbc04204133f634454e8ab9440f20a6dc931f015b6c092d44c
454,universe,Healthy Leaf,0,Healthy Leaf_IMG_20241104_183638.jpg.jpg,Healthy Leaf/Healthy Leaf_IMG_20241104_183638.jpg.jpg,e7356b170ccbd16a667100db5448581cc1f0b9489f3b3f5a7ad04c79736e08fc
455,universe,Healthy Leaf,0,Healthy Leaf_IMG_20241104_183640.jpg.jpg,Healthy Leaf/Healthy Leaf_IMG_20241104_183640.jpg.jpg,5531a8066fad4e0e1bb505869a8d4ef8c783b2c45bd6044f034594bb8f56111d
456,universe,Healthy Leaf,0,Healthy Leaf_IMG_20241104_183649.jpg.jpg,Healthy Leaf/Healthy Leaf_IMG_20241104_183649.jpg.jpg,4486ec6a13c3a6d472ffa3bbb77fb1081939d32c43580ea547e3505d15336267
457,universe,Healthy Leaf,0,Healthy Leaf_IMG_20241104_183650.jpg.jpg,Healthy Leaf/Healthy Leaf_IMG_20241104_183650.jpg.jpg,daf98111e722d38d469f474145f7bbde4dd424ee8cd36b08f240578f954d83cb
458,universe,Healthy Leaf,0,Healthy Leaf_IMG_20241104_183651.jpg.jpg,Healthy Leaf/Healthy Leaf_IMG_20241104_183651.jpg.jpg,bf580db7f275c11d217ab6817ffbf7508ed0de30cfdba7e465ef12b405d05329
459,universe,Healthy Leaf,0,Healthy Leaf_IMG_20241104_183652.jpg.jpg,Healthy Leaf/Healthy Leaf_IMG_20241104_183652.jpg.jpg,f775c574a85440f3a0012f46c2fb053db29f5b1477c47711638b801cebc4845f
460,universe,Healthy Leaf,0,Healthy Leaf_IMG_20241104_183654.jpg.jpg,Healthy Leaf/Healthy Leaf_IMG_20241104_183654.jpg.jpg,5879fc514e69e3f89bf057db7ead5d8dc4b2be05b786d8062a2bb0a039000316
461,universe,Healthy Leaf,0,Healthy Leaf_IMG_20241104_183714.jpg.jpg,Healthy Leaf/Healthy Leaf_IMG_20241104_183714.jpg.jpg,2c12407ba6786896b90c806ead4aaef1ed6d3c53c52abcf47217059f57b935c4
462,universe,Healthy Leaf,0,Healthy Leaf_IMG_20241104_183716.jpg.jpg,Healthy Leaf/Healthy Leaf_IMG_20241104_183716.jpg.jpg,9dd57bfc656025d7f70305c95273dab49b4950982391e7e844c4b4a134936eab
463,universe,Healthy Leaf,0,Healthy Leaf_IMG_20241104_183717.jpg.jpg,Healthy Leaf/Healthy Leaf_IMG_20241104_183717.jpg.jpg,742886a1c60c272e5981f28f7def5a952ad032f8ff449f6603e945234794bb52
464,universe,Healthy Leaf,0,Healthy Leaf_IMG_20241104_183719.jpg.jpg,Healthy Leaf/Healthy Leaf_IMG_20241104_183719.jpg.jpg,18b27b66749494dd9016d10201fa0e5f26d1ca98050125c86eb28eb7810b262d
465,universe,Healthy Leaf,0,Healthy Leaf_IMG_20241104_183732.jpg.jpg,Healthy Leaf/Healthy Leaf_IMG_20241104_183732.jpg.jpg,a09d1f3637a8ede3f05a4a90e3a24270a7d79ff6b89b4de2579f162b2e06c903
466,universe,Healthy Leaf,0,Healthy Leaf_IMG_20241104_183733.jpg.jpg,Healthy Leaf/Healthy Leaf_IMG_20241104_183733.jpg.jpg,661e134a9b9d3efd4cd1cdd4fbafa129724a9e544ceb1c23ca68eecfdbdc5a68
467,universe,Healthy Leaf,0,Healthy Leaf_IMG_20241104_183734.jpg.jpg,Healthy Leaf/Healthy Leaf_IMG_20241104_183734.jpg.jpg,1c4afe15302e5595dfff13c4f2a495d80af888ac148a35da072ee04b5b1906b8
468,universe,Healthy Leaf,0,Healthy Leaf_IMG_20241104_183735.jpg.jpg,Healthy Leaf/Healthy Leaf_IMG_20241104_183735.jpg.jpg,18109eacc4e91275281d2ac627cfdc02ad8f0ed689a4fd05b60bc3b490e84867
469,universe,Healthy Leaf,0,Healthy Leaf_IMG_20241104_183737.jpg.jpg,Healthy Leaf/Healthy Leaf_IMG_20241104_183737.jpg.jpg,ec8ed79f38e47fa1980d5468fb534adcc6e21c5ac284cf6de8283ab714c8418b
470,universe,Healthy Leaf,0,Healthy Leaf_IMG_20241104_183738.jpg.jpg,Healthy Leaf/Healthy Leaf_IMG_20241104_183738.jpg.jpg,93d5785de9e715fcab0fa97a164f68385371869c42b9e06d15b33c7b79981954
471,universe,Healthy Leaf,0,Healthy Leaf_IMG_20241104_183842.jpg.jpg,Healthy Leaf/Healthy Leaf_IMG_20241104_183842.jpg.jpg,c4bb415ce89bbab26b83aa0887991457cdd4a933338f6c0883ea6a57a288acc4
472,universe,Healthy Leaf,0,Healthy Leaf_IMG_20241104_183844.jpg.jpg,Healthy Leaf/Healthy Leaf_IMG_20241104_183844.jpg.jpg,643e55e64d7ddb1875c11fbfe396e572d5142e8e39a854d988c65480e639ad1b
473,universe,Healthy Leaf,0,Healthy Leaf_IMG_20241104_183846.jpg.jpg,Healthy Leaf/Healthy Leaf_IMG_20241104_183846.jpg.jpg,fc2551fa07c5ff3867a7c1fb4b86151272f96cc9d44aa23a73fc98811c524fe8
474,universe,Healthy Leaf,0,Healthy Leaf_IMG_20241104_183848.jpg.jpg,Healthy Leaf/Healthy Leaf_IMG_20241104_183848.jpg.jpg,7efb13fae81506ac0a89aad2101a5420f4ea098a993a41e4f9f7a12acccb7e8e
475,universe,Healthy Leaf,0,Healthy Leaf_IMG_20241104_183855.jpg.jpg,Healthy Leaf/Healthy Leaf_IMG_20241104_183855.jpg.jpg,8386219ec03b5453081c27632f5a1957e74a3e3d4e6e81bc3b76e3b3369fc027
476,universe,Healthy Leaf,0,Healthy Leaf_IMG_20241104_183858.jpg.jpg,Healthy Leaf/Healthy Leaf_IMG_20241104_183858.jpg.jpg,5e796638cf3bbe071f08c58803834655a06d59ae4d327f3f4211d8d55ca1c595
477,universe,Healthy Leaf,0,Healthy Leaf_IMG_20241104_183859.jpg.jpg,Healthy Leaf/Healthy Leaf_IMG_20241104_183859.jpg.jpg,2c7cdaa7d9dc8161a709dcfbb8eba0d3414e0abc1509b70365bea54f8707f753
478,universe,Healthy Leaf,0,Healthy Leaf_IMG_20241104_184033.jpg.jpg,Healthy Leaf/Healthy Leaf_IMG_20241104_184033.jpg.jpg,e290265023f334dfee3eb1bcbe430296035b7665df53c62da3b417b77a06d836
479,universe,Healthy Leaf,0,Healthy Leaf_IMG_20241104_184034.jpg.jpg,Healthy Leaf/Healthy Leaf_IMG_20241104_184034.jpg.jpg,0c0dc0821e03e198646a5fd231490e2e5014e407c765c87dbe084f79d08d5f29
480,universe,Healthy Leaf,0,Healthy Leaf_IMG_20241104_184035.jpg.jpg,Healthy Leaf/Healthy Leaf_IMG_20241104_184035.jpg.jpg,fcacbfbc915595d7d6df05f52b0ad410150d6674cbfc02beb2043d8d079f929a
481,universe,Healthy Leaf,0,Healthy Leaf_IMG_20241104_184037.jpg.jpg,Healthy Leaf/Healthy Leaf_IMG_20241104_184037.jpg.jpg,28d459a89413f45252948c59550d4dfb35e1c2c9a2fec02df07450f136a41e52
482,universe,Healthy Leaf,0,Healthy Leaf_IMG_20241104_184117.jpg.jpg,Healthy Leaf/Healthy Leaf_IMG_20241104_184117.jpg.jpg,4a30258d9dce2390272fea8260eed98d7a8516f8912c3139a9fdd056cf102253
483,universe,Healthy Leaf,0,Healthy Leaf_IMG_20241104_184118.jpg.jpg,Healthy Leaf/Healthy Leaf_IMG_20241104_184118.jpg.jpg,de76fedf991fcdd0b2d41a16be0dc34c249fb179601e7d276aaa71e2c1ab63e5
484,universe,Healthy Leaf,0,Healthy Leaf_IMG_20241104_184120.jpg.jpg,Healthy Leaf/Healthy Leaf_IMG_20241104_184120.jpg.jpg,d4018cb3c98ed68ac532d85ed8835b2a6adaf0a228d405a5c73770e49682cf34
485,universe,Healthy Leaf,0,Healthy Leaf_IMG_20241104_184121.jpg.jpg,Healthy Leaf/Healthy Leaf_IMG_20241104_184121.jpg.jpg,d79e4951a28ba486279a4e4bb4ece4870ba5906742f1c5625f60806f898c9111
486,universe,Healthy Leaf,0,Healthy Leaf_IMG_20241104_184122.jpg.jpg,Healthy Leaf/Healthy Leaf_IMG_20241104_184122.jpg.jpg,0c1da1698c072bb8553a467ea9a2c5be3c25e2ff682a60568cd432ddcc8c696a
487,universe,Healthy Leaf,0,Healthy Leaf_IMG_20241104_184126.jpg.jpg,Healthy Leaf/Healthy Leaf_IMG_20241104_184126.jpg.jpg,ac750cd3861e8ea28d142d73babe3313d8fce244a7caddb0827dfad567ca16f4
488,universe,Healthy Leaf,0,Healthy Leaf_IMG_20241104_184128.jpg.jpg,Healthy Leaf/Healthy Leaf_IMG_20241104_184128.jpg.jpg,1b1c68c3fe1d2c876c89c420985a81f7b3ccae60858409d2f05f349fbff2496c
489,universe,Healthy Leaf,0,Healthy Leaf_IMG_20241104_184129.jpg.jpg,Healthy Leaf/Healthy Leaf_IMG_20241104_184129.jpg.jpg,7017609d64b92f3a20bc9d8ecfa1da9383f60af831145e87f1fbe3b26e1f4de1
490,universe,Healthy Leaf,0,Healthy Leaf_IMG_20241104_184131.jpg.jpg,Healthy Leaf/Healthy Leaf_IMG_20241104_184131.jpg.jpg,41625b963d5723b1b13e54e1968f00390a4b337f0c404baf5b0f16d28f5f79b6
491,universe,Healthy Leaf,0,Healthy Leaf_IMG_20241104_184141.jpg.jpg,Healthy Leaf/Healthy Leaf_IMG_20241104_184141.jpg.jpg,6a714bb486c644969fc5b2f66a60afea16062f9edf170fe9c597c65629d0f00c
492,universe,Healthy Leaf,0,Healthy Leaf_IMG_20241104_184142.jpg.jpg,Healthy Leaf/Healthy Leaf_IMG_20241104_184142.jpg.jpg,538123dc4fb39ca3c0a1ebf238eb12fa3794df92c5434f28b185321ff471596a
493,universe,Healthy Leaf,0,Healthy Leaf_IMG_20241104_184143.jpg.jpg,Healthy Leaf/Healthy Leaf_IMG_20241104_184143.jpg.jpg,8076dbd31eae0c692963b377eef229903f94984e3caab9c283ccf1f768102cb3
494,universe,Healthy Leaf,0,Healthy Leaf_IMG_20241104_184144.jpg.jpg,Healthy Leaf/Healthy Leaf_IMG_20241104_184144.jpg.jpg,4af605bc52f27ee2bcb3f252fa32acf3b584937a6518fdf6219cacc67e577813
495,universe,Healthy Leaf,0,Healthy Leaf_IMG_20241104_184145.jpg.jpg,Healthy Leaf/Healthy Leaf_IMG_20241104_184145.jpg.jpg,2d3bad265c470f7d9d544dff596c5d5167dac8bbdc68cc620706530a9a8e0590
496,universe,Healthy Leaf,0,Healthy Leaf_IMG_20241104_184150.jpg.jpg,Healthy Leaf/Healthy Leaf_IMG_20241104_184150.jpg.jpg,d2b9e84e939fbc04f4abd13a8696507fa48063b9882c5555b15aa0a97e1db5ea
497,universe,Healthy Leaf,0,Healthy Leaf_IMG_20241104_184151.jpg.jpg,Healthy Leaf/Healthy Leaf_IMG_20241104_184151.jpg.jpg,37e711cf6fb813b7e43ee3eec2fa02911ae2b6ddc3c3a6bfb2529d81cb04a52f
498,universe,Healthy Leaf,0,Healthy Leaf_IMG_20241104_184152.jpg.jpg,Healthy Leaf/Healthy Leaf_IMG_20241104_184152.jpg.jpg,1313e435c6afa7f2801fed33d0482bc96abada171674cecb1d289ccd26d217d8
499,universe,Healthy Leaf,0,Healthy Leaf_IMG_20241104_184203.jpg.jpg,Healthy Leaf/Healthy Leaf_IMG_20241104_184203.jpg.jpg,af801174e16334aa74bd027078e3232f83c4d51707b85c8725d15324a3eaddc0
500,universe,Healthy Leaf,0,Healthy Leaf_IMG_20241104_184204.jpg.jpg,Healthy Leaf/Healthy Leaf_IMG_20241104_184204.jpg.jpg,dc112aacd216ca66e96c60ddd16e10250d5cd8faef83e2b6fd271b0969f875a6
501,universe,Healthy Leaf,0,Healthy Leaf_IMG_20241104_184206.jpg.jpg,Healthy Leaf/Healthy Leaf_IMG_20241104_184206.jpg.jpg,5aa681865a75ef850a66ce02570b487c1a32793dd37b50ce9f9a99336061f2aa
502,universe,Healthy Leaf,0,Healthy Leaf_IMG_20241104_184212.jpg.jpg,Healthy Leaf/Healthy Leaf_IMG_20241104_184212.jpg.jpg,f790c39f5961b38c6c16129d2731192fd1ed30aeb47ab4e3a4d081a206b425cd
503,universe,Healthy Leaf,0,Healthy Leaf_IMG_20241104_184216.jpg.jpg,Healthy Leaf/Healthy Leaf_IMG_20241104_184216.jpg.jpg,23239bc3976494315f4929fce93e4786ed982e85fe05ead0bcea00744e5c64e0
504,universe,Healthy Leaf,0,Healthy Leaf_IMG_20241104_184217.jpg.jpg,Healthy Leaf/Healthy Leaf_IMG_20241104_184217.jpg.jpg,38dfc9345a52e3b0fdcef05c2d38474422fd9f44c07e831f32088202af5c2689
505,universe,Healthy Leaf,0,Healthy Leaf_IMG_20241104_184235.jpg.jpg,Healthy Leaf/Healthy Leaf_IMG_20241104_184235.jpg.jpg,bcfb09986335658cac78908d7d7c7470c27a661eef043fc97c3af2288408a4e3
506,universe,Healthy Leaf,0,Healthy Leaf_IMG_20241104_184237.jpg.jpg,Healthy Leaf/Healthy Leaf_IMG_20241104_184237.jpg.jpg,a8c8e632b5d5e82d6c9131c47b441de876ea255812db27ed537da8e5aa3d18c6
507,universe,Healthy Leaf,0,Healthy Leaf_IMG_20241104_184239.jpg.jpg,Healthy Leaf/Healthy Leaf_IMG_20241104_184239.jpg.jpg,2163eea3f912f93ef9fd0c6b90a0c594afa8d82379aed3640232778352c2fc4d
508,universe,Healthy Leaf,0,Healthy Leaf_IMG_20241104_184250.jpg.jpg,Healthy Leaf/Healthy Leaf_IMG_20241104_184250.jpg.jpg,f9ffd3566bee40f8b7edb4c26efbcd109bf3717ca19b4d2bdcd25a900c0e00fb
509,universe,Healthy Leaf,0,Healthy Leaf_IMG_20241104_184300.jpg.jpg,Healthy Leaf/Healthy Leaf_IMG_20241104_184300.jpg.jpg,217b1aeb58675622a2d977a6b43dab98bae3e3e12e529038850aab174bcba280
510,universe,Healthy Leaf,0,Healthy Leaf_IMG_20241104_184301.jpg.jpg,Healthy Leaf/Healthy Leaf_IMG_20241104_184301.jpg.jpg,05fce3fdad794936eb86fcd62e3b4795f19cfb94d95d00417132a28fe88e9e23
511,universe,Healthy Leaf,0,Healthy Leaf_IMG_20241104_184302.jpg.jpg,Healthy Leaf/Healthy Leaf_IMG_20241104_184302.jpg.jpg,75df979abe91eb7e94ea1b520dc416083ade1692d2fa9464364c15822566432d
512,universe,Healthy Leaf,0,Healthy Leaf_IMG_20241104_184304.jpg.jpg,Healthy Leaf/Healthy Leaf_IMG_20241104_184304.jpg.jpg,8427e98191c453248f9c39352889d7151e7b199f5e45209a8b98dcd2de1bcc0b
513,universe,Healthy Leaf,0,Healthy Leaf_IMG_20241104_184319.jpg.jpg,Healthy Leaf/Healthy Leaf_IMG_20241104_184319.jpg.jpg,f86800a98270905f62b61dbd8f9b3c8face34fc85c6b611cb2edcd3b5625b76e
514,universe,Healthy Leaf,0,Healthy Leaf_IMG_20241104_184322.jpg.jpg,Healthy Leaf/Healthy Leaf_IMG_20241104_184322.jpg.jpg,4d6190e98635b3b66790cdeab7db79abc20595932862a829a14e2d449319c773
515,universe,Healthy Leaf,0,Healthy Leaf_IMG_20241104_184332.jpg.jpg,Healthy Leaf/Healthy Leaf_IMG_20241104_184332.jpg.jpg,d5dc65573bb1cb3483e8c6b342b2989a44d35e70ca9cac60bedff29fb16d78ab
516,universe,Healthy Leaf,0,Healthy Leaf_IMG_20241104_184333.jpg.jpg,Healthy Leaf/Healthy Leaf_IMG_20241104_184333.jpg.jpg,ff0822a1e0fed7a64d9137c0d551bcdeae9caed4796bab7b58fb0e00f292776e
517,universe,Healthy Leaf,0,Healthy Leaf_IMG_20241104_184335.jpg.jpg,Healthy Leaf/Healthy Leaf_IMG_20241104_184335.jpg.jpg,f46e8a64d980a2139e22e6ac2fd82bd43deff4b0ea0c06241a54b39f580d4117
518,universe,Healthy Leaf,0,Healthy Leaf_IMG_20241104_184338.jpg.jpg,Healthy Leaf/Healthy Leaf_IMG_20241104_184338.jpg.jpg,4b55884bc139510986410dffb66fb8bccaf3c8b431df77451c1f23bfe4af0cbc
519,universe,Healthy Leaf,0,Healthy Leaf_IMG_20241104_184343.jpg.jpg,Healthy Leaf/Healthy Leaf_IMG_20241104_184343.jpg.jpg,8f6bc16164a7f77b34e5125926157e64f94a751e27a82c0bcdc696c859e2fd3c
520,universe,Healthy Leaf,0,Healthy Leaf_IMG_20241104_184344.jpg.jpg,Healthy Leaf/Healthy Leaf_IMG_20241104_184344.jpg.jpg,91ac16c76c2dba93164e323842d6cbd028acbb38dfa1a28e6440f33d2c85b2a6
521,universe,Healthy Leaf,0,Healthy Leaf_IMG_20241104_184346.jpg.jpg,Healthy Leaf/Healthy Leaf_IMG_20241104_184346.jpg.jpg,91a36f31848e67c8df7214a2e188af0b59b029b731f404b9c7f6282672bf410f
522,universe,Healthy Leaf,0,Healthy Leaf_IMG_20241104_184347.jpg.jpg,Healthy Leaf/Healthy Leaf_IMG_20241104_184347.jpg.jpg,81e4e2c908e481ad668e5e352612fb99de35f2ecb2de640befe1cebfc0262be1
523,universe,Healthy Leaf,0,Healthy Leaf_IMG_20241104_184355.jpg.jpg,Healthy Leaf/Healthy Leaf_IMG_20241104_184355.jpg.jpg,669452861aaf03278addb593e5212541b66efd145b25cc786989a081f32de7ab
524,universe,Healthy Leaf,0,Healthy Leaf_IMG_20241104_184356.jpg.jpg,Healthy Leaf/Healthy Leaf_IMG_20241104_184356.jpg.jpg,494ad69d0ac5ff04b415543dd53e34d6629e8ed03c6c23f939d4f29a2331555d
525,universe,Healthy Leaf,0,Healthy Leaf_IMG_20241104_184400.jpg.jpg,Healthy Leaf/Healthy Leaf_IMG_20241104_184400.jpg.jpg,62fbbafe3a39ebc85b79da84400de28e11931af3dc827f9c5e1773805cade2bf
526,universe,Healthy Leaf,0,Healthy Leaf_IMG_20241104_184402.jpg.jpg,Healthy Leaf/Healthy Leaf_IMG_20241104_184402.jpg.jpg,96b6d2f45bf717596de854d46553c95148784f91743fe5b614805b2d610da607
527,universe,Healthy Leaf,0,Healthy Leaf_IMG_20241104_184405.jpg.jpg,Healthy Leaf/Healthy Leaf_IMG_20241104_184405.jpg.jpg,87f4eced4b19eb6961c5ae2c1800d9d9cd6da9799c188affaa661f5beb177789
528,universe,Healthy Leaf,0,Healthy Leaf_IMG_20241104_184411.jpg.jpg,Healthy Leaf/Healthy Leaf_IMG_20241104_184411.jpg.jpg,b567b0d7db1f39bc751069712b4b8a2ca556157b93a468e6eda184f2cf0d6aef
529,universe,Healthy Leaf,0,Healthy Leaf_IMG_20241104_184412.jpg.jpg,Healthy Leaf/Healthy Leaf_IMG_20241104_184412.jpg.jpg,6a8e7005d66389dd5484a9a496aac26247b3a18d544f10d5d9e5646833fa6bfe
530,universe,Healthy Leaf,0,Healthy Leaf_IMG_20241104_184414.jpg.jpg,Healthy Leaf/Healthy Leaf_IMG_20241104_184414.jpg.jpg,b4ce79bb986382be8c8ff2224c30ebc200e2756c64ad7c930984a3962b1a2321
531,universe,Healthy Leaf,0,Healthy Leaf_IMG_20241104_184415.jpg.jpg,Healthy Leaf/Healthy Leaf_IMG_20241104_184415.jpg.jpg,0f887200f146653add3602008f2cabaa1179b9c11f64f93d5835a77469ca1213
532,universe,Healthy Leaf,0,Healthy Leaf_IMG_20241104_184421.jpg.jpg,Healthy Leaf/Healthy Leaf_IMG_20241104_184421.jpg.jpg,661d2ba57a198ae43d35d3915695c199f8d9ab378c4483e81cf9153abde2ec79
533,universe,Healthy Leaf,0,Healthy Leaf_IMG_20241104_184422.jpg.jpg,Healthy Leaf/Healthy Leaf_IMG_20241104_184422.jpg.jpg,64a167e03e0d69604e445d4c42971bd267a59b82707e8a147cfc89d820cf8a18
534,universe,Healthy Leaf,0,Healthy Leaf_IMG_20241104_184423.jpg.jpg,Healthy Leaf/Healthy Leaf_IMG_20241104_184423.jpg.jpg,abfd9b73071e313f4f366fa18281634ce04af7a1a9f70111e31d573395e72ad6
535,universe,Healthy Leaf,0,Healthy Leaf_IMG_20241104_184425.jpg.jpg,Healthy Leaf/Healthy Leaf_IMG_20241104_184425.jpg.jpg,8fe44a1bf1a1694ac4d59bdbdca9dfc5bb2ce7a4b39f2f04d5b7375021dd639f
536,universe,Healthy Leaf,0,Healthy Leaf_IMG_20241104_184426.jpg.jpg,Healthy Leaf/Healthy Leaf_IMG_20241104_184426.jpg.jpg,a5d851d62ac17ece1e8492dfb0c5323ee71c295606e37387c67ca15c7c0f0fb7
537,universe,Healthy Leaf,0,Healthy Leaf_IMG_20241104_184431.jpg.jpg,Healthy Leaf/Healthy Leaf_IMG_20241104_184431.jpg.jpg,58d420f9190f78c71610fcdf19a6c6fe277bf2c6e770fc39c1b5cb2dd4ac155a
538,universe,Healthy Leaf,0,Healthy Leaf_IMG_20241104_184432.jpg.jpg,Healthy Leaf/Healthy Leaf_IMG_20241104_184432.jpg.jpg,ce6d1e1438470cec87dd9cc0425499ffc1e4b91894820a1a7131389d40cd37fb
539,universe,Healthy Leaf,0,Healthy Leaf_IMG_20241104_184433.jpg.jpg,Healthy Leaf/Healthy Leaf_IMG_20241104_184433.jpg.jpg,f301f4a18906e6096ce78c1675fd8073805c1f76c8c5f8f2eb6332df80486175
540,universe,Healthy Leaf,0,Healthy Leaf_IMG_20241104_184434.jpg.jpg,Healthy Leaf/Healthy Leaf_IMG_20241104_184434.jpg.jpg,15fe99474f7be64409e2171f019b9e5ed9a3bc51b44678a77218c73d8038b7a8
541,universe,Healthy Leaf,0,Healthy Leaf_IMG_20241104_184436.jpg.jpg,Healthy Leaf/Healthy Leaf_IMG_20241104_184436.jpg.jpg,f931b35e62a2d18edca4a286a80496a3b90c60568d3a772ef086698494da0de1
542,universe,Healthy Leaf,0,Healthy Leaf_IMG_20241104_184441.jpg.jpg,Healthy Leaf/Healthy Leaf_IMG_20241104_184441.jpg.jpg,c6235f2a431b8c5ed3969f956853e0bb8132d4e5d05bd2a7835f184854d33a72
543,universe,Healthy Leaf,0,Healthy Leaf_IMG_20241104_184443.jpg.jpg,Healthy Leaf/Healthy Leaf_IMG_20241104_184443.jpg.jpg,639d8dc9eeb9bee316c70d04f126fc84c3799389e32033dcc1a42be8ad585cb2
544,universe,Healthy Leaf,0,Healthy Leaf_IMG_20241104_184444.jpg.jpg,Healthy Leaf/Healthy Leaf_IMG_20241104_184444.jpg.jpg,6bf5a9b512fdf1b1d03c3c36a9e9f6299a5fd4a7641061ad47f3771800e1dfe6
545,universe,Healthy Leaf,0,Healthy Leaf_IMG_20241104_184445.jpg.jpg,Healthy Leaf/Healthy Leaf_IMG_20241104_184445.jpg.jpg,e769f1bfec53fdef801baf4296501068d3f5ca8947106b35ab4e41bda8cda64b
546,universe,Healthy Leaf,0,Healthy Leaf_IMG_20241104_184454.jpg.jpg,Healthy Leaf/Healthy Leaf_IMG_20241104_184454.jpg.jpg,c611a93c9e0f28d65de788269cc518b3f173f0c367b7c424a46dd0ebccb42403
547,universe,Healthy Leaf,0,Healthy Leaf_IMG_20241104_184455.jpg.jpg,Healthy Leaf/Healthy Leaf_IMG_20241104_184455.jpg.jpg,410fd4bda56caa1a98a4089a0fe34297966706a4e3729053ba9eee035b2780c8
548,universe,Healthy Leaf,0,Healthy Leaf_IMG_20241104_184456.jpg.jpg,Healthy Leaf/Healthy Leaf_IMG_20241104_184456.jpg.jpg,2be46351df97285859927724d9cc2ddf9b75356215bb6bbe90972b8353f7c95b
549,universe,Healthy Leaf,0,Healthy Leaf_IMG_20241104_184457.jpg.jpg,Healthy Leaf/Healthy Leaf_IMG_20241104_184457.jpg.jpg,d42896c571fee24fc33e72a297f1c2c4d7c203df12fa6f9b7d6c654e14c20d0d
550,universe,Healthy Leaf,0,Healthy Leaf_IMG_20241104_184458.jpg.jpg,Healthy Leaf/Healthy Leaf_IMG_20241104_184458.jpg.jpg,dca459843c6ae0722b326384462f5234b4e8b85135d7e7bc0417f9e9469a44b3
551,universe,Healthy Leaf,0,Healthy Leaf_IMG_20241104_184505.jpg.jpg,Healthy Leaf/Healthy Leaf_IMG_20241104_184505.jpg.jpg,78cb6af4b7b4706e8fe78a566c9a18e2763e05566b228e276d2b2b96fea6dcfb
552,universe,Healthy Leaf,0,Healthy Leaf_IMG_20241104_184507.jpg.jpg,Healthy Leaf/Healthy Leaf_IMG_20241104_184507.jpg.jpg,825a5478b91ad55133c2ca0f272b41cac2ca3a8b9c70ab9d84b74ea5309ea33d
553,universe,Healthy Leaf,0,Healthy Leaf_IMG_20241104_184508.jpg.jpg,Healthy Leaf/Healthy Leaf_IMG_20241104_184508.jpg.jpg,ae7b3dfbc210c67b691fed67c6025f8c546dd064561635f229dfbf37c7ce2547
554,universe,Healthy Leaf,0,Healthy Leaf_IMG_20241104_184515.jpg.jpg,Healthy Leaf/Healthy Leaf_IMG_20241104_184515.jpg.jpg,d9ae6f9c2c67b8d6ebe5edabba05055578a61313b13be522f29b85fbda76b3d6
555,universe,Healthy Leaf,0,Healthy Leaf_IMG_20241104_184517.jpg.jpg,Healthy Leaf/Healthy Leaf_IMG_20241104_184517.jpg.jpg,8ae064958c7c244ce4af6219159b69804ca1f7d3d04eac0768576b2c0cced4ed
556,universe,Healthy Leaf,0,Healthy Leaf_IMG_20241104_184518.jpg.jpg,Healthy Leaf/Healthy Leaf_IMG_20241104_184518.jpg.jpg,344e1d8a83a8d4681b4fe89bcf029aed8ecd11dfa32b3e55ffd88ff666992aad
557,universe,Healthy Leaf,0,Healthy Leaf_IMG_20241104_184519.jpg.jpg,Healthy Leaf/Healthy Leaf_IMG_20241104_184519.jpg.jpg,0672622b27af45da6a4e4a6f2fa7af45a990e0d89a09340ef2767e1d36120351
558,universe,Healthy Leaf,0,Healthy Leaf_IMG_20241104_184520.jpg.jpg,Healthy Leaf/Healthy Leaf_IMG_20241104_184520.jpg.jpg,53568ff828406da47e7fe635e4bd106f5228daccdc918ae6b0ab0b804ac4dd58
559,universe,Healthy Leaf,0,Healthy Leaf_IMG_20241104_184526.jpg.jpg,Healthy Leaf/Healthy Leaf_IMG_20241104_184526.jpg.jpg,e2e25315ce9b84af21644c6e0de2925699e172ed802156517473a23b04552381
560,universe,Healthy Leaf,0,Healthy Leaf_IMG_20241104_184529.jpg.jpg,Healthy Leaf/Healthy Leaf_IMG_20241104_184529.jpg.jpg,b9dcadef647faa0d48dfac0094769dc53e569ab140383c83c54bab948665244e
561,universe,Healthy Leaf,0,Healthy Leaf_IMG_20241104_184530.jpg.jpg,Healthy Leaf/Healthy Leaf_IMG_20241104_184530.jpg.jpg,7459c97ee003e66ef4b9b2a11fa4eb225d726cdf92309f6edf7a9876266743c5
562,universe,Healthy Leaf,0,Healthy Leaf_IMG_20241104_184531.jpg.jpg,Healthy Leaf/Healthy Leaf_IMG_20241104_184531.jpg.jpg,4aa29c328e6558e91addabd36c82ec90ae28c4195cd3fb447a59a2623194cd34
563,universe,Healthy Leaf,0,Healthy Leaf_IMG_20241104_184540.jpg.jpg,Healthy Leaf/Healthy Leaf_IMG_20241104_184540.jpg.jpg,7948dba8917aa0822751db0069ead4ac2de35cf62265d9265446a151b5348b4b
564,universe,Healthy Leaf,0,Healthy Leaf_IMG_20241104_184542.jpg.jpg,Healthy Leaf/Healthy Leaf_IMG_20241104_184542.jpg.jpg,23a2d1baf60007b6a251ff20e5dca14c4865bd5d212810652571be8547c2dec3
565,universe,Healthy Leaf,0,Healthy Leaf_IMG_20241104_184543.jpg.jpg,Healthy Leaf/Healthy Leaf_IMG_20241104_184543.jpg.jpg,e534cb03a13a647e01a91bc91eede1cdcb6290db0836573e13e908efdc5553bf
566,universe,Healthy Leaf,0,Healthy Leaf_IMG_20241104_184543_1.jpg.jpg,Healthy Leaf/Healthy Leaf_IMG_20241104_184543_1.jpg.jpg,ef684a9ac5ecafa575e29dcd59b894c5834536908ab52563b856f6cfaf9f0a31
567,universe,Healthy Leaf,0,Healthy Leaf_IMG_20241104_184545.jpg.jpg,Healthy Leaf/Healthy Leaf_IMG_20241104_184545.jpg.jpg,0a535cd7182d0faacdcd615fb57c6ee6c85243a131be7f2800f7e154bb1ca94f
568,universe,Healthy Leaf,0,Healthy Leaf_IMG_20241104_185421.jpg.jpg,Healthy Leaf/Healthy Leaf_IMG_20241104_185421.jpg.jpg,acec6f44c7441113a6d77a7c4a2f256dd453b4f1e842e7e37eaf28b03f23d395
569,universe,Healthy Leaf,0,Healthy Leaf_IMG_20241104_185422.jpg.jpg,Healthy Leaf/Healthy Leaf_IMG_20241104_185422.jpg.jpg,91476af724a5e25d124504d94cd20f85dc8a4f56747be44f866d89df3037c2e9
570,universe,Healthy Leaf,0,Healthy Leaf_IMG_20241104_185423.jpg.jpg,Healthy Leaf/Healthy Leaf_IMG_20241104_185423.jpg.jpg,209def4cb32be8195d13f5291b0f1fde5a1f9b44a0e9e4fc62c06933769e5b8a
571,universe,Healthy Leaf,0,Healthy Leaf_IMG_20241104_185429.jpg.jpg,Healthy Leaf/Healthy Leaf_IMG_20241104_185429.jpg.jpg,5c3b59590da731eccc69277bd07d028bdffb7da9594a00d8ca4c3ac43f3b42e7
572,universe,Healthy Leaf,0,Healthy Leaf_IMG_20241104_185433.jpg.jpg,Healthy Leaf/Healthy Leaf_IMG_20241104_185433.jpg.jpg,1d51204d4d83ca518ad6c682835b50da32646f030fea3f6449cca70a3e7a41dd
573,universe,Healthy Leaf,0,Healthy Leaf_IMG_20241104_185435.jpg.jpg,Healthy Leaf/Healthy Leaf_IMG_20241104_185435.jpg.jpg,db53c8f40e75f5274d9687db3cc026ce250bbbea248a0fcdd584922843d24592
574,universe,Healthy Leaf,0,Healthy Leaf_IMG_20241104_185445.jpg.jpg,Healthy Leaf/Healthy Leaf_IMG_20241104_185445.jpg.jpg,72bd9f38ac17df03c282f6f79293f56a188bd3062812d5a30d1b46d12e086f07
575,universe,Healthy Leaf,0,Healthy Leaf_IMG_20241104_185445_1.jpg.jpg,Healthy Leaf/Healthy Leaf_IMG_20241104_185445_1.jpg.jpg,15dae33944a02ca363acd2816377d8a714066fab9d42c882205ed081930f2b0f
576,universe,Healthy Leaf,0,Healthy Leaf_IMG_20241104_185446.jpg.jpg,Healthy Leaf/Healthy Leaf_IMG_20241104_185446.jpg.jpg,1f2d38e9d593ad80b192807e4c62cc5553e66cf9a263f1eec44adfdb421c5cf1
577,universe,Healthy Leaf,0,Healthy Leaf_IMG_20241104_185448.jpg.jpg,Healthy Leaf/Healthy Leaf_IMG_20241104_185448.jpg.jpg,f93ab8978f87788513c099150911f65d4a43d25fdae97b0b33060fc8b245d86d
578,universe,Healthy Leaf,0,Healthy Leaf_IMG_20241104_185500.jpg.jpg,Healthy Leaf/Healthy Leaf_IMG_20241104_185500.jpg.jpg,e20189440b278e676c02798b84f698204857d900eca26b694ef2e3396942f730
579,universe,Healthy Leaf,0,Healthy Leaf_IMG_20241104_185504.jpg.jpg,Healthy Leaf/Healthy Leaf_IMG_20241104_185504.jpg.jpg,ed1a75a9a20bc8a7e244c09a72587a036291bf885c5111883d9654d393bb5efe
580,universe,Healthy Leaf,0,Healthy Leaf_IMG_20241104_185506.jpg.jpg,Healthy Leaf/Healthy Leaf_IMG_20241104_185506.jpg.jpg,de6dd312461bc1ddbee7485d6857f9d1a04e7cdcf9f1823b2a22c673490feea7
581,universe,Healthy Leaf,0,Healthy Leaf_IMG_20241104_185519.jpg.jpg,Healthy Leaf/Healthy Leaf_IMG_20241104_185519.jpg.jpg,fc75dd7ae9e8ad23f15ad4288f6e3d1e5605dcf4df6d1a607cebd252b930ff7f
582,universe,Healthy Leaf,0,Healthy Leaf_IMG_20241104_185520.jpg.jpg,Healthy Leaf/Healthy Leaf_IMG_20241104_185520.jpg.jpg,f2a23743f5f6345a3f896e551ee0daa0c4384e17360a5a5a1a89733247c8d6eb
583,universe,Healthy Leaf,0,Healthy Leaf_IMG_20241104_185521.jpg.jpg,Healthy Leaf/Healthy Leaf_IMG_20241104_185521.jpg.jpg,da07818854a45cd1fa8949bc3c6df75426e84d57052df4cd21f188373ce03f4c
584,universe,Healthy Leaf,0,Healthy Leaf_IMG_20241104_185522.jpg.jpg,Healthy Leaf/Healthy Leaf_IMG_20241104_185522.jpg.jpg,919ea4d563166401efb6ef42d7bc1ac411e5dcefbc0b51d0c44e6ee36878aad8
585,universe,Healthy Leaf,0,Healthy Leaf_IMG_20241104_185532.jpg.jpg,Healthy Leaf/Healthy Leaf_IMG_20241104_185532.jpg.jpg,f17cde9d77f2e04193040cd6c4e7c6c3149233cfb9ae403a7f58c2f5a01f87e2
586,universe,Healthy Leaf,0,Healthy Leaf_IMG_20241104_185534.jpg.jpg,Healthy Leaf/Healthy Leaf_IMG_20241104_185534.jpg.jpg,c42e476a4d3cc4a6930a33a6184edd3ee799e38d6c36d826b3645ac44cc731d7
587,universe,Healthy Leaf,0,Healthy Leaf_IMG_20241104_185536.jpg.jpg,Healthy Leaf/Healthy Leaf_IMG_20241104_185536.jpg.jpg,1e07457905397ec2a94d49495b4212a909977b4ce2250e20917c5f59d7101787
588,universe,Healthy Leaf,0,Healthy Leaf_IMG_20241104_185539.jpg.jpg,Healthy Leaf/Healthy Leaf_IMG_20241104_185539.jpg.jpg,630cb8c1019b2afb47238645c54def22815ee520bc9f51925696c95fe85b634e
589,universe,Healthy Leaf,0,Healthy Leaf_IMG_20241104_185546.jpg.jpg,Healthy Leaf/Healthy Leaf_IMG_20241104_185546.jpg.jpg,32fc4e226bca4c6fbb04d4d14182aa9e777da8c93784d698d011d50a70fb0e35
590,universe,Healthy Leaf,0,Healthy Leaf_IMG_20241104_185547.jpg.jpg,Healthy Leaf/Healthy Leaf_IMG_20241104_185547.jpg.jpg,900d3f701f371faa3a67778af5f9719ecb5ff9a2cbb85a342235d998e7df32ae
591,universe,Healthy Leaf,0,Healthy Leaf_IMG_20241104_185549.jpg.jpg,Healthy Leaf/Healthy Leaf_IMG_20241104_185549.jpg.jpg,7efb8cf9377cc4502c67ee02b7490873b91aa0913dbe9c0701ffd9f1ee73c8f8
592,universe,Healthy Leaf,0,Healthy Leaf_IMG_20241104_185604.jpg.jpg,Healthy Leaf/Healthy Leaf_IMG_20241104_185604.jpg.jpg,fc27797ff7b9f64280ae2758752546b37817a2864f05d3247bab44a147e28836
593,universe,Healthy Leaf,0,Healthy Leaf_IMG_20241104_185605.jpg.jpg,Healthy Leaf/Healthy Leaf_IMG_20241104_185605.jpg.jpg,ceb7b1086cf22e9948dc3d748e7284b236b94cca98948d3867c936e7c08bb46b
594,universe,Healthy Leaf,0,Healthy Leaf_IMG_20241104_185606.jpg.jpg,Healthy Leaf/Healthy Leaf_IMG_20241104_185606.jpg.jpg,cad92adb58b786902d3d89910ea76dd32b4d5e9cd73100f4c508638a08983d07
595,universe,Healthy Leaf,0,Healthy Leaf_IMG_20241104_185608.jpg.jpg,Healthy Leaf/Healthy Leaf_IMG_20241104_185608.jpg.jpg,0d547b0eb652b1254295413f2359c2a13b74fa1adbef8008197b376ee8bea66a
596,universe,Healthy Leaf,0,Healthy Leaf_IMG_20241104_185614.jpg.jpg,Healthy Leaf/Healthy Leaf_IMG_20241104_185614.jpg.jpg,b3c08d626644bcb0e5303bb645ce90e677ee1e85a0fb116710f22780396ee170
597,universe,Healthy Leaf,0,Healthy Leaf_IMG_20241104_185615.jpg.jpg,Healthy Leaf/Healthy Leaf_IMG_20241104_185615.jpg.jpg,1277a293af3c9192183f43139559013a5b61974f1394edcf8525d1f619a3f140
598,universe,Healthy Leaf,0,Healthy Leaf_IMG_20241104_185617.jpg.jpg,Healthy Leaf/Healthy Leaf_IMG_20241104_185617.jpg.jpg,3c6e1fd28d84068bc48fca660c9a32323867ebc95494fe43f4820550bde0b816
599,universe,Healthy Leaf,0,Healthy Leaf_IMG_20241104_185618.jpg.jpg,Healthy Leaf/Healthy Leaf_IMG_20241104_185618.jpg.jpg,2a89080cd6744529037585146ae6331fb13fa68eb46764185c198a393a1474d0
600,universe,Healthy Leaf,0,Healthy Leaf_IMG_20241104_185624.jpg.jpg,Healthy Leaf/Healthy Leaf_IMG_20241104_185624.jpg.jpg,aa11d39c285c1e7b51d4ebf2ca127ed6c28f3033642557b4a914af01b2b127a9
601,universe,Healthy Leaf,0,Healthy Leaf_IMG_20241104_185626.jpg.jpg,Healthy Leaf/Healthy Leaf_IMG_20241104_185626.jpg.jpg,a5d13e26ea15417c1dbfe4160461225ccd902f958aa40dc2990bb7a4ee0eacff
602,universe,Healthy Leaf,0,Healthy Leaf_IMG_20241104_185628.jpg.jpg,Healthy Leaf/Healthy Leaf_IMG_20241104_185628.jpg.jpg,4d6decd437079af662415a20935927e3c59293c481603026ec7fbea2adb1158a
603,universe,Healthy Leaf,0,Healthy Leaf_IMG_20241104_185631.jpg.jpg,Healthy Leaf/Healthy Leaf_IMG_20241104_185631.jpg.jpg,691263e0dff46c00836b73da99ec9ac5d76a97a0cd396567965b086bd3f60d9d
604,universe,Healthy Leaf,0,Healthy Leaf_IMG_20241104_185635.jpg.jpg,Healthy Leaf/Healthy Leaf_IMG_20241104_185635.jpg.jpg,1498b814cc1e2358f8608ec6869321666041025dacbef831e7affb671724c2a5
605,universe,Healthy Leaf,0,Healthy Leaf_IMG_20241104_185636.jpg.jpg,Healthy Leaf/Healthy Leaf_IMG_20241104_185636.jpg.jpg,92e3726f665522e1bf4e319fbe1705c1e17f36b7b2ef04d51f5ed9466e1d2dd2
606,universe,Healthy Leaf,0,Healthy Leaf_IMG_20241104_185637.jpg.jpg,Healthy Leaf/Healthy Leaf_IMG_20241104_185637.jpg.jpg,0582ad77d6d34c3f5044aaf0dab97a3fc5fc0e884d8c6cc7970f4b35e14c9b65
607,universe,Healthy Leaf,0,Healthy Leaf_IMG_20241104_185639.jpg.jpg,Healthy Leaf/Healthy Leaf_IMG_20241104_185639.jpg.jpg,2526ec4293402d456665648326207967f73fe82ef434e4c1ff4ce0c92965341f
608,universe,Healthy Leaf,0,Healthy Leaf_IMG_20241104_185640.jpg.jpg,Healthy Leaf/Healthy Leaf_IMG_20241104_185640.jpg.jpg,7da4c2b8db557ad0f0cbcf73bce8d1d56deffabce647a0055ec19acda7e0598b
609,universe,Healthy Leaf,0,Healthy Leaf_IMG_20241104_185646.jpg.jpg,Healthy Leaf/Healthy Leaf_IMG_20241104_185646.jpg.jpg,e1af163c76020bda1307c49c56cd25b3e88ccd3410087bbb1b0e6c49240ea6fa
610,universe,Healthy Leaf,0,Healthy Leaf_IMG_20241104_185648.jpg.jpg,Healthy Leaf/Healthy Leaf_IMG_20241104_185648.jpg.jpg,57618c19a037e0f1dec286478d16e1aa1234f4fef3f81063e7b2bc465b9cd83b
611,universe,Healthy Leaf,0,Healthy Leaf_IMG_20241104_185651.jpg.jpg,Healthy Leaf/Healthy Leaf_IMG_20241104_185651.jpg.jpg,901c02c83f9865a37e6a139ac2dde936cfa00d174a535e967fa2c6cf5fad24e3
612,universe,Healthy Leaf,0,Healthy Leaf_IMG_20241104_185657.jpg.jpg,Healthy Leaf/Healthy Leaf_IMG_20241104_185657.jpg.jpg,7967088cdda3807c20ff4922fa9d81b913463c09db20475fa5755b5ba9a94b72
613,universe,Healthy Leaf,0,Healthy Leaf_IMG_20241104_185658.jpg.jpg,Healthy Leaf/Healthy Leaf_IMG_20241104_185658.jpg.jpg,756b79f008b78002836a0da50f2f702cff4f722b0c4f2ea40a83b2b2d30bf8f3
614,universe,Healthy Leaf,0,Healthy Leaf_IMG_20241104_185700.jpg.jpg,Healthy Leaf/Healthy Leaf_IMG_20241104_185700.jpg.jpg,f5625b5ebe758673fc3ee9d0c9e52c560d94c30868671a85d2bf768549ea9786
615,universe,Healthy Leaf,0,Healthy Leaf_IMG_20241104_185708.jpg.jpg,Healthy Leaf/Healthy Leaf_IMG_20241104_185708.jpg.jpg,2d8ce655a0141951f683d77fb822e9ac1b260edefad966665dc99d0486294dff
616,universe,Healthy Leaf,0,Healthy Leaf_IMG_20241104_185709.jpg.jpg,Healthy Leaf/Healthy Leaf_IMG_20241104_185709.jpg.jpg,98d7e887860af93a170a1b7c7d9785608ed9fdafce2ce4d6b2b1832718e489a9
617,universe,Healthy Leaf,0,Healthy Leaf_IMG_20241104_185710.jpg.jpg,Healthy Leaf/Healthy Leaf_IMG_20241104_185710.jpg.jpg,d84b8f44540778e54694029a7de74580422442e789282b51615b3043d47febc9
618,universe,Healthy Leaf,0,Healthy Leaf_IMG_20241104_185715.jpg.jpg,Healthy Leaf/Healthy Leaf_IMG_20241104_185715.jpg.jpg,a08ae74c5341cb853744a51f435dd9208b1c5ca0246548aae0e9d838341cb4a4
619,universe,Healthy Leaf,0,Healthy Leaf_IMG_20241104_185716.jpg.jpg,Healthy Leaf/Healthy Leaf_IMG_20241104_185716.jpg.jpg,06ff34092ec6affb5d7135a4a894aee452be198914a0b0e5547df0a754effa13
620,universe,Healthy Leaf,0,Healthy Leaf_IMG_20241104_185717.jpg.jpg,Healthy Leaf/Healthy Leaf_IMG_20241104_185717.jpg.jpg,faa09c11eb31856f91cd9bc33937ffa5c614ce73b04ec3e358e9da260f397e23
621,universe,Healthy Leaf,0,Healthy Leaf_IMG_20241104_185718.jpg.jpg,Healthy Leaf/Healthy Leaf_IMG_20241104_185718.jpg.jpg,30dca82a8e9ce1c639e4c0624b40228ce5b6a3c254f2a9f1a51958889d2959e5
622,universe,Healthy Leaf,0,Healthy Leaf_IMG_20241104_185719.jpg.jpg,Healthy Leaf/Healthy Leaf_IMG_20241104_185719.jpg.jpg,75589f9405616f6a0c551702801ce8490bfd3e5164d1147fa6b91f3e6cd977cc
623,universe,Healthy Leaf,0,Healthy Leaf_IMG_20241104_185731.jpg.jpg,Healthy Leaf/Healthy Leaf_IMG_20241104_185731.jpg.jpg,0cd78eba15727444314416b1cd02763b5a8480f21b325c8bc56c29195b8ec3fb
624,universe,Healthy Leaf,0,Healthy Leaf_IMG_20241104_185732.jpg.jpg,Healthy Leaf/Healthy Leaf_IMG_20241104_185732.jpg.jpg,14f3bb2577c86dc548d2414e912a1d44c1924ad3924a5db6008676513b5a3052
625,universe,Healthy Leaf,0,Healthy Leaf_IMG_20241104_185733.jpg.jpg,Healthy Leaf/Healthy Leaf_IMG_20241104_185733.jpg.jpg,a81a1cab6641f9ca7d519c281afb01aa485a59a39f0b6b577fd6de9a7acdc836
626,universe,Healthy Leaf,0,Healthy Leaf_IMG_20241104_185734.jpg.jpg,Healthy Leaf/Healthy Leaf_IMG_20241104_185734.jpg.jpg,c4f88cef2c999c902e5bbf4be4e0a1d8e673b4d0af4b5c1cb5b399416acd4954
627,universe,Healthy Leaf,0,Healthy Leaf_IMG_20241104_185745.jpg.jpg,Healthy Leaf/Healthy Leaf_IMG_20241104_185745.jpg.jpg,e7c8dbea294b67cd0f2e98828ec6a2782fbce25bf7e6e10af778b7a89eff95b1
628,universe,Healthy Leaf,0,Healthy Leaf_IMG_20241104_185746.jpg.jpg,Healthy Leaf/Healthy Leaf_IMG_20241104_185746.jpg.jpg,4052ee348019307de631ce9a2598800c65a7acd24bb4606538f9d102f60221e3
629,universe,Healthy Leaf,0,Healthy Leaf_IMG_20241104_185747.jpg.jpg,Healthy Leaf/Healthy Leaf_IMG_20241104_185747.jpg.jpg,c8b416865470193014c2ac1480329de1eacdbbff11d36eb17bf5f2cccdee118a
630,universe,Healthy Leaf,0,Healthy Leaf_IMG_20241104_185748.jpg.jpg,Healthy Leaf/Healthy Leaf_IMG_20241104_185748.jpg.jpg,1b8fe0419fc8ca4a6f3d0e3d26c8fe734f0209b47dfbc1e52989b53764abc2ea
631,universe,Healthy Leaf,0,Healthy Leaf_IMG_20241104_185749.jpg.jpg,Healthy Leaf/Healthy Leaf_IMG_20241104_185749.jpg.jpg,b2455a26ddc717432f3be80c0faee557211e0d805e8c15954a3261b980ba287a
632,universe,Healthy Leaf,0,Healthy Leaf_IMG_20241104_185750.jpg.jpg,Healthy Leaf/Healthy Leaf_IMG_20241104_185750.jpg.jpg,5592e43320120e0e7da06c0d6b62b77645e809e6c732e66161047dcf5de73f11
633,universe,Healthy Leaf,0,Healthy Leaf_IMG_20241104_185751.jpg.jpg,Healthy Leaf/Healthy Leaf_IMG_20241104_185751.jpg.jpg,3a694a4782821370575a6ee3ea1fd6bb6f7a21e839a07fde59823a5b63693788
634,universe,Healthy Leaf,0,Healthy Leaf_IMG_20241104_185801.jpg.jpg,Healthy Leaf/Healthy Leaf_IMG_20241104_185801.jpg.jpg,6b9fd1d9fce9526caef67199f9c6ee2a189d67196f2e89516c95eff264ea4356
635,universe,Healthy Leaf,0,Healthy Leaf_IMG_20241104_185803.jpg.jpg,Healthy Leaf/Healthy Leaf_IMG_20241104_185803.jpg.jpg,7f615f1c1dad0bf2d40f31b7913b293819b954e2560e3efbce1f4c7e7724c161
636,universe,Healthy Leaf,0,Healthy Leaf_IMG_20241104_185804.jpg.jpg,Healthy Leaf/Healthy Leaf_IMG_20241104_185804.jpg.jpg,be9a28a15dfd9c4bed717a7760d54f5dd30d1e9cb273057fa7540f67b26b11dc
637,universe,Healthy Leaf,0,Healthy Leaf_IMG_20241104_185805.jpg.jpg,Healthy Leaf/Healthy Leaf_IMG_20241104_185805.jpg.jpg,8c1aecdaecebabd8228cfc63a8880db54d79f8513056ca36a3d1be4e95e453a1
638,universe,Healthy Leaf,0,Healthy Leaf_IMG_20241104_185806.jpg.jpg,Healthy Leaf/Healthy Leaf_IMG_20241104_185806.jpg.jpg,67a952406690bc6132084af275a1ef23cb1fd0a0cd7dd35270a3a86823e83708
639,universe,Healthy Leaf,0,Healthy Leaf_IMG_20241104_185814.jpg.jpg,Healthy Leaf/Healthy Leaf_IMG_20241104_185814.jpg.jpg,1d343cf057e11694c4861aaf3e6cfa95246b9f58d42648671c7c055b9cd14ed4
640,universe,Healthy Leaf,0,Healthy Leaf_IMG_20241104_185816.jpg.jpg,Healthy Leaf/Healthy Leaf_IMG_20241104_185816.jpg.jpg,86d571e58d91fd3331c81b05c58c09264ca43f600b26712abee81cdb8d751ec8
641,universe,Healthy Leaf,0,Healthy Leaf_IMG_20241104_185817.jpg.jpg,Healthy Leaf/Healthy Leaf_IMG_20241104_185817.jpg.jpg,1a75cc47d93a809668c7dc8c65cea515a3bca916f50320703207c530ebb4897f
642,universe,Healthy Leaf,0,Healthy Leaf_IMG_20241104_185819.jpg.jpg,Healthy Leaf/Healthy Leaf_IMG_20241104_185819.jpg.jpg,e625351007e581685b13e43a9029bc0095c7e68a65cfc45482aaef88b19f6ac5
643,universe,Healthy Leaf,0,Healthy Leaf_IMG_20241104_185829.jpg.jpg,Healthy Leaf/Healthy Leaf_IMG_20241104_185829.jpg.jpg,0851d9181a7c401a2bda10a30c2b7ed713fa8941979d3c54ef3690b6ae42cd6d
644,universe,Healthy Leaf,0,Healthy Leaf_IMG_20241104_185831.jpg.jpg,Healthy Leaf/Healthy Leaf_IMG_20241104_185831.jpg.jpg,295bb6b092c8932e3df03a7b7369887d631e1eedc65a32f6cd6cbcd434a05701
645,universe,Healthy Leaf,0,Healthy Leaf_IMG_20241104_185833.jpg.jpg,Healthy Leaf/Healthy Leaf_IMG_20241104_185833.jpg.jpg,7c09ffac4002eb4fa3f54a18ee136c3be83ada85c19c3ce079043d2782310d96
646,universe,Healthy Leaf,0,Healthy Leaf_IMG_20241104_185845.jpg.jpg,Healthy Leaf/Healthy Leaf_IMG_20241104_185845.jpg.jpg,ad7221e61384463a583c3c15c201a2d2931f7970eb1d020b2d8dc5ea10b4b80b
647,universe,Healthy Leaf,0,Healthy Leaf_IMG_20241104_185847.jpg.jpg,Healthy Leaf/Healthy Leaf_IMG_20241104_185847.jpg.jpg,a390ac97b87b46eb0303f3a755ebdb90abd57d394b01596395d4d251f33c37ed
648,universe,Healthy Leaf,0,Healthy Leaf_IMG_20241104_185849.jpg.jpg,Healthy Leaf/Healthy Leaf_IMG_20241104_185849.jpg.jpg,3f997c91d90074ccafb4b1b5c5686eb8b8fb437891c22c06b7d63893c43e06a5
649,universe,Healthy Leaf,0,Healthy Leaf_IMG_20241104_185913.jpg.jpg,Healthy Leaf/Healthy Leaf_IMG_20241104_185913.jpg.jpg,123795442d53e4b1e4d3c930fa3fa94575f4906327915cbcd84d224c32cbb5c7
650,universe,Healthy Leaf,0,Healthy Leaf_IMG_20241104_185914.jpg.jpg,Healthy Leaf/Healthy Leaf_IMG_20241104_185914.jpg.jpg,6c1776f6cd46e84f4a7a736b409f8182af843c07eda61bca3997ed4781065231
651,universe,Healthy Leaf,0,Healthy Leaf_IMG_20241104_185916.jpg.jpg,Healthy Leaf/Healthy Leaf_IMG_20241104_185916.jpg.jpg,84f30613f662187a079392de1fb3d981624bfbf77fcbf5e0db653a3aaffab3a5
652,universe,Healthy Leaf,0,Healthy Leaf_IMG_20241104_185920.jpg.jpg,Healthy Leaf/Healthy Leaf_IMG_20241104_185920.jpg.jpg,edf6b1019f771955227376161514615835a11456dcb753dfa07a19f051d679c1
653,universe,Healthy Leaf,0,Healthy Leaf_IMG_20241104_185929.jpg.jpg,Healthy Leaf/Healthy Leaf_IMG_20241104_185929.jpg.jpg,e74602ca876d1eea5d9253fc0ca227a623a52928c1601648e25327f8eee0a52a
654,universe,Healthy Leaf,0,Healthy Leaf_IMG_20241104_185930.jpg.jpg,Healthy Leaf/Healthy Leaf_IMG_20241104_185930.jpg.jpg,bd4890bfa99d712762bcf7c010e40688395dc6e7556581cc2bb3977fb521e258
655,universe,Healthy Leaf,0,Healthy Leaf_IMG_20241104_185930_1.jpg.jpg,Healthy Leaf/Healthy Leaf_IMG_20241104_185930_1.jpg.jpg,dcbb1ba2463a3169c9bfb9cc3157561967004307a9afff7d5762fba9141f78a6
656,universe,Healthy Leaf,0,Healthy Leaf_IMG_20241104_185930_2.jpg.jpg,Healthy Leaf/Healthy Leaf_IMG_20241104_185930_2.jpg.jpg,e20bb54115e2aaf84e496f4fea4d91aec26bb1616fa246907d64dcb026b811d6
657,universe,Healthy Leaf,0,Healthy Leaf_IMG_20241104_185933.jpg.jpg,Healthy Leaf/Healthy Leaf_IMG_20241104_185933.jpg.jpg,b169b58f01e57cab78062f2160ad74d4bbde97e8a65a324091d53c188e12d554
658,universe,Healthy Leaf,0,Healthy Leaf_IMG_20241104_185936.jpg.jpg,Healthy Leaf/Healthy Leaf_IMG_20241104_185936.jpg.jpg,e28b0180240000f8e83826f09c3ac190e53740e2c8f218214cf2d4c4ea64156c
659,universe,Healthy Leaf,0,Healthy Leaf_IMG_20241104_185943.jpg.jpg,Healthy Leaf/Healthy Leaf_IMG_20241104_185943.jpg.jpg,3765a63eb0dc5c41664747e9be5e42e766ee02397674bc36167fa698d0c1fbc3
660,universe,Healthy Leaf,0,Healthy Leaf_IMG_20241104_185945.jpg.jpg,Healthy Leaf/Healthy Leaf_IMG_20241104_185945.jpg.jpg,ddc18fadd091e1fe5c27e1cfca82861f738352a639d9f465d9449b959882b9f9
661,universe,Healthy Leaf,0,Healthy Leaf_IMG_20241104_185946.jpg.jpg,Healthy Leaf/Healthy Leaf_IMG_20241104_185946.jpg.jpg,3d6f9e62024c483fb45d2fce3b0f01f1f907ab8838d9da4d3e8fa74016dbc7cf
662,universe,Healthy Leaf,0,Healthy Leaf_IMG_20241104_185949.jpg.jpg,Healthy Leaf/Healthy Leaf_IMG_20241104_185949.jpg.jpg,bf3796f561699bfb065a04853f51142c434eee7715cf82dcbf43933d04a0db84
663,universe,Healthy Leaf,0,Healthy Leaf_IMG_20241104_185954.jpg.jpg,Healthy Leaf/Healthy Leaf_IMG_20241104_185954.jpg.jpg,0935dc96a6775773b977c4607c23e105c177b9e0298d807ccba1c398d86d92f7
664,universe,Healthy Leaf,0,Healthy Leaf_IMG_20241104_185956.jpg.jpg,Healthy Leaf/Healthy Leaf_IMG_20241104_185956.jpg.jpg,3862d5e99899879e2dd941ee69bbbe651364722bf429834024baf25a3cec175c
665,universe,Healthy Leaf,0,Healthy Leaf_IMG_20241104_185958.jpg.jpg,Healthy Leaf/Healthy Leaf_IMG_20241104_185958.jpg.jpg,d3c7122c05d5004ac9a85d17cee46195abe988a5934c4b8a7c68bcb0e3e5801d
666,universe,Healthy Leaf,0,Healthy Leaf_IMG_20241104_190000.jpg.jpg,Healthy Leaf/Healthy Leaf_IMG_20241104_190000.jpg.jpg,036a5037143e5d403c841c6f7166e8f01acbee9094922e39ff478e1048be832f
667,universe,Healthy Leaf,0,Healthy Leaf_IMG_20241104_190005.jpg.jpg,Healthy Leaf/Healthy Leaf_IMG_20241104_190005.jpg.jpg,8d6e4094f28b8c2f044c89ef4e3adbaee10ed1cb1036382c8447bd46efec760c
668,universe,Healthy Leaf,0,Healthy Leaf_IMG_20241104_190006.jpg.jpg,Healthy Leaf/Healthy Leaf_IMG_20241104_190006.jpg.jpg,47aac6957f3d51b9dbd1158b341f4232bb07c87eb57f483b0bd04e6da52d1df6
669,universe,Healthy Leaf,0,Healthy Leaf_IMG_20241104_190007.jpg.jpg,Healthy Leaf/Healthy Leaf_IMG_20241104_190007.jpg.jpg,a04c101db41aa52d9c9a0dd7468e8525b913a0682140b8df4ac8451c8df9a4d0
670,universe,Healthy Leaf,0,Healthy Leaf_IMG_20241104_190009.jpg.jpg,Healthy Leaf/Healthy Leaf_IMG_20241104_190009.jpg.jpg,8bae97981c5b8d7fcfed42c01186ac5f288dbe74ebc023aad1b2805e92d5b9e7
671,universe,Healthy Leaf,0,Healthy Leaf_IMG_20241104_190010.jpg.jpg,Healthy Leaf/Healthy Leaf_IMG_20241104_190010.jpg.jpg,3f576f4fc5cdd71a2c068addee67bc42110f544a567aa97d23f3cb386d8afe5a
672,universe,Healthy Leaf,0,Healthy Leaf_IMG_20241104_190018.jpg.jpg,Healthy Leaf/Healthy Leaf_IMG_20241104_190018.jpg.jpg,c77802c851979b446dc5fb121002088b19930b496e9d8248af20c5d35bed96c7
673,universe,Healthy Leaf,0,Healthy Leaf_IMG_20241104_190019.jpg.jpg,Healthy Leaf/Healthy Leaf_IMG_20241104_190019.jpg.jpg,37da23bfc546664aff17b1cd030bc35ab9e39f060f42ef54371aefc781676298
674,universe,Healthy Leaf,0,Healthy Leaf_IMG_20241104_190020.jpg.jpg,Healthy Leaf/Healthy Leaf_IMG_20241104_190020.jpg.jpg,28f6331c20e78e52f654358927d90a304e7e6e1da69b51e91689bb6ff5931e63
675,universe,Healthy Leaf,0,Healthy Leaf_IMG_20241104_190021.jpg.jpg,Healthy Leaf/Healthy Leaf_IMG_20241104_190021.jpg.jpg,cc6e52594dc2509bb1a355088d755d06d6fd191ea1a5d4853a7008dbe4140c8c
676,universe,Healthy Leaf,0,Healthy Leaf_IMG_20241104_190021_1.jpg.jpg,Healthy Leaf/Healthy Leaf_IMG_20241104_190021_1.jpg.jpg,f82900f1e9d85f46d33f3a57d114387cbc928e9fccc991a46bd3c7de6247e269
677,universe,Healthy Leaf,0,Healthy Leaf_IMG_20241104_190915.jpg.jpg,Healthy Leaf/Healthy Leaf_IMG_20241104_190915.jpg.jpg,0866440a7b0fac1ed8234721602659e7dec143a8ec3d5859176124be8ef847e3
678,universe,Healthy Leaf,0,Healthy Leaf_IMG_20241104_190916.jpg.jpg,Healthy Leaf/Healthy Leaf_IMG_20241104_190916.jpg.jpg,54fe50e944cd7b24a5791c14a02403da13f1b18d723a396dd8f2d63343dececf
679,universe,Healthy Leaf,0,Healthy Leaf_IMG_20241104_190917.jpg.jpg,Healthy Leaf/Healthy Leaf_IMG_20241104_190917.jpg.jpg,164d22dd3e3cf537cc6c5e3232578967870649bcef79340efa582d70008b4d1c
680,universe,Healthy Leaf,0,Healthy Leaf_IMG_20241104_190918.jpg.jpg,Healthy Leaf/Healthy Leaf_IMG_20241104_190918.jpg.jpg,56cf3b5674f497ab037d9be40fcfb5a71d9264f1d13c6ba4d6a12b0afd8d32a4
681,universe,Healthy Leaf,0,Healthy Leaf_IMG_20241104_190920.jpg.jpg,Healthy Leaf/Healthy Leaf_IMG_20241104_190920.jpg.jpg,e2388949b0393359d8f372fc6783a81528f0470dd8537c0a7986258e495f7025
682,universe,Healthy Leaf,0,Healthy Leaf_IMG_20241104_190928.jpg.jpg,Healthy Leaf/Healthy Leaf_IMG_20241104_190928.jpg.jpg,e4986615396699e7e9beb173786f4575a316bf347494de9ed1b94c7984b9018b
683,universe,Healthy Leaf,0,Healthy Leaf_IMG_20241104_190929.jpg.jpg,Healthy Leaf/Healthy Leaf_IMG_20241104_190929.jpg.jpg,9b1a189a5a11f0f1f2bbfd649cf9024b3ff4451cbdb1ba653694df7dafbb25f4
684,universe,Healthy Leaf,0,Healthy Leaf_IMG_20241104_190930.jpg.jpg,Healthy Leaf/Healthy Leaf_IMG_20241104_190930.jpg.jpg,9f5822cea3063f06d3d26c1cafc712d560fd98302e497685ce132b0ff7d5be38
685,universe,Healthy Leaf,0,Healthy Leaf_IMG_20241104_190933.jpg.jpg,Healthy Leaf/Healthy Leaf_IMG_20241104_190933.jpg.jpg,e3e08a6af0d29748157d9b2080bacbabdb2c2aaafb7fca3150d9cd002093a534
686,universe,Healthy Leaf,0,Healthy Leaf_IMG_20241104_190940.jpg.jpg,Healthy Leaf/Healthy Leaf_IMG_20241104_190940.jpg.jpg,be41b3884d179dcfa91d914c2c522e1967f20b713ec0257cf5496f3ba8805474
687,universe,Healthy Leaf,0,Healthy Leaf_IMG_20241104_190941.jpg.jpg,Healthy Leaf/Healthy Leaf_IMG_20241104_190941.jpg.jpg,b8e1d80c0c29d15bd6996fa270165a4377b8724762fca8b7e7a5f293865b1bf2
688,universe,Healthy Leaf,0,Healthy Leaf_IMG_20241104_190942.jpg.jpg,Healthy Leaf/Healthy Leaf_IMG_20241104_190942.jpg.jpg,efdf2ce62037cff0c87a9bb7ae602167dadaef764c3a24d76661542f2a88bb30
689,universe,Healthy Leaf,0,Healthy Leaf_IMG_20241104_190943.jpg.jpg,Healthy Leaf/Healthy Leaf_IMG_20241104_190943.jpg.jpg,3448bedb3924acf2d360b40ab23a322c436884fbea583c75f6d2890db8745c9b
690,universe,Healthy Leaf,0,Healthy Leaf_IMG_20241104_190944.jpg.jpg,Healthy Leaf/Healthy Leaf_IMG_20241104_190944.jpg.jpg,5c91f2c4ea5c98342a8e16f6c63c58c1cd43598d1c394e3a5adddab853058a36
691,universe,Healthy Leaf,0,Healthy Leaf_IMG_20241104_190951.jpg.jpg,Healthy Leaf/Healthy Leaf_IMG_20241104_190951.jpg.jpg,191583557228695f1106895203b5c20953dc4f82a0a8fb19e5adef892df3e9f3
692,universe,Healthy Leaf,0,Healthy Leaf_IMG_20241104_190953.jpg.jpg,Healthy Leaf/Healthy Leaf_IMG_20241104_190953.jpg.jpg,936b6d9e1705b17783b841daaa047ed78d32a0aa16a1955e2f25fef1b5638752
693,universe,Healthy Leaf,0,Healthy Leaf_IMG_20241104_190954.jpg.jpg,Healthy Leaf/Healthy Leaf_IMG_20241104_190954.jpg.jpg,a536b6a62421fc9d8602cd1d97c57cb41c86062540eb1c79a883a4a7a071ed57
694,universe,Healthy Leaf,0,Healthy Leaf_IMG_20241104_190955.jpg.jpg,Healthy Leaf/Healthy Leaf_IMG_20241104_190955.jpg.jpg,33dfcf1c332e6e7646185016a8fcfd399a735762647a0d57fbf1f4409adb16c7
695,universe,Healthy Leaf,0,Healthy Leaf_IMG_20241104_190956.jpg.jpg,Healthy Leaf/Healthy Leaf_IMG_20241104_190956.jpg.jpg,a67b56a03093b43e78c35836cad8d01bb1d0f4da0cc6d1751f5c0aaf6881c040
696,universe,Healthy Leaf,0,Healthy Leaf_IMG_20241104_191002.jpg.jpg,Healthy Leaf/Healthy Leaf_IMG_20241104_191002.jpg.jpg,bc5cbf861745172f25e4a5cf7db863caad695386933876eb3b907e56a63d2807
697,universe,Healthy Leaf,0,Healthy Leaf_IMG_20241104_191003.jpg.jpg,Healthy Leaf/Healthy Leaf_IMG_20241104_191003.jpg.jpg,e14c4f942bf705f4219bbbcee26de1d4b4ad5bee224943fce1ade5176161e890
698,universe,Healthy Leaf,0,Healthy Leaf_IMG_20241104_191005.jpg.jpg,Healthy Leaf/Healthy Leaf_IMG_20241104_191005.jpg.jpg,d485b2088d04c352df889af39fd5e73e276725773b270d5c92c363e5061cb233
699,universe,Healthy Leaf,0,Healthy Leaf_IMG_20241104_191007.jpg.jpg,Healthy Leaf/Healthy Leaf_IMG_20241104_191007.jpg.jpg,9281878cacb9997355b879702c3dcb741a531ffc5827e1aec4104cfa2b6b8a3b
700,universe,Healthy Leaf,0,Healthy Leaf_IMG_20241104_191008.jpg.jpg,Healthy Leaf/Healthy Leaf_IMG_20241104_191008.jpg.jpg,e4f3b0752b12cf60dad0fb5b1abddbae624b3019fb3fd4ed0682c0e579215380
701,universe,Healthy Leaf,0,Healthy Leaf_IMG_20241104_191018.jpg.jpg,Healthy Leaf/Healthy Leaf_IMG_20241104_191018.jpg.jpg,52e8e8833aa48f00935fa3f7329ac02f5f02fdf5292491d667921dad42cb4b57
702,universe,Healthy Leaf,0,Healthy Leaf_IMG_20241104_191019.jpg.jpg,Healthy Leaf/Healthy Leaf_IMG_20241104_191019.jpg.jpg,e921401632482da517b8edfb101df1173fae90e946910f8c193a79499e450499
703,universe,Healthy Leaf,0,Healthy Leaf_IMG_20241104_191020.jpg.jpg,Healthy Leaf/Healthy Leaf_IMG_20241104_191020.jpg.jpg,901f39daad8f24348dab682f05808b1eed2e1a5bbcc6a1219a6f1dc44d54c3c3
704,universe,Healthy Leaf,0,Healthy Leaf_IMG_20241104_191028.jpg.jpg,Healthy Leaf/Healthy Leaf_IMG_20241104_191028.jpg.jpg,e9a5ef487613995793c7ac89448e254d6ed65f961d2085ec7134d95f87dc6351
705,universe,Healthy Leaf,0,Healthy Leaf_IMG_20241104_191029.jpg.jpg,Healthy Leaf/Healthy Leaf_IMG_20241104_191029.jpg.jpg,fbb45564d6277b37da3d2869f9bd6fba8618e7b31e4e987d689a2c3ec911e965
706,universe,Healthy Leaf,0,Healthy Leaf_IMG_20241104_191031.jpg.jpg,Healthy Leaf/Healthy Leaf_IMG_20241104_191031.jpg.jpg,1867b8256517bf829a47aa897ecd209827c8e4c95c975e8a69cb87882bd03dd4
707,universe,Healthy Leaf,0,Healthy Leaf_IMG_20241104_191033.jpg.jpg,Healthy Leaf/Healthy Leaf_IMG_20241104_191033.jpg.jpg,d56ae538068ed2cf9ccc1cccffc0f91f8cfa709e5de7a68a618d713287846b18
708,universe,Healthy Leaf,0,Healthy Leaf_IMG_20241104_191048.jpg.jpg,Healthy Leaf/Healthy Leaf_IMG_20241104_191048.jpg.jpg,71236cd08c3638e0c0499538e3064e6a49afb9504fccd2b90f84b912e27bf21f
709,universe,Healthy Leaf,0,Healthy Leaf_IMG_20241104_191049.jpg.jpg,Healthy Leaf/Healthy Leaf_IMG_20241104_191049.jpg.jpg,c1ea0d0cdae19a34caf4c3e4134fe195be44315f7617d91b4f5f8c33fc80841d
710,universe,Healthy Leaf,0,Healthy Leaf_IMG_20241104_191050.jpg.jpg,Healthy Leaf/Healthy Leaf_IMG_20241104_191050.jpg.jpg,8de239ea83b0fd7e9e2ffd632800428931c95f600787c399969b996e26ce256f
711,universe,Healthy Leaf,0,Healthy Leaf_IMG_20241104_191052.jpg.jpg,Healthy Leaf/Healthy Leaf_IMG_20241104_191052.jpg.jpg,78d137e0a786b46086c921867f72c913ebdafc1d052937350d85236f0aa0c809
712,universe,Healthy Leaf,0,Healthy Leaf_IMG_20241104_191053.jpg.jpg,Healthy Leaf/Healthy Leaf_IMG_20241104_191053.jpg.jpg,9caf890808f246da653dd0ba94f0c9c0b1ae01fa9867ba8350f72bae655c5632
713,universe,Healthy Leaf,0,Healthy Leaf_IMG_20241104_191059.jpg.jpg,Healthy Leaf/Healthy Leaf_IMG_20241104_191059.jpg.jpg,abf099be04de5e89d382aed38c57b9a229f83e291b44bfe9987094d301638f42
714,universe,Healthy Leaf,0,Healthy Leaf_IMG_20241104_191059_1.jpg.jpg,Healthy Leaf/Healthy Leaf_IMG_20241104_191059_1.jpg.jpg,5e186c087b86f9ba8600edb9f2ddac28061b623d16d7d3977fa27fe4f229aa5e
715,universe,Healthy Leaf,0,Healthy Leaf_IMG_20241104_191100.jpg.jpg,Healthy Leaf/Healthy Leaf_IMG_20241104_191100.jpg.jpg,8a423f7fee026f787379e3b9162ba75819b9be85afbdba4dbe619e309a02fe92
716,universe,Healthy Leaf,0,Healthy Leaf_IMG_20241104_191102.jpg.jpg,Healthy Leaf/Healthy Leaf_IMG_20241104_191102.jpg.jpg,87a8802a39fb3ace698e7677d7cd51471172dc5086d2af9b3d1f8a2a0d53822d
717,universe,Healthy Leaf,0,Healthy Leaf_IMG_20241104_191104.jpg.jpg,Healthy Leaf/Healthy Leaf_IMG_20241104_191104.jpg.jpg,c6ad6101a6674b41b0d4d555b86177bb51b9cefa6a8b163dd0a9a832adcae1f9
718,universe,Healthy Leaf,0,Healthy Leaf_IMG_20241104_191117.jpg.jpg,Healthy Leaf/Healthy Leaf_IMG_20241104_191117.jpg.jpg,6c45582c423b532152e05ed68379b9bba70f1094ff8ff90e754be58c8a47dd36
719,universe,Healthy Leaf,0,Healthy Leaf_IMG_20241104_191118.jpg.jpg,Healthy Leaf/Healthy Leaf_IMG_20241104_191118.jpg.jpg,a50b784c904a502eaa34a682ae708db5d4311364d255130c25bc6fa9afeaefa5
720,universe,Healthy Leaf,0,Healthy Leaf_IMG_20241104_191119.jpg.jpg,Healthy Leaf/Healthy Leaf_IMG_20241104_191119.jpg.jpg,3cd5efd43927ab9b553fc33deac54551601af4c1c77ab6388dda8d88c5a218af
721,universe,Healthy Leaf,0,Healthy Leaf_IMG_20241104_191120.jpg.jpg,Healthy Leaf/Healthy Leaf_IMG_20241104_191120.jpg.jpg,bd4e7d31f5c583caa3d7c011ae96b1b38a61383e6d416e3b41b78db9802a6834
722,universe,Healthy Leaf,0,Healthy Leaf_IMG_20241104_191129.jpg.jpg,Healthy Leaf/Healthy Leaf_IMG_20241104_191129.jpg.jpg,7c7d96b4113f2b6ed9b22ee4bf5c69b78c80c8d4fb3389476442e1b5a1fb52be
723,universe,Healthy Leaf,0,Healthy Leaf_IMG_20241104_191129_1.jpg.jpg,Healthy Leaf/Healthy Leaf_IMG_20241104_191129_1.jpg.jpg,7a677bac3dd3caa6609a4b03598017cba639dc1af34831bf80f89076c893387e
724,universe,Healthy Leaf,0,Healthy Leaf_IMG_20241104_191131.jpg.jpg,Healthy Leaf/Healthy Leaf_IMG_20241104_191131.jpg.jpg,8691b94ac3b02f09c76aece116acc69b84a2d9eaa659ffb13ae0f94940274b4e
725,universe,Healthy Leaf,0,Healthy Leaf_IMG_20241104_191137.jpg.jpg,Healthy Leaf/Healthy Leaf_IMG_20241104_191137.jpg.jpg,c5a1cb061eb90f175ca582a7544b550f75f724b686e844868f1fc82d5d56fe20
726,universe,Healthy Leaf,0,Healthy Leaf_IMG_20241104_191138.jpg.jpg,Healthy Leaf/Healthy Leaf_IMG_20241104_191138.jpg.jpg,e41666b372f907245b3a2b33db14a574419f275305ae822b85456244c932b686
727,universe,Healthy Leaf,0,Healthy Leaf_IMG_20241104_191139.jpg.jpg,Healthy Leaf/Healthy Leaf_IMG_20241104_191139.jpg.jpg,1b9ff4eae89618a9607b64697094a85f0e63f0102b07eaa5a30538f87887f04b
728,universe,Healthy Leaf,0,Healthy Leaf_IMG_20241104_191140.jpg.jpg,Healthy Leaf/Healthy Leaf_IMG_20241104_191140.jpg.jpg,d94535bdb25894398ec0db35762d01ff445aff2f03cd1bd1bdfa661c208986eb
729,universe,Healthy Leaf,0,Healthy Leaf_IMG_20241104_191153.jpg.jpg,Healthy Leaf/Healthy Leaf_IMG_20241104_191153.jpg.jpg,d72d2b733a935f1ac01e3a437c82c63167a95198ebd18fceb1dabffc4db99b10
730,universe,Healthy Leaf,0,Healthy Leaf_IMG_20241104_191154.jpg.jpg,Healthy Leaf/Healthy Leaf_IMG_20241104_191154.jpg.jpg,692c624277da8371957960b3f1883d1a64fbbc5c285629872bfb1980f6fdeb92
731,universe,Healthy Leaf,0,Healthy Leaf_IMG_20241104_191155.jpg.jpg,Healthy Leaf/Healthy Leaf_IMG_20241104_191155.jpg.jpg,1dbe944af33096564d746b49d1901b2a602b1689c3b76458359bc4bda8a72273
732,universe,Healthy Leaf,0,Healthy Leaf_IMG_20241104_191207.jpg.jpg,Healthy Leaf/Healthy Leaf_IMG_20241104_191207.jpg.jpg,1224ded6985e76187cf39bcc4cd184963825843a8f75cc8e7f6b56258aca2c1e
733,universe,Healthy Leaf,0,Healthy Leaf_IMG_20241104_191209.jpg.jpg,Healthy Leaf/Healthy Leaf_IMG_20241104_191209.jpg.jpg,835b6fe5fa198985e4b775522b58745ecf2c0d0d6c400e6e4cbfa97dab627bea
734,universe,Healthy Leaf,0,Healthy Leaf_IMG_20241104_191214.jpg.jpg,Healthy Leaf/Healthy Leaf_IMG_20241104_191214.jpg.jpg,926d5e81142c0bee4ceb5e7498f01a1f8d9f1c931e74803613e6ea8af1f875b2
735,universe,Healthy Leaf,0,Healthy Leaf_IMG_20241104_191223.jpg.jpg,Healthy Leaf/Healthy Leaf_IMG_20241104_191223.jpg.jpg,00e49d9b9bb3422ff5dd004ff774a45ac7deb869864e5e05460006fef6a83030
736,universe,Healthy Leaf,0,Healthy Leaf_IMG_20241104_191224.jpg.jpg,Healthy Leaf/Healthy Leaf_IMG_20241104_191224.jpg.jpg,200af61847d94dd4e202fe66ce26a38e744e862781bc313af65e126db7a91fc7
737,universe,Healthy Leaf,0,Healthy Leaf_IMG_20241104_191226.jpg.jpg,Healthy Leaf/Healthy Leaf_IMG_20241104_191226.jpg.jpg,ad85e2d25c942324fbe0a8f74782796d619a89640a12cd6febb98d86a74e7a40
738,universe,Healthy Leaf,0,Healthy Leaf_IMG_20241104_191227.jpg.jpg,Healthy Leaf/Healthy Leaf_IMG_20241104_191227.jpg.jpg,be9b4e49bda3eedcf828df649a0d37ff54c8c3871b392b092cd36a1b48dde8ab
739,universe,Healthy Leaf,0,Healthy Leaf_IMG_20241104_191243.jpg.jpg,Healthy Leaf/Healthy Leaf_IMG_20241104_191243.jpg.jpg,3dd45740440ad5fd5d5c8fbf5c12dd688d6c433c9b5c9f0beecd8a281233cfd2
740,universe,Healthy Leaf,0,Healthy Leaf_IMG_20241104_191244.jpg.jpg,Healthy Leaf/Healthy Leaf_IMG_20241104_191244.jpg.jpg,5907532645cd5fdd7c134c9bc4eb7980d7947c3d24e137001e55896598b53a87
741,universe,Healthy Leaf,0,Healthy Leaf_IMG_20241104_191246.jpg.jpg,Healthy Leaf/Healthy Leaf_IMG_20241104_191246.jpg.jpg,86c73529f7ab1ac4b3a61b99cd306423d0aaf3efcd223b40b8f37b2e418cafa0
742,universe,Healthy Leaf,0,Healthy Leaf_IMG_20241104_191259.jpg.jpg,Healthy Leaf/Healthy Leaf_IMG_20241104_191259.jpg.jpg,f4334e9486a0ffa621bd5b77431d2efc731f3e032e149846a687be9d6b8de1ab
743,universe,Healthy Leaf,0,Healthy Leaf_IMG_20241104_191300.jpg.jpg,Healthy Leaf/Healthy Leaf_IMG_20241104_191300.jpg.jpg,89a2e41d768099125b79f11975d1b164dca6f721c1746c7a73c191c67ffa0bdf
744,universe,Healthy Leaf,0,Healthy Leaf_IMG_20241104_191301.jpg.jpg,Healthy Leaf/Healthy Leaf_IMG_20241104_191301.jpg.jpg,b7e9b6181a0ba632371ef57b754af29701ec7ee94916fe65e8489d36acb2964b
745,universe,Healthy Leaf,0,Healthy Leaf_IMG_20241104_191302.jpg.jpg,Healthy Leaf/Healthy Leaf_IMG_20241104_191302.jpg.jpg,37ca384113845b550496aeab4d20efbf89c1e1309bb277a396244b2d8b0b141d
746,universe,Healthy Leaf,0,Healthy Leaf_IMG_20241104_191313.jpg.jpg,Healthy Leaf/Healthy Leaf_IMG_20241104_191313.jpg.jpg,c3a93debae00b840a0ab47e11bff65e16fe174e81927f06f51b450fd5dc6aef7
747,universe,Healthy Leaf,0,Healthy Leaf_IMG_20241104_191314.jpg.jpg,Healthy Leaf/Healthy Leaf_IMG_20241104_191314.jpg.jpg,79617189fcbc493749e9d76a8a79e04b52396be27ed30c6679a5a3f0d7fb165e
748,universe,Healthy Leaf,0,Healthy Leaf_IMG_20241104_191317.jpg.jpg,Healthy Leaf/Healthy Leaf_IMG_20241104_191317.jpg.jpg,530853699c261771145e5c827182f76ccab0ad95fc04426242e04fad4ecdb524
749,universe,Healthy Leaf,0,Healthy Leaf_IMG_20241104_191319.jpg.jpg,Healthy Leaf/Healthy Leaf_IMG_20241104_191319.jpg.jpg,78277264840a33f6bcf025ae8fe993381431c0ad40401766c2b606feac630473
750,universe,Healthy Leaf,0,Healthy Leaf_IMG_20241104_191332.jpg.jpg,Healthy Leaf/Healthy Leaf_IMG_20241104_191332.jpg.jpg,c56aca8862ff451ae73a9ec8df5985c53547fddbfd0c07ca190f907b98beb356
751,universe,Healthy Leaf,0,Healthy Leaf_IMG_20241104_191333.jpg.jpg,Healthy Leaf/Healthy Leaf_IMG_20241104_191333.jpg.jpg,33c6b0847e1ed033d6e7db3d855ec32f16043e46ab314b24bd4ca728fbc20158
752,universe,Healthy Leaf,0,Healthy Leaf_IMG_20241104_191335.jpg.jpg,Healthy Leaf/Healthy Leaf_IMG_20241104_191335.jpg.jpg,2ddb5c3362e3ac4ec4d5f2b94f3346ee28898eeb61b23ed2300738deda078821
753,universe,Healthy Leaf,0,Healthy Leaf_IMG_20241104_191337.jpg.jpg,Healthy Leaf/Healthy Leaf_IMG_20241104_191337.jpg.jpg,6e2afda72ebd022374ba21e557aa9acce66937cd6dd273a4d6c667bb837c8d8a
754,universe,Healthy Leaf,0,Healthy Leaf_IMG_20241104_191341.jpg.jpg,Healthy Leaf/Healthy Leaf_IMG_20241104_191341.jpg.jpg,a791914a04100f5804af7e904d5b32fcb9d8c676a55de2301d0116cfb0b4eb9c
755,universe,Healthy Leaf,0,Healthy Leaf_IMG_20241104_191342.jpg.jpg,Healthy Leaf/Healthy Leaf_IMG_20241104_191342.jpg.jpg,6a8e713f651687bf1d079de68cd4befbd1adc75289a1c32ad82b49926fff3ab6
756,universe,Healthy Leaf,0,Healthy Leaf_IMG_20241104_191343.jpg.jpg,Healthy Leaf/Healthy Leaf_IMG_20241104_191343.jpg.jpg,c5de19ad8284bee2ba755fb33a846eef4fb5dfb6e9fed8ff0bfe4a172bbd65d2
757,universe,Healthy Leaf,0,Healthy Leaf_IMG_20241104_191345.jpg.jpg,Healthy Leaf/Healthy Leaf_IMG_20241104_191345.jpg.jpg,d89e255c633499b7ca46ed944a2f287385e0d3a83aacc37783710a00e693d1db
758,universe,Healthy Leaf,0,Healthy Leaf_IMG_20241104_191355.jpg.jpg,Healthy Leaf/Healthy Leaf_IMG_20241104_191355.jpg.jpg,927e671f24a2c77f35be846cf263f89ced4cab2de76a1192300b7656bc58f023
759,universe,Healthy Leaf,0,Healthy Leaf_IMG_20241104_191357.jpg.jpg,Healthy Leaf/Healthy Leaf_IMG_20241104_191357.jpg.jpg,12daad9490e16349bae1e5a36ce6b8b35921814d60e92e9b5f4c123486c48261
760,universe,Healthy Leaf,0,Healthy Leaf_IMG_20241104_191359.jpg.jpg,Healthy Leaf/Healthy Leaf_IMG_20241104_191359.jpg.jpg,6d69ba4770b0b7201fbda80ad1166218b21d5450142481eac2a667c0888c1fe1
761,universe,Healthy Leaf,0,Healthy Leaf_IMG_20241104_191411.jpg.jpg,Healthy Leaf/Healthy Leaf_IMG_20241104_191411.jpg.jpg,8058f487a11af00c27d7cd3ad1df968ead418ca157310017f4590cec5b86806d
762,universe,Healthy Leaf,0,Healthy Leaf_IMG_20241104_191415.jpg.jpg,Healthy Leaf/Healthy Leaf_IMG_20241104_191415.jpg.jpg,a2804648c16349e8e2c4e7f57f416833d6ae5b1a373c30f6a83690ec86959ef7
763,universe,Healthy Leaf,0,Healthy Leaf_IMG_20241104_191417.jpg.jpg,Healthy Leaf/Healthy Leaf_IMG_20241104_191417.jpg.jpg,70b230167ef6962d1499399eb1b775274e80f8821b7b0609254523417a8bee59
764,universe,Healthy Leaf,0,Healthy Leaf_IMG_20241104_191421.jpg.jpg,Healthy Leaf/Healthy Leaf_IMG_20241104_191421.jpg.jpg,c6ecd0ebcb2530efd430bb3bad205b87ac14869307a5a859edeb0cdb75f95a46
765,universe,Healthy Leaf,0,Healthy Leaf_IMG_20241104_191423.jpg.jpg,Healthy Leaf/Healthy Leaf_IMG_20241104_191423.jpg.jpg,85c292c356cc378c06ce724e06e950df3efb1fb436bc117105c931cb6db10f60
766,universe,Healthy Leaf,0,Healthy Leaf_IMG_20241104_191424.jpg.jpg,Healthy Leaf/Healthy Leaf_IMG_20241104_191424.jpg.jpg,1aaf6b306db3394d3b734b4f269958b97638ba325f2e91c74c406d5e54f3085a
767,universe,Healthy Leaf,0,Healthy Leaf_IMG_20241104_191425.jpg.jpg,Healthy Leaf/Healthy Leaf_IMG_20241104_191425.jpg.jpg,a10538d8cf1acb89ea6959097d4b0c6d5cf5be1c67e3feb6d5e29bf46aed0066
768,universe,Healthy Leaf,0,Healthy Leaf_IMG_20241104_191432.jpg.jpg,Healthy Leaf/Healthy Leaf_IMG_20241104_191432.jpg.jpg,b3a8d2d0cca14b270ffac94f703e8a40c494491fda6f7dbbe4a489ef9ea3f5b5
769,universe,Healthy Leaf,0,Healthy Leaf_IMG_20241104_191433.jpg.jpg,Healthy Leaf/Healthy Leaf_IMG_20241104_191433.jpg.jpg,23b3445c23bff064f7bbe696405df0d73c9aa9d6ed9a83bc75cb9b76a77c7a0a
770,universe,Healthy Leaf,0,Healthy Leaf_IMG_20241104_191435.jpg.jpg,Healthy Leaf/Healthy Leaf_IMG_20241104_191435.jpg.jpg,8865a0273cef5208d61307c8bd1f48708eca18dd9bd2bcb792b9469550a6e620
771,universe,Healthy Leaf,0,Healthy Leaf_IMG_20241104_191437.jpg.jpg,Healthy Leaf/Healthy Leaf_IMG_20241104_191437.jpg.jpg,c4754c03cdcf26770264e544cefad6d27935ff25ce525877e81d4460dd5da536
772,universe,Healthy Leaf,0,Healthy Leaf_IMG_20241104_191438.jpg.jpg,Healthy Leaf/Healthy Leaf_IMG_20241104_191438.jpg.jpg,6d558b56e871e0e54463ff99a5214fd315ba82a0c766823906a9ffa06882fede
773,universe,Healthy Leaf,0,Healthy Leaf_IMG_20241104_191447.jpg.jpg,Healthy Leaf/Healthy Leaf_IMG_20241104_191447.jpg.jpg,a10490e0a2ca4da9928d768a3cb3887e21e33b41e08ce513aa589ce480704511
774,universe,Healthy Leaf,0,Healthy Leaf_IMG_20241104_191449.jpg.jpg,Healthy Leaf/Healthy Leaf_IMG_20241104_191449.jpg.jpg,c9002d93eb557c23804b65ca24cc8e4c1cc71a814b37bfe9c3628d75e1ae1149
775,universe,Healthy Leaf,0,Healthy Leaf_IMG_20241104_191451.jpg.jpg,Healthy Leaf/Healthy Leaf_IMG_20241104_191451.jpg.jpg,b254dd9d9e5b824c8f09153507f1fabcbe4f0236ab95c91fc1c7f34193f9e5f7
776,universe,Healthy Leaf,0,Healthy Leaf_IMG_20241104_191452.jpg.jpg,Healthy Leaf/Healthy Leaf_IMG_20241104_191452.jpg.jpg,c605a8ca695d544c480acaa78a866e35b3ededa861c69ead5519817448812871
777,universe,Healthy Leaf,0,Healthy Leaf_IMG_20241104_191453.jpg.jpg,Healthy Leaf/Healthy Leaf_IMG_20241104_191453.jpg.jpg,ba559b5f5bcecd4b6c30e8a32788bc3fad2039b8a524b2d5a352a4466cee9480
778,universe,Healthy Leaf,0,Healthy Leaf_IMG_20241104_191507.jpg.jpg,Healthy Leaf/Healthy Leaf_IMG_20241104_191507.jpg.jpg,5a829cb0cff887c1ebe555bc5e54374ec9a97a6a6417a5971f1f4b96aeafd443
779,universe,Healthy Leaf,0,Healthy Leaf_IMG_20241104_191508.jpg.jpg,Healthy Leaf/Healthy Leaf_IMG_20241104_191508.jpg.jpg,00bd392ec255615e9e96ea2671ec9ff413e552ff8432aa28a3df87c67ec12606
780,universe,Healthy Leaf,0,Healthy Leaf_IMG_20241104_191511.jpg.jpg,Healthy Leaf/Healthy Leaf_IMG_20241104_191511.jpg.jpg,6f303d846fb8315cf4decf23ac9f1df0f9427efce364686f11fe71e44103f00a
781,universe,Healthy Leaf,0,Healthy Leaf_IMG_20241104_191511_1.jpg.jpg,Healthy Leaf/Healthy Leaf_IMG_20241104_191511_1.jpg.jpg,b229c51e6d54f43c6f6abb9435065eaab3f0c84c618f5fb54de5735a3be65197
782,universe,Healthy Leaf,0,Healthy Leaf_IMG_20241104_191513.jpg.jpg,Healthy Leaf/Healthy Leaf_IMG_20241104_191513.jpg.jpg,52f56a7d47cec74bb7feba284e87948b2e1cfd3b863147d9c77bb170d9b6d1b8
783,universe,Healthy Leaf,0,Healthy Leaf_IMG_20241104_191531.jpg.jpg,Healthy Leaf/Healthy Leaf_IMG_20241104_191531.jpg.jpg,c276b819362219db104d928307a3c2fa1ed497d18d59c30f7b059fb8a6191196
784,universe,Healthy Leaf,0,Healthy Leaf_IMG_20241104_191532.jpg.jpg,Healthy Leaf/Healthy Leaf_IMG_20241104_191532.jpg.jpg,53acf8a7decc39b0be28bb8099d59d34449b95a98bb6516a6b7f4a2df2700c12
785,universe,Healthy Leaf,0,Healthy Leaf_IMG_20241104_191533.jpg.jpg,Healthy Leaf/Healthy Leaf_IMG_20241104_191533.jpg.jpg,f0c3c3afa8f846870958d625eb57e3e73a6059ba41c0bf7d9d727bc7e85b07e5
786,universe,Healthy Leaf,0,Healthy Leaf_IMG_20241104_191534.jpg.jpg,Healthy Leaf/Healthy Leaf_IMG_20241104_191534.jpg.jpg,34a5e0e509bf736bb267fc1d170d7a14b653c44d3b3465cd12075352c66b424a
787,universe,Healthy Leaf,0,Healthy Leaf_IMG_20241104_191540.jpg.jpg,Healthy Leaf/Healthy Leaf_IMG_20241104_191540.jpg.jpg,f2e89fb86703e6ebe1485d55851101fa20cb31ead138e13a6310ed50e5d8c57d
788,universe,Healthy Leaf,0,Healthy Leaf_IMG_20241104_191542.jpg.jpg,Healthy Leaf/Healthy Leaf_IMG_20241104_191542.jpg.jpg,258aa5760a3e288b382920b138fcdb1f3442ad68c0aa09c837f18798416ae596
789,universe,Healthy Leaf,0,Healthy Leaf_IMG_20241104_191544.jpg.jpg,Healthy Leaf/Healthy Leaf_IMG_20241104_191544.jpg.jpg,d9ba10debba6caf3877c3fdafd98070a6da9a533543bcc3d456b37d785c2506f
790,universe,Healthy Leaf,0,Healthy Leaf_IMG_20241104_191555.jpg.jpg,Healthy Leaf/Healthy Leaf_IMG_20241104_191555.jpg.jpg,bcb8173c52137a4f119b6a2696ef0c046f322b353e42b8f15702422262874c84
791,universe,Healthy Leaf,0,Healthy Leaf_IMG_20241104_191556.jpg.jpg,Healthy Leaf/Healthy Leaf_IMG_20241104_191556.jpg.jpg,71008c134131b7863cd356927c4dae92225d61d10c61924cb8c51573b8e59674
792,universe,Healthy Leaf,0,Healthy Leaf_IMG_20241104_191557.jpg.jpg,Healthy Leaf/Healthy Leaf_IMG_20241104_191557.jpg.jpg,77551c3fd63426cbc4267d25e67d5fa84086ae07b60a1bdd2ee1d3cb91c0968e
793,universe,Healthy Leaf,0,Healthy Leaf_IMG_20241104_191558.jpg.jpg,Healthy Leaf/Healthy Leaf_IMG_20241104_191558.jpg.jpg,977f2d08903e6e26fe5331c2c9e014e4e181ff5cad3ea9a2aad2032b4683cd05
794,universe,Healthy Leaf,0,Healthy Leaf_IMG_20241104_191603.jpg.jpg,Healthy Leaf/Healthy Leaf_IMG_20241104_191603.jpg.jpg,b4a9dfbdd180ae768cb76f93a1b9622de42b11ae239f31797c905965ecc6f504
795,universe,Healthy Leaf,0,Healthy Leaf_IMG_20241104_191604.jpg.jpg,Healthy Leaf/Healthy Leaf_IMG_20241104_191604.jpg.jpg,d959495eb405a2d0ddf617cfd6b58800cf339807e110263cf693f997b4cada40
796,universe,Healthy Leaf,0,Healthy Leaf_IMG_20241104_191605.jpg.jpg,Healthy Leaf/Healthy Leaf_IMG_20241104_191605.jpg.jpg,43ca2397b988a1f94c22dab69530bb11933fb273d45bd6fb5d010d8ec5d7b6c1
797,universe,Healthy Leaf,0,Healthy Leaf_IMG_20241104_191606.jpg.jpg,Healthy Leaf/Healthy Leaf_IMG_20241104_191606.jpg.jpg,dd916091648801c301452e8eddcbbe3d49a8662c3ef0328accfc94f22f6573f2
798,universe,Healthy Leaf,0,Healthy Leaf_IMG_20241104_191614.jpg.jpg,Healthy Leaf/Healthy Leaf_IMG_20241104_191614.jpg.jpg,2e5062cd410dd4003d07518a7b709bd947d5fe6813a6735083f46e125684eb6e
799,universe,Healthy Leaf,0,Healthy Leaf_IMG_20241104_191616.jpg.jpg,Healthy Leaf/Healthy Leaf_IMG_20241104_191616.jpg.jpg,b5ec69d40853aed0d7d15224d431124d777368874410ff957d08bd360d9cda7c
800,universe,Healthy Leaf,0,Healthy Leaf_IMG_20241104_191617.jpg.jpg,Healthy Leaf/Healthy Leaf_IMG_20241104_191617.jpg.jpg,04564dedabb3d0a7a27a1cb9fd06da6fa455090a000ca5b0449a9cb905985c0e
801,universe,Healthy Leaf,0,Healthy Leaf_IMG_20241104_191619.jpg.jpg,Healthy Leaf/Healthy Leaf_IMG_20241104_191619.jpg.jpg,c6718506149eb6c3fe157be9c01fc1a327da8236df511f679a3aede364c2c4be
802,universe,Healthy Leaf,0,Healthy Leaf_IMG_20241104_191627.jpg.jpg,Healthy Leaf/Healthy Leaf_IMG_20241104_191627.jpg.jpg,be8d1dd41831a7cc857eb29e4c9dba8c84f7adad52f06cc4b7848fdd6006dd76
803,universe,Healthy Leaf,0,Healthy Leaf_IMG_20241104_191628.jpg.jpg,Healthy Leaf/Healthy Leaf_IMG_20241104_191628.jpg.jpg,11eeb2b8698f3c16e43cc0c15fcab50abc5bb2753c0d242dbf457681a56f75f2
804,universe,Healthy Leaf,0,Healthy Leaf_IMG_20241104_191629.jpg.jpg,Healthy Leaf/Healthy Leaf_IMG_20241104_191629.jpg.jpg,4f3bc69d96af6cea5b0b329516a0f2c45b696c3fca457af49bcf84ad74c7448b
805,universe,Healthy Leaf,0,Healthy Leaf_IMG_20241104_191630.jpg.jpg,Healthy Leaf/Healthy Leaf_IMG_20241104_191630.jpg.jpg,3628258afee54d70ea3953da6bdbaac3c8d5965816411714560489d9f01d27a5
806,universe,Healthy Leaf,0,Healthy Leaf_IMG_20241104_191641.jpg.jpg,Healthy Leaf/Healthy Leaf_IMG_20241104_191641.jpg.jpg,ab3dfeb705681f0fb6a686b8b8f8ee377e69a04721f3d72155e335d8eccf06c2
807,universe,Healthy Leaf,0,Healthy Leaf_IMG_20241104_191641_1.jpg.jpg,Healthy Leaf/Healthy Leaf_IMG_20241104_191641_1.jpg.jpg,ea67b5193fc3bc17341a65110d3a2167302566f88741a184b749ba88bca61aae
808,universe,Healthy Leaf,0,Healthy Leaf_IMG_20241104_191642.jpg.jpg,Healthy Leaf/Healthy Leaf_IMG_20241104_191642.jpg.jpg,7493d3c41467d1ef9910f655b51a5d5ebdf2b1a21d1575f376ba53e0e762256c
809,universe,Healthy Leaf,0,Healthy Leaf_IMG_20241104_191642_1.jpg.jpg,Healthy Leaf/Healthy Leaf_IMG_20241104_191642_1.jpg.jpg,7b4afffbd63229443cbc1058eb6e165f36f8140a6f168674da162a4b7a15fd00
810,universe,Healthy Leaf,0,Healthy Leaf_IMG_20241104_191643.jpg.jpg,Healthy Leaf/Healthy Leaf_IMG_20241104_191643.jpg.jpg,4106749cece0209ce7d7c1d94ae7990abbfa8a7e4b58a21ec52942c4a5665a74
811,universe,Healthy Leaf,0,Healthy Leaf_IMG_20241104_191648.jpg.jpg,Healthy Leaf/Healthy Leaf_IMG_20241104_191648.jpg.jpg,f04da85648e8b290f4c5f0c3777b0328eda3fab170da8fe8724ea003c0bbf8ab
812,universe,Healthy Leaf,0,Healthy Leaf_IMG_20241104_191649_1.jpg.jpg,Healthy Leaf/Healthy Leaf_IMG_20241104_191649_1.jpg.jpg,4c0a29936fe106f97813ce208d7b73a3e32dad8fc13942c315e4ba99cacd75e6
813,universe,Healthy Leaf,0,Healthy Leaf_IMG_20241104_191650.jpg.jpg,Healthy Leaf/Healthy Leaf_IMG_20241104_191650.jpg.jpg,739650e6faad369e3870b1ac1c6098bffcf845cd5c0d77b5f5c8aefb62aab8a0
814,universe,Healthy Leaf,0,Healthy Leaf_IMG_20241104_191658.jpg.jpg,Healthy Leaf/Healthy Leaf_IMG_20241104_191658.jpg.jpg,e8c49edb031c087a1166f1e05c19f9db754c85f48fe7fc4660c5169047b34af6
815,universe,Healthy Leaf,0,Healthy Leaf_IMG_20241104_191659.jpg.jpg,Healthy Leaf/Healthy Leaf_IMG_20241104_191659.jpg.jpg,08bb1096838e0c975b3ee13c6448cb6c25d34dad954404e3064d28410a70e28a
816,universe,Healthy Leaf,0,Healthy Leaf_IMG_20241104_191700.jpg.jpg,Healthy Leaf/Healthy Leaf_IMG_20241104_191700.jpg.jpg,eda8e139b14ae98a97a6e2ee694a3ec4be47d50c2954281f56db35edf7696549
817,universe,Healthy Leaf,0,Healthy Leaf_IMG_20241104_191701.jpg.jpg,Healthy Leaf/Healthy Leaf_IMG_20241104_191701.jpg.jpg,b4fb51b984910fcb239f0e359928acd558f573e6d946f2d62161c0163af5d205
818,universe,Healthy Leaf,0,Healthy Leaf_IMG_20241104_191709.jpg.jpg,Healthy Leaf/Healthy Leaf_IMG_20241104_191709.jpg.jpg,56dc01b124177e2a98f1e295779a313f733e7e03dee23dc759954e167c935592
819,universe,Healthy Leaf,0,Healthy Leaf_IMG_20241104_191709_1.jpg.jpg,Healthy Leaf/Healthy Leaf_IMG_20241104_191709_1.jpg.jpg,8432eca53b82f6dba8d45c713eacc4ff6ee2ef6622e043cf8243371097270c28
820,universe,Healthy Leaf,0,Healthy Leaf_IMG_20241104_191710.jpg.jpg,Healthy Leaf/Healthy Leaf_IMG_20241104_191710.jpg.jpg,358c21413952007196b73550a7ea3de027469b0aeef03f55f4f6779d76ba3466
821,universe,Healthy Leaf,0,Healthy Leaf_IMG_20241104_191711.jpg.jpg,Healthy Leaf/Healthy Leaf_IMG_20241104_191711.jpg.jpg,550e177fc1363e0f58a0fec3c8069a0ce8bb3bd004cf878343346a31fa954350
822,universe,Healthy Leaf,0,Healthy Leaf_IMG_20241104_191713.jpg.jpg,Healthy Leaf/Healthy Leaf_IMG_20241104_191713.jpg.jpg,34510fc17c33418ded3c81d0b3a69551f614ea8a29327b97ef53e53a2d56e6ef
823,universe,Healthy Leaf,0,Healthy Leaf_IMG_20241104_191718.jpg.jpg,Healthy Leaf/Healthy Leaf_IMG_20241104_191718.jpg.jpg,c6e595ef1ca611dd31da1f6229955e3a838bc61350263b06f073fc4b864c04e8
824,universe,Healthy Leaf,0,Healthy Leaf_IMG_20241104_191720.jpg.jpg,Healthy Leaf/Healthy Leaf_IMG_20241104_191720.jpg.jpg,85932622b7dfcdbffe0ec5ae95d264c3931fedd21faa9e6e9bdd16d31ad37825
825,universe,Healthy Leaf,0,Healthy Leaf_IMG_20241104_191721_1.jpg.jpg,Healthy Leaf/Healthy Leaf_IMG_20241104_191721_1.jpg.jpg,483c981322d4efdf1e4903148474a916ea45c6199f002962b8050df9dfc2d499
826,universe,Healthy Leaf,0,Healthy Leaf_IMG_20241104_191729.jpg.jpg,Healthy Leaf/Healthy Leaf_IMG_20241104_191729.jpg.jpg,2886beadff00638e26ea71fbb6dd5e52f21873791e5045bb4b214aba3fc966cb
827,universe,Healthy Leaf,0,Healthy Leaf_IMG_20241104_191731.jpg.jpg,Healthy Leaf/Healthy Leaf_IMG_20241104_191731.jpg.jpg,b1753b2a49ff13e77bd61fbdb095284351a6a8b76405e4661b406c0d8c424683
828,universe,Healthy Leaf,0,Healthy Leaf_IMG_20241104_191732.jpg.jpg,Healthy Leaf/Healthy Leaf_IMG_20241104_191732.jpg.jpg,7811245e3f9c8e2ac337fcc552d565390db9fcfd53ef683807e3bad5296b8848
829,universe,Healthy Leaf,0,Healthy Leaf_IMG_20241104_191733.jpg.jpg,Healthy Leaf/Healthy Leaf_IMG_20241104_191733.jpg.jpg,4fd49ebae09ca9f1dd21ab8517fba7569f89604f4a4f71c454a2e7a1c7898680
830,universe,Healthy Leaf,0,Healthy Leaf_IMG_20241104_191734.jpg.jpg,Healthy Leaf/Healthy Leaf_IMG_20241104_191734.jpg.jpg,51ee66969d7476527307dd81ad8cf3106aecf03002207019a5d623c3fefff149
831,universe,Healthy Leaf,0,Healthy Leaf_IMG_20241104_191930.jpg.jpg,Healthy Leaf/Healthy Leaf_IMG_20241104_191930.jpg.jpg,b052ee3ab6bca14af213e6491f4e54a64058681ee03ec04cd199b0c1da2e3de2
832,universe,Healthy Leaf,0,Healthy Leaf_IMG_20241104_191932.jpg.jpg,Healthy Leaf/Healthy Leaf_IMG_20241104_191932.jpg.jpg,ac03af784707842c01e0b87d2516b4094521a525f6a7e47d606b9906e1827a8c
833,universe,Healthy Leaf,0,Healthy Leaf_IMG_20241104_191934.jpg.jpg,Healthy Leaf/Healthy Leaf_IMG_20241104_191934.jpg.jpg,e3e90679694cf68cc9d9d9b3d7ec8e563dbcc716aab01474bc511499a8cd7f06
834,universe,Healthy Leaf,0,Healthy Leaf_IMG_20241104_191936.jpg.jpg,Healthy Leaf/Healthy Leaf_IMG_20241104_191936.jpg.jpg,0392f27a60d366bbd0f1bda91d58d65ef4f22dbcc456ecc1db7e92ad320182b7
835,universe,Healthy Leaf,0,Healthy Leaf_IMG_20241104_191941.jpg.jpg,Healthy Leaf/Healthy Leaf_IMG_20241104_191941.jpg.jpg,2b2d5c627fc6f81740d0cd9d546624cbf8993902fa326886c8601f0af7e2307b
836,universe,Healthy Leaf,0,Healthy Leaf_IMG_20241104_191942.jpg.jpg,Healthy Leaf/Healthy Leaf_IMG_20241104_191942.jpg.jpg,acd11d8ece19097ce442df465b4e5f25c53bea3c3bc65f86e68fb983193c9670
837,universe,Healthy Leaf,0,Healthy Leaf_IMG_20241104_191943.jpg.jpg,Healthy Leaf/Healthy Leaf_IMG_20241104_191943.jpg.jpg,258e64d5ed1a3252a4711d20f66bde65d210216a961f50b0c0d13f7310290fb2
838,universe,Healthy Leaf,0,Healthy Leaf_IMG_20241104_191945.jpg.jpg,Healthy Leaf/Healthy Leaf_IMG_20241104_191945.jpg.jpg,1b2bab804310d7f117ba7fc2ad800b6fead680b7c0b9169ee2c768bdf15c371b
839,universe,Healthy Leaf,0,Healthy Leaf_IMG_20241104_191947.jpg.jpg,Healthy Leaf/Healthy Leaf_IMG_20241104_191947.jpg.jpg,dfb875f0039ba2e25ff4c1d2487ca60968596bab87bce6ed3f59413b99a33c62
840,universe,Healthy Leaf,0,Healthy Leaf_IMG_20241104_191952.jpg.jpg,Healthy Leaf/Healthy Leaf_IMG_20241104_191952.jpg.jpg,6cf7a689e5ad3104dab24c79a7a42e6715db3c980cc19d2d6ab79aac5a1a22a1
841,universe,Healthy Leaf,0,Healthy Leaf_IMG_20241104_191953.jpg.jpg,Healthy Leaf/Healthy Leaf_IMG_20241104_191953.jpg.jpg,de8a5348574968b5746e33d7afa9e0cf4b74724b1dde40a38db98dc0a94d6299
842,universe,Healthy Leaf,0,Healthy Leaf_IMG_20241104_191955.jpg.jpg,Healthy Leaf/Healthy Leaf_IMG_20241104_191955.jpg.jpg,c31ab3a3d9d9cb6809c914d0f98361b32a8556715e07daa505625dbf2f762d86
843,universe,Healthy Leaf,0,Healthy Leaf_IMG_20241104_191957.jpg.jpg,Healthy Leaf/Healthy Leaf_IMG_20241104_191957.jpg.jpg,4358c0921754c1e21df99d915a7ccff6b8a4881454c56ce3a22fb26f34d54189
844,universe,Healthy Leaf,0,Healthy Leaf_IMG_20241104_192002.jpg.jpg,Healthy Leaf/Healthy Leaf_IMG_20241104_192002.jpg.jpg,ee7f18c409856682e4b69e981dadc3d469356a614b8e8f3df06c70a9edf01e8f
845,universe,Healthy Leaf,0,Healthy Leaf_IMG_20241104_192003.jpg.jpg,Healthy Leaf/Healthy Leaf_IMG_20241104_192003.jpg.jpg,06f800c4a1ea802e885ce9fab95b8d8869ed5b1ae1d928e8f36980b75e8ed057
846,universe,Healthy Leaf,0,Healthy Leaf_IMG_20241104_192004.jpg.jpg,Healthy Leaf/Healthy Leaf_IMG_20241104_192004.jpg.jpg,0e3ca8c0f719bff350aea0a5c638ea765c826c2deb734fcc0c6f2f75064795ea
847,universe,Healthy Leaf,0,Healthy Leaf_IMG_20241104_192005.jpg.jpg,Healthy Leaf/Healthy Leaf_IMG_20241104_192005.jpg.jpg,250149d23bedb2f822f4a1aec7166170bdc63f05e39c3e95520164ced504fa9a
848,universe,Healthy Leaf,0,Healthy Leaf_IMG_20241104_192011.jpg.jpg,Healthy Leaf/Healthy Leaf_IMG_20241104_192011.jpg.jpg,2c5667ccd61e763d4a546dd6a696ba1bbf8d15ac38a7e1d04c6b7d079c3f144a
849,universe,Healthy Leaf,0,Healthy Leaf_IMG_20241104_192012.jpg.jpg,Healthy Leaf/Healthy Leaf_IMG_20241104_192012.jpg.jpg,e993a58f3c30b4e5b3b73a69b3c67c11293639882bfcec41948558ab51003889
850,universe,Healthy Leaf,0,Healthy Leaf_IMG_20241104_192013.jpg.jpg,Healthy Leaf/Healthy Leaf_IMG_20241104_192013.jpg.jpg,3f66632b2837f91f83ed43c983ef6f8c8f30190baad36c8507caca6e43548a81
851,universe,Healthy Leaf,0,Healthy Leaf_IMG_20241104_192014.jpg.jpg,Healthy Leaf/Healthy Leaf_IMG_20241104_192014.jpg.jpg,db17343c7dc2a105eec82bad2904069465ffcdbb5f67b47513f4f10fa732fb38
852,universe,Healthy Leaf,0,Healthy Leaf_IMG_20241104_192018.jpg.jpg,Healthy Leaf/Healthy Leaf_IMG_20241104_192018.jpg.jpg,33577c462e9d852702e750e5be679680866360dadc8bae1299cb7b81ffcbd699
853,universe,Healthy Leaf,0,Healthy Leaf_IMG_20241104_192019.jpg.jpg,Healthy Leaf/Healthy Leaf_IMG_20241104_192019.jpg.jpg,8f47df6daea62729fa913ad75ad33c64f515f442942654273b06d2a09cc5bb8b
854,universe,Healthy Leaf,0,Healthy Leaf_IMG_20241104_192021.jpg.jpg,Healthy Leaf/Healthy Leaf_IMG_20241104_192021.jpg.jpg,345444a94b282b3c963209888d3a52a30ed5f63c0c99846107b9090596d898c8
855,universe,Healthy Leaf,0,Healthy Leaf_IMG_20241104_192026.jpg.jpg,Healthy Leaf/Healthy Leaf_IMG_20241104_192026.jpg.jpg,a8f37cb7dc889e5b10cf9e4dd74c8108fd8cb7c372d65ff54626c8155a4364ce
856,universe,Healthy Leaf,0,Healthy Leaf_IMG_20241104_192027.jpg.jpg,Healthy Leaf/Healthy Leaf_IMG_20241104_192027.jpg.jpg,5ef5b7f6893d5359c7309819bc039be3213f77a19f4be7af93fc2d562e33b8ec
857,universe,Healthy Leaf,0,Healthy Leaf_IMG_20241104_192029.jpg.jpg,Healthy Leaf/Healthy Leaf_IMG_20241104_192029.jpg.jpg,5aeeabc67e2f189ce29d7377a938e7fab15900f8a8f5a8599e1a67392c353bd3
858,universe,Healthy Leaf,0,Healthy Leaf_IMG_20241104_192121.jpg.jpg,Healthy Leaf/Healthy Leaf_IMG_20241104_192121.jpg.jpg,2394c2acafbd0ce8374b4f45fdfa7ff2bcb13288ce578a1d79e26c9efd3aee17
859,universe,Healthy Leaf,0,Healthy Leaf_IMG_20241104_192121_1.jpg.jpg,Healthy Leaf/Healthy Leaf_IMG_20241104_192121_1.jpg.jpg,e67845c78db0ff47ef769ef3c442572f4e5800d5f1eee5cb17477f979b66f4db
860,universe,Healthy Leaf,0,Healthy Leaf_IMG_20241104_192122.jpg.jpg,Healthy Leaf/Healthy Leaf_IMG_20241104_192122.jpg.jpg,a1e1311f15e498f78c86b4c553d80a6f19ee593fcd7aa595c3a6553e9b864c18
861,universe,Healthy Leaf,0,Healthy Leaf_IMG_20241104_192123.jpg.jpg,Healthy Leaf/Healthy Leaf_IMG_20241104_192123.jpg.jpg,f01b2c156fee485ae1a7d55088126bc30db8ed0e8e60141bc1209a1d8c013b30
862,universe,Healthy Leaf,0,Healthy Leaf_IMG_20241104_192128.jpg.jpg,Healthy Leaf/Healthy Leaf_IMG_20241104_192128.jpg.jpg,42e30e7b89e7076fd615e2be274f163ffa2449bbabf55f807bc92adf596764b2
863,universe,Healthy Leaf,0,Healthy Leaf_IMG_20241104_192138.jpg.jpg,Healthy Leaf/Healthy Leaf_IMG_20241104_192138.jpg.jpg,451ccfbc2c3a3ce79f82e966ce9a546eb4a4f5ede84e76aee4bbd772b8c83f01
864,universe,Healthy Leaf,0,Healthy Leaf_IMG_20241104_192143.jpg.jpg,Healthy Leaf/Healthy Leaf_IMG_20241104_192143.jpg.jpg,7d113df63b8e121fb1c08e9edaaadec6fa97efa05f1785f2f32c0d4371c07f71
865,universe,Healthy Leaf,0,Healthy Leaf_IMG_20241104_192144.jpg.jpg,Healthy Leaf/Healthy Leaf_IMG_20241104_192144.jpg.jpg,e66a7657eb601789e8dfe946b0f9fedaed258e2f5c710a96239c26b53a9ffb0f
866,universe,Healthy Leaf,0,Healthy Leaf_IMG_20241104_192145.jpg.jpg,Healthy Leaf/Healthy Leaf_IMG_20241104_192145.jpg.jpg,1bd8cfe2ca8fdd35325bc9ea1ae7d9fad21eaa2fbc699e7c7f0ed4dd72e281a4
867,universe,Healthy Leaf,0,Healthy Leaf_IMG_20241104_192154.jpg.jpg,Healthy Leaf/Healthy Leaf_IMG_20241104_192154.jpg.jpg,919935e584426b830b02c2e80aa408c06c2898e2f7fd479549abf3f9502f684a
868,universe,Healthy Leaf,0,Healthy Leaf_IMG_20241104_192156.jpg.jpg,Healthy Leaf/Healthy Leaf_IMG_20241104_192156.jpg.jpg,bb45ca7374360b043a73a01c8325063d72068062c8fb5069a19c1f1230331132
869,universe,Healthy Leaf,0,Healthy Leaf_IMG_20241104_192205.jpg.jpg,Healthy Leaf/Healthy Leaf_IMG_20241104_192205.jpg.jpg,0dbead330cc4615c0bc47be3d51ab0b4fb3f2d4d04cad464007aeb01ea0dcd55
870,universe,Healthy Leaf,0,Healthy Leaf_IMG_20241104_192207.jpg.jpg,Healthy Leaf/Healthy Leaf_IMG_20241104_192207.jpg.jpg,dd140732fa92a6f9785945209754934ea787792939afcbe13d5d91c3b519d502
871,universe,Healthy Leaf,0,Healthy Leaf_IMG_20241104_192210.jpg.jpg,Healthy Leaf/Healthy Leaf_IMG_20241104_192210.jpg.jpg,28f8542f2a356fedbebfc80625fc9386512cc6e9747ff49d07b2fb6b898411a2
872,universe,Healthy Leaf,0,Healthy Leaf_IMG_20241104_192219.jpg.jpg,Healthy Leaf/Healthy Leaf_IMG_20241104_192219.jpg.jpg,06f54ce456a7388b758fa1a5601a6ff418aed25ff6e3b7a2cb5de817d0239815
873,universe,Healthy Leaf,0,Healthy Leaf_IMG_20241104_192220.jpg.jpg,Healthy Leaf/Healthy Leaf_IMG_20241104_192220.jpg.jpg,fcde81272964ebdee1fe93c498cbfc523c62c8d2273d58403c69ee0c5b135376
874,universe,Healthy Leaf,0,Healthy Leaf_IMG_20241104_192223.jpg.jpg,Healthy Leaf/Healthy Leaf_IMG_20241104_192223.jpg.jpg,235b03e74bb907a07326956a17e4f83311514b6e66ab2cae91845a9da418fc53
875,universe,Healthy Leaf,0,Healthy Leaf_IMG_20241104_192232.jpg.jpg,Healthy Leaf/Healthy Leaf_IMG_20241104_192232.jpg.jpg,9df4a864300991f60db70db3f8fc7a7cb3d15a4ad646e714a90318de2d923c2d
876,universe,Healthy Leaf,0,Healthy Leaf_IMG_20241104_192233.jpg.jpg,Healthy Leaf/Healthy Leaf_IMG_20241104_192233.jpg.jpg,1c727e89a484d4ad26a6e5872abc28c330a0d92acb4a251e13b042d499f29fe0
877,universe,Healthy Leaf,0,Healthy Leaf_IMG_20241104_192234.jpg.jpg,Healthy Leaf/Healthy Leaf_IMG_20241104_192234.jpg.jpg,dfaec449c74c38ee45b8cc5190da702a08855bff0cfe75b77dfa4f6d2e9af635
878,universe,Healthy Leaf,0,Healthy Leaf_IMG_20241104_192246.jpg.jpg,Healthy Leaf/Healthy Leaf_IMG_20241104_192246.jpg.jpg,094666499eeb090fcfe42f13baa05592198ef5a493b6b38dac4edb3d665199fe
879,universe,Healthy Leaf,0,Healthy Leaf_IMG_20241104_192247.jpg.jpg,Healthy Leaf/Healthy Leaf_IMG_20241104_192247.jpg.jpg,91d7e5294a9d28e89dda1bdd5b6c85fa0f73195a57a20587a71c857f8cf1f36b
880,universe,Healthy Leaf,0,Healthy Leaf_IMG_20241104_192247_1.jpg.jpg,Healthy Leaf/Healthy Leaf_IMG_20241104_192247_1.jpg.jpg,28e661b9016cc8534b9bd1058f038ad6e66148d99cdba38d807c908bd09f948c
881,universe,Healthy Leaf,0,Healthy Leaf_IMG_20241104_192249.jpg.jpg,Healthy Leaf/Healthy Leaf_IMG_20241104_192249.jpg.jpg,de09bc393c038605725837587a80a3e085b0b33036d2505149c6351a512158de
882,universe,Healthy Leaf,0,Healthy Leaf_IMG_20241104_192308.jpg.jpg,Healthy Leaf/Healthy Leaf_IMG_20241104_192308.jpg.jpg,7573b7f3906244518fb154eb2da308e69b3ecf243359f022a28727ec3b98d915
883,universe,Healthy Leaf,0,Healthy Leaf_IMG_20241104_192309.jpg.jpg,Healthy Leaf/Healthy Leaf_IMG_20241104_192309.jpg.jpg,a80e742dda56e3396a76d170d94058177b1f11dd291d9572d3a2233b629573cd
884,universe,Healthy Leaf,0,Healthy Leaf_IMG_20241104_192310.jpg.jpg,Healthy Leaf/Healthy Leaf_IMG_20241104_192310.jpg.jpg,ad81559e2a091184b4ca32c79816a2bcded18a937e2b100b89c2a10939a7a1ac
885,universe,Healthy Leaf,0,Healthy Leaf_IMG_20241104_192311.jpg.jpg,Healthy Leaf/Healthy Leaf_IMG_20241104_192311.jpg.jpg,d1c224deb8e20f181fb028362cbcebfe5bb6543a37be3d51fdd650ced2aa8dfd
886,universe,Healthy Leaf,0,Healthy Leaf_IMG_20241104_192317.jpg.jpg,Healthy Leaf/Healthy Leaf_IMG_20241104_192317.jpg.jpg,32bfbacc110004253d9878173b691f397a187173b5c483021dac28691a802553
887,universe,Healthy Leaf,0,Healthy Leaf_IMG_20241104_192319.jpg.jpg,Healthy Leaf/Healthy Leaf_IMG_20241104_192319.jpg.jpg,8196acdb82a2bc8a4222022b39f1e7f597a258c52719e8f7824de537620530cc
888,universe,Healthy Leaf,0,Healthy Leaf_IMG_20241104_192320.jpg.jpg,Healthy Leaf/Healthy Leaf_IMG_20241104_192320.jpg.jpg,c94fa08df8dd0c39751266254712a55c72204b8a038c03df864bf419f0af175c
889,universe,Healthy Leaf,0,Healthy Leaf_IMG_20241104_192339.jpg.jpg,Healthy Leaf/Healthy Leaf_IMG_20241104_192339.jpg.jpg,2bab11be157d4b371c2b9276395780cc3422f59c9c1cb195c85c35053fe976b3
890,universe,Healthy Leaf,0,Healthy Leaf_IMG_20241104_192350.jpg.jpg,Healthy Leaf/Healthy Leaf_IMG_20241104_192350.jpg.jpg,d4174364e9d8b1f8bc778b9dd598bc10bc3de214156ad5a614e11028a17b681c
891,universe,Healthy Leaf,0,Healthy Leaf_IMG_20241104_192352.jpg.jpg,Healthy Leaf/Healthy Leaf_IMG_20241104_192352.jpg.jpg,104b9346844a767fa29af5cb75c5f1d08eeadb1e18d59f43e2d41553fc4000d3
892,universe,Healthy Leaf,0,Healthy Leaf_IMG_20241104_192353.jpg.jpg,Healthy Leaf/Healthy Leaf_IMG_20241104_192353.jpg.jpg,0102a5a5b5e51561ba3a4ea7749ed6c44d59a797d21dbb0e3531831fda8dda89
893,universe,Healthy Leaf,0,Healthy Leaf_IMG_20241104_192409.jpg.jpg,Healthy Leaf/Healthy Leaf_IMG_20241104_192409.jpg.jpg,b3e78aa27276652689052a10ded0ef556bc938959b468a21138a1ae9010bf24d
894,universe,Healthy Leaf,0,Healthy Leaf_IMG_20241104_192410.jpg.jpg,Healthy Leaf/Healthy Leaf_IMG_20241104_192410.jpg.jpg,b2dfc84a50bd52ad61d15d9d68a012b0b0cac53ea4873aaa2153bece1fc3300b
895,universe,Healthy Leaf,0,Healthy Leaf_IMG_20241104_192411.jpg.jpg,Healthy Leaf/Healthy Leaf_IMG_20241104_192411.jpg.jpg,d36e3ee8c9a84386c811567524824c6b0aa4f26805025defdff101edb54e23ec
896,universe,Powdery Mildew,1,White Spot_20241104_003600.jpg.jpg,Powdery Mildew/White Spot_20241104_003600.jpg.jpg,3056ce8ccaab64b4f582b59e79d485cd50491259781dc9ec4fe687d8250ce5ef
897,universe,Powdery Mildew,1,White Spot_20241104_003603.jpg.jpg,Powdery Mildew/White Spot_20241104_003603.jpg.jpg,739bafb09f247db5ec98c639307d6dfb207e3b8d56b1c112563a4cb90d4f3f3f
898,universe,Powdery Mildew,1,White Spot_20241104_003629.jpg.jpg,Powdery Mildew/White Spot_20241104_003629.jpg.jpg,35f75faa842412a31df7ed8ef17e877977f1aa09d0316469f145d13ee71d14df
899,universe,Powdery Mildew,1,White Spot_20241104_003632.jpg.jpg,Powdery Mildew/White Spot_20241104_003632.jpg.jpg,dac29bd7298b6d0a5597d2eb9d28ba7bba575c4e9d37194e751b2f7b567c364a
900,universe,Powdery Mildew,1,White Spot_20241104_003635.jpg.jpg,Powdery Mildew/White Spot_20241104_003635.jpg.jpg,e4a2886decec0409121a920d86c5c750d4335436e377a9af82e3d5158e3ff28b
901,universe,Powdery Mildew,1,White Spot_20241104_003638.jpg.jpg,Powdery Mildew/White Spot_20241104_003638.jpg.jpg,40d3afa10ce4a731b4c0d38ac3d9cb8a0a07de8b926c1585c85901a5ac315f01
902,universe,Powdery Mildew,1,White Spot_20241104_003647.jpg.jpg,Powdery Mildew/White Spot_20241104_003647.jpg.jpg,6265e4c432549ae6eb21d9318926e2a8aeba03849d9978e7c80461730ae83121
903,universe,Powdery Mildew,1,White Spot_20241104_003650.jpg.jpg,Powdery Mildew/White Spot_20241104_003650.jpg.jpg,b8f4f6452f583a9bdc90e46ba21041980f7f366784f1a4a9f466119f72eff34e
904,universe,Powdery Mildew,1,White Spot_20241104_003653.jpg.jpg,Powdery Mildew/White Spot_20241104_003653.jpg.jpg,4e94db3093ef6f0cebaeab894f597863b092c2af708d908d1ad05916ed46a672
905,universe,Powdery Mildew,1,White Spot_20241104_003701.jpg.jpg,Powdery Mildew/White Spot_20241104_003701.jpg.jpg,2001af559efea0008bebf748f5f2a47fbe79a7552a5a3c9fbee34d9ccefec8e6
906,universe,Powdery Mildew,1,White Spot_20241104_003703.jpg.jpg,Powdery Mildew/White Spot_20241104_003703.jpg.jpg,267d289f016126e9a444ab35e452c703915d354bfe3ca5f182e376bfca2aa0f9
907,universe,Powdery Mildew,1,White Spot_20241104_003709.jpg.jpg,Powdery Mildew/White Spot_20241104_003709.jpg.jpg,abafe59770d095187e0fe465d0a11dcbf301a6641e63df68231a1f0195f9232a
908,universe,Powdery Mildew,1,White Spot_20241104_003734.jpg.jpg,Powdery Mildew/White Spot_20241104_003734.jpg.jpg,db7696bdf0881dc31e0eede813521d0d23c9abae3524d3bc9fa429526c24e022
909,universe,Powdery Mildew,1,White Spot_20241104_003736.jpg.jpg,Powdery Mildew/White Spot_20241104_003736.jpg.jpg,d2f0189a81d2867dc4b2e080a3bd4a578d070a16d2ed489d379d03faf9338728
910,universe,Powdery Mildew,1,White Spot_20241104_003740.jpg.jpg,Powdery Mildew/White Spot_20241104_003740.jpg.jpg,c63e18fadf5a9d80442191082d6ed5f9a16fdf916fce40187de2cdc289d3f3b7
911,universe,Powdery Mildew,1,White Spot_20241104_003746.jpg.jpg,Powdery Mildew/White Spot_20241104_003746.jpg.jpg,39d96cc0dbe9082e91ef9d1fd505175f26e7a32324bdb25551e504d76f34c670
912,universe,Powdery Mildew,1,White Spot_20241104_003751.jpg.jpg,Powdery Mildew/White Spot_20241104_003751.jpg.jpg,6e4723df7ce68ab04dff39bb8f9b2bbabcd8fb8d22be86412ecf27d659fd7073
913,universe,Powdery Mildew,1,White Spot_20241104_003755.jpg.jpg,Powdery Mildew/White Spot_20241104_003755.jpg.jpg,2d235a49ba9663d0a423e17c4dc6cfa63443a12d6de0650b1e04fa3926f7708c
914,universe,Powdery Mildew,1,White Spot_20241104_003809.jpg.jpg,Powdery Mildew/White Spot_20241104_003809.jpg.jpg,b977d68c885eed4f3807586df4c2ac93d9eb739933b3b7dcd76786c2479f6dca
915,universe,Powdery Mildew,1,White Spot_20241104_003812.jpg.jpg,Powdery Mildew/White Spot_20241104_003812.jpg.jpg,71ab52ddeefbee31c14e99b3ca1a5b446a634a12eb3a675d227486dfb4e8b536
916,universe,Powdery Mildew,1,White Spot_20241104_003818.jpg.jpg,Powdery Mildew/White Spot_20241104_003818.jpg.jpg,bf46a9b8069ae74d475831562d0dc16142bb826bc29012228be96da18d08c87b
917,universe,Powdery Mildew,1,White Spot_20241104_003825.jpg.jpg,Powdery Mildew/White Spot_20241104_003825.jpg.jpg,9b7e52f5deb41c8d34ca772e2b92308d96d2d01aed3247e440e5a9e4efa6b8a1
918,universe,Powdery Mildew,1,White Spot_20241104_003828.jpg.jpg,Powdery Mildew/White Spot_20241104_003828.jpg.jpg,d685fabec745919023c72941b825b1515e1ebd88dd567f93ef760d852cc37a74
919,universe,Powdery Mildew,1,White Spot_20241104_003830.jpg.jpg,Powdery Mildew/White Spot_20241104_003830.jpg.jpg,88f2adfd7683b6aedc19de7c10d000fb7e08fc6e6ac8d77033deccf24daadada
920,universe,Powdery Mildew,1,White Spot_20241104_003834.jpg.jpg,Powdery Mildew/White Spot_20241104_003834.jpg.jpg,29422f40978d99a33cbd859b4450d304e895f885d63e1b178c7a44003d3eb42e
921,universe,Powdery Mildew,1,White Spot_20241104_003850.jpg.jpg,Powdery Mildew/White Spot_20241104_003850.jpg.jpg,8a675d4bc3576df3db5c1b37f030dcf9118bb83e82f95e1bee91eb5e7aed2c57
922,universe,Powdery Mildew,1,White Spot_20241104_003852.jpg.jpg,Powdery Mildew/White Spot_20241104_003852.jpg.jpg,39d4f3d896ee09386b9730fba80805bc4294376b9e9c2a5b25e5641f74109e7d
923,universe,Powdery Mildew,1,White Spot_20241104_003855.jpg.jpg,Powdery Mildew/White Spot_20241104_003855.jpg.jpg,45fa58077a1e83812dc4aeff47e138a846d2fdd4a0e1b138119f7f8e0474611b
924,universe,Powdery Mildew,1,White Spot_20241104_003858.jpg.jpg,Powdery Mildew/White Spot_20241104_003858.jpg.jpg,d30b301d045349480074dff6ca2b655f2708c7904a7c94999d1b2850d92ea81b
925,universe,Powdery Mildew,1,White Spot_20241104_003908.jpg.jpg,Powdery Mildew/White Spot_20241104_003908.jpg.jpg,b87efddfafd5ae00e92068432f9acc3cc8f6356e7acf4f1444d0389e482cd4e9
926,universe,Powdery Mildew,1,White Spot_20241104_003911.jpg.jpg,Powdery Mildew/White Spot_20241104_003911.jpg.jpg,59e37619f4d8fe4387ca893453b452304c904dfeb160e06adf8ec67755f8ca4a
927,universe,Powdery Mildew,1,White Spot_20241104_003914.jpg.jpg,Powdery Mildew/White Spot_20241104_003914.jpg.jpg,dc9d40887f4bffcf8066dc2e04815ea27136af4b5d3f1c8884248f50745a07d2
928,universe,Powdery Mildew,1,White Spot_20241104_003922.jpg.jpg,Powdery Mildew/White Spot_20241104_003922.jpg.jpg,0f9c178ca32b65f40c73927c8a34a6eb39692b053009305c0e7ad5766dd3092c
929,universe,Powdery Mildew,1,White Spot_20241104_003927.jpg.jpg,Powdery Mildew/White Spot_20241104_003927.jpg.jpg,a29f68beff953d57939275850b35b8bec99d486f7729ddd62a7d44361bc5863a
930,universe,Powdery Mildew,1,White Spot_20241104_003930.jpg.jpg,Powdery Mildew/White Spot_20241104_003930.jpg.jpg,2832935db3e2abc42579548e07ca63786c4ab460b78ed00c66293c1921c0b932
931,universe,Powdery Mildew,1,White Spot_20241104_003943.jpg.jpg,Powdery Mildew/White Spot_20241104_003943.jpg.jpg,556e43ec07a7aa60cfdb9c8b0b02a6f3d5a269f29bf30ac0ed74233ddd2f07e9
932,universe,Powdery Mildew,1,White Spot_20241104_003946.jpg.jpg,Powdery Mildew/White Spot_20241104_003946.jpg.jpg,558ec078a3b20bd04d22274802c776c3632f82a508fbb8f423dbddde53b7ed9b
933,universe,Powdery Mildew,1,White Spot_20241104_003948.jpg.jpg,Powdery Mildew/White Spot_20241104_003948.jpg.jpg,43327eb2f1d4a4f6ba325fc486c2334b4df4932b797d5bd0cafbb0fdc4001538
934,universe,Powdery Mildew,1,White Spot_20241104_003951.jpg.jpg,Powdery Mildew/White Spot_20241104_003951.jpg.jpg,d07a8b86dc593ed4a07b32dfba2c0002317a07b49ea4be22d666f3430d211086
935,universe,Powdery Mildew,1,White Spot_20241104_004001.jpg.jpg,Powdery Mildew/White Spot_20241104_004001.jpg.jpg,dfd99084650cc092a324ef3962b1e8d4d161e0786f8ab609e9ccf0508d49abc4
936,universe,Powdery Mildew,1,White Spot_20241104_004003.jpg.jpg,Powdery Mildew/White Spot_20241104_004003.jpg.jpg,e6fde02b173f6330f8124d30d93b908d2488a64684891220ea279a3527361a16
937,universe,Powdery Mildew,1,White Spot_20241104_004006.jpg.jpg,Powdery Mildew/White Spot_20241104_004006.jpg.jpg,0b57f365b88e7d269a5f88e40f8e961b8b1318c5d55e9804bba866f3b56a925b
938,universe,Powdery Mildew,1,White Spot_20241104_004022.jpg.jpg,Powdery Mildew/White Spot_20241104_004022.jpg.jpg,669af155cdfcf1ebe5c9526f715d502c3850b045b35e47fc3e6d58ec0de4a130
939,universe,Powdery Mildew,1,White Spot_20241104_004025.jpg.jpg,Powdery Mildew/White Spot_20241104_004025.jpg.jpg,557f195bd79e521180736c1bdd9e4b49eccfd44a790255ef1ecfcd3f51b9fdd4
940,universe,Powdery Mildew,1,White Spot_20241104_004031.jpg.jpg,Powdery Mildew/White Spot_20241104_004031.jpg.jpg,2e8dbdae395936da9780b95a6439fc17a1dd2875eae10c4f09b68ac20a4a5a81
941,universe,Powdery Mildew,1,White Spot_20241104_004038.jpg.jpg,Powdery Mildew/White Spot_20241104_004038.jpg.jpg,e069afe544936e9933072d81d62fdc39fc254da6232460b366674b02305574d3
942,universe,Powdery Mildew,1,White Spot_20241104_004046.jpg.jpg,Powdery Mildew/White Spot_20241104_004046.jpg.jpg,dee96d2572e83f336222414ed985af7abe08f0baacde12277072be9af75f3a46
943,universe,Powdery Mildew,1,White Spot_20241104_004054.jpg.jpg,Powdery Mildew/White Spot_20241104_004054.jpg.jpg,eb9a06cac66f6d19e60337c059370d99b4a11f5d84a21db42bf2fe95e0f30f5a
944,universe,Powdery Mildew,1,White Spot_20241104_004059.jpg.jpg,Powdery Mildew/White Spot_20241104_004059.jpg.jpg,c5a2041d5e7b0659110e7e47b99cd44951ea5288d5360c4001e7a3344ecdd7f4
945,universe,Powdery Mildew,1,White Spot_20241104_004109.jpg.jpg,Powdery Mildew/White Spot_20241104_004109.jpg.jpg,ed9efc983da0df6310a4f61f45da8e0635d361b3c7e5004462ace69ef904b305
946,universe,Powdery Mildew,1,White Spot_20241104_004111.jpg.jpg,Powdery Mildew/White Spot_20241104_004111.jpg.jpg,bfc71a0b6b83621721a968a0a67c1a14ca9dac1e30e542ed35869d04acdd673c
947,universe,Powdery Mildew,1,White Spot_20241104_004113.jpg.jpg,Powdery Mildew/White Spot_20241104_004113.jpg.jpg,1f71e851be41af90093d8d472c796badfb5a696615a8a3bd21e8ed6fe7571e77
948,universe,Powdery Mildew,1,White Spot_20241104_004116.jpg.jpg,Powdery Mildew/White Spot_20241104_004116.jpg.jpg,b40b57d8c78d82ad2b2ea20546c4754f3c28e6b3f9a01a3aa11ab42f5de4e4a4
949,universe,Powdery Mildew,1,White Spot_20241104_004123.jpg.jpg,Powdery Mildew/White Spot_20241104_004123.jpg.jpg,06256643dc93b8811de4a7bef6d50d583dd1811dcde556a5a1752258f8e3bdb5
950,universe,Powdery Mildew,1,White Spot_20241104_004125.jpg.jpg,Powdery Mildew/White Spot_20241104_004125.jpg.jpg,db95bb66083e3ec1f743c68451b691f28e373ae927b370e8699176a284de1841
951,universe,Powdery Mildew,1,White Spot_20241104_004127.jpg.jpg,Powdery Mildew/White Spot_20241104_004127.jpg.jpg,42f5bd3ef63ad64f847835df991ef233b8dd79492b8bde41369d9e32c7a00642
952,universe,Powdery Mildew,1,White Spot_20241104_004131.jpg.jpg,Powdery Mildew/White Spot_20241104_004131.jpg.jpg,d15735ee2b8e9bdbc980d576bdd457502773d0cf399123bc54496a32925cdb8a
953,universe,Powdery Mildew,1,White Spot_20241104_004143.jpg.jpg,Powdery Mildew/White Spot_20241104_004143.jpg.jpg,e7aa673938261bd8f5ed44918e5e5d2f50b29fd84843f8644fd01cbac11e9d8e
954,universe,Powdery Mildew,1,White Spot_20241104_004146.jpg.jpg,Powdery Mildew/White Spot_20241104_004146.jpg.jpg,4c7d80030fb7e3405624e30e939d3fd4c92b3b37dc5c383e1559b8cc513be9c8
955,universe,Powdery Mildew,1,White Spot_20241104_004148.jpg.jpg,Powdery Mildew/White Spot_20241104_004148.jpg.jpg,8420b23cecccd013881ce96df72aa1f6c338ba6d0a920f28e6f9b3e19515f390
956,universe,Powdery Mildew,1,White Spot_20241104_004151.jpg.jpg,Powdery Mildew/White Spot_20241104_004151.jpg.jpg,b5ac20863f32f675db12b892e870f88c900b2f19d1f237c12de6409ba91ce0bb
957,universe,Powdery Mildew,1,White Spot_20241104_004209.jpg.jpg,Powdery Mildew/White Spot_20241104_004209.jpg.jpg,3dea0315b51e3c67171c3808721b4d634278d33cb1aad1073ea401f84a15f849
958,universe,Powdery Mildew,1,White Spot_20241104_004217.jpg.jpg,Powdery Mildew/White Spot_20241104_004217.jpg.jpg,74771855483a7628dd4fc61b0fc21d7126d4b9897ed191b48833f3422709b06f
959,universe,Powdery Mildew,1,White Spot_20241104_004224.jpg.jpg,Powdery Mildew/White Spot_20241104_004224.jpg.jpg,5693ee2d996ddce4fbe5a631fa4574f189fbbc6aef448685c850af5b68c5a868
960,universe,Powdery Mildew,1,White Spot_20241104_004231.jpg.jpg,Powdery Mildew/White Spot_20241104_004231.jpg.jpg,2d9369a39f582ea0bba4223800d3c50b816687c60c128953046f1ea349bded86
961,universe,Powdery Mildew,1,White Spot_20241104_004251.jpg.jpg,Powdery Mildew/White Spot_20241104_004251.jpg.jpg,957e49ccc58ccdd9e87c695316f1aa8af7d8e6075a8a982101bc331e082a73b2
962,universe,Powdery Mildew,1,White Spot_20241104_004253.jpg.jpg,Powdery Mildew/White Spot_20241104_004253.jpg.jpg,8fc04f0a5e30c097a902dbb6658a042862197492f91de2636014c327ecf92f5f
963,universe,Powdery Mildew,1,White Spot_20241104_004256.jpg.jpg,Powdery Mildew/White Spot_20241104_004256.jpg.jpg,5d64a7e1a47cfb916341fc3e0ecab9831384decf67115b7dc35ca04ac0a6218c
964,universe,Powdery Mildew,1,White Spot_20241104_004259.jpg.jpg,Powdery Mildew/White Spot_20241104_004259.jpg.jpg,2db0f353721586e357a1170b6f3565df1d45686dfa623aec6008c50e6ca70320
965,universe,Powdery Mildew,1,White Spot_20241104_004317.jpg.jpg,Powdery Mildew/White Spot_20241104_004317.jpg.jpg,41a4b88123890ec5ffe5a54983dc40a324e88cc211bfc982af5680f74968e309
966,universe,Powdery Mildew,1,White Spot_20241104_004320.jpg.jpg,Powdery Mildew/White Spot_20241104_004320.jpg.jpg,4f0b6230debad46d2ed2b488ecb31a5fce4790eacb768ae6b3c29dba4c164894
967,universe,Powdery Mildew,1,White Spot_20241104_004323.jpg.jpg,Powdery Mildew/White Spot_20241104_004323.jpg.jpg,f070a72db15f1ad31ec45796bceb6b2886ffbda610aa12edd1f013913d9f6124
968,universe,Powdery Mildew,1,White Spot_20241104_004327.jpg.jpg,Powdery Mildew/White Spot_20241104_004327.jpg.jpg,ceae52e6e2eb2f7535af8bb9e12d3437fefada5563894ca4b948f64840ff334f
969,universe,Powdery Mildew,1,White Spot_20241104_004330.jpg.jpg,Powdery Mildew/White Spot_20241104_004330.jpg.jpg,cbe3b1d33305e4696ecf2be2828f58879a2ba1a1fe037ce5b94e87599fd089db
970,universe,Powdery Mildew,1,White Spot_20241104_004332.jpg.jpg,Powdery Mildew/White Spot_20241104_004332.jpg.jpg,218eeff015e3b9539061c3f30aa2c16da05de5fd910076fb6eedc53ba6aa72fc
971,universe,Powdery Mildew,1,White Spot_20241104_004335.jpg.jpg,Powdery Mildew/White Spot_20241104_004335.jpg.jpg,810fa2b74f41c870d510e334f78b0e7a2329f7f4bc6895c241626b051fd451f8
972,universe,Powdery Mildew,1,White Spot_20241104_004349.jpg.jpg,Powdery Mildew/White Spot_20241104_004349.jpg.jpg,43da0355cf8b1acab7dc68eecb5f10f06908ab79d60f3b82c118ea037ba30fcb
973,universe,Powdery Mildew,1,White Spot_20241104_004352.jpg.jpg,Powdery Mildew/White Spot_20241104_004352.jpg.jpg,b35d8115f3d2f24bf740e9034ce8f7b3569db1bf0180f5638666425b20cb2ca8
974,universe,Powdery Mildew,1,White Spot_20241104_004355.jpg.jpg,Powdery Mildew/White Spot_20241104_004355.jpg.jpg,7bde02c5dac5ff537ae97a9a85380adfac0f234146ed367a59636b346ae2a2ad
975,universe,Powdery Mildew,1,White Spot_20241104_004358.jpg.jpg,Powdery Mildew/White Spot_20241104_004358.jpg.jpg,f2629322fbdd4d23db17c1adcb3aa1509046fe76b384a96ffa9cd8f22578a721
976,universe,Powdery Mildew,1,White Spot_20241104_004405.jpg.jpg,Powdery Mildew/White Spot_20241104_004405.jpg.jpg,46876d3838e4311b75da5cc6385ee6273ab6f9af368f0a702de651ecb2ef6da6
977,universe,Powdery Mildew,1,White Spot_20241104_004407.jpg.jpg,Powdery Mildew/White Spot_20241104_004407.jpg.jpg,51127bc1455b8770516529b1ffb554865f03410dff6170f5abe0424ca1f1e5eb
978,universe,Powdery Mildew,1,White Spot_20241104_004410.jpg.jpg,Powdery Mildew/White Spot_20241104_004410.jpg.jpg,b2d6d660790da789821f6d80943c824759fc186941d252342df71706326aa4ee
979,universe,Powdery Mildew,1,White Spot_20241104_004413.jpg.jpg,Powdery Mildew/White Spot_20241104_004413.jpg.jpg,06106397cf5185130f334c3ebf53ac6494966368526533eafa74004684249e77
980,universe,Powdery Mildew,1,White Spot_20241104_004428.jpg.jpg,Powdery Mildew/White Spot_20241104_004428.jpg.jpg,d04c44bc28492cdb4f12deba0b3f996f2e6122d8e3887a8b1e8aa47717c20613
981,universe,Powdery Mildew,1,White Spot_20241104_004431.jpg.jpg,Powdery Mildew/White Spot_20241104_004431.jpg.jpg,a054e36131a76da3a9e19d262fd0224a8111c6a7fdeff0c990fb895b6ced5969
982,universe,Powdery Mildew,1,White Spot_20241104_004433.jpg.jpg,Powdery Mildew/White Spot_20241104_004433.jpg.jpg,248f037a052ff4853329e243df08843de8660eff54266bb4a09c928217730411
983,universe,Powdery Mildew,1,White Spot_20241104_004436.jpg.jpg,Powdery Mildew/White Spot_20241104_004436.jpg.jpg,5dbcac46bc9970c4ee56bae5d84aefbac78c4ced27ef5ac84fc4b2e090ddcff8
984,universe,Powdery Mildew,1,White Spot_20241104_004444.jpg.jpg,Powdery Mildew/White Spot_20241104_004444.jpg.jpg,65fcbd79c53042c47fd1ad0c054e42dd454fb12a53dbbf5d460dc292c4499c0c
985,universe,Powdery Mildew,1,White Spot_20241104_004447.jpg.jpg,Powdery Mildew/White Spot_20241104_004447.jpg.jpg,34f1663ea4afaef9520dd316801708bd7dc676c9a4c097bffdb1bea307794beb
986,universe,Powdery Mildew,1,White Spot_20241104_004449.jpg.jpg,Powdery Mildew/White Spot_20241104_004449.jpg.jpg,d6fd88cd8f82ff22f134952ca3e668204abd643370daf8fa0486deefdd7d5ac1
987,universe,Powdery Mildew,1,White Spot_20241104_004453.jpg.jpg,Powdery Mildew/White Spot_20241104_004453.jpg.jpg,b51d6e0d6c620ecc9f3af6fd6a43bc458bab702041efe1c497fad200c6cb200b
988,universe,Powdery Mildew,1,White Spot_20241104_004509.jpg.jpg,Powdery Mildew/White Spot_20241104_004509.jpg.jpg,bc539cd84ba1d80d2100c6f76ff6a0bb43f2e5ce03fdcabe81a1d8aad5a7e258
989,universe,Powdery Mildew,1,White Spot_20241104_004512.jpg.jpg,Powdery Mildew/White Spot_20241104_004512.jpg.jpg,993f766b6ada08736038a36dc5a22edee61b6c54d204e9013a851c302e185a94
990,universe,Powdery Mildew,1,White Spot_20241104_004518.jpg.jpg,Powdery Mildew/White Spot_20241104_004518.jpg.jpg,21fe73fe06687c9ae789fe42600f6bb2e937f241608251aab024ca4f1a514c98
991,universe,Powdery Mildew,1,White Spot_20241104_004533.jpg.jpg,Powdery Mildew/White Spot_20241104_004533.jpg.jpg,8828ac3d418f85dffb259fe46362c520e0f7379c5185c659af8c273e23372d48
992,universe,Powdery Mildew,1,White Spot_20241104_004536.jpg.jpg,Powdery Mildew/White Spot_20241104_004536.jpg.jpg,952ab2ee0a43a00a28dc54832d7c32f00f1d0bc98a9b2f2794614b25a19f4807
993,universe,Powdery Mildew,1,White Spot_20241104_004538.jpg.jpg,Powdery Mildew/White Spot_20241104_004538.jpg.jpg,fd976c8f013a4007c2e7b8fa66e79298754e270d5b05ad4d981968388fb2119e
994,universe,Powdery Mildew,1,White Spot_20241104_004541.jpg.jpg,Powdery Mildew/White Spot_20241104_004541.jpg.jpg,5ebc626451f5d25a193080f8a1930cafbfaaa94dbb64bf3ec5efaf72c6eba827
995,universe,Powdery Mildew,1,White Spot_20241104_004600.jpg.jpg,Powdery Mildew/White Spot_20241104_004600.jpg.jpg,989b78c39e804490aa42c061c3e4cc56457ae30198f7c64eedee0245bf8e034a
996,universe,Powdery Mildew,1,White Spot_20241104_004606.jpg.jpg,Powdery Mildew/White Spot_20241104_004606.jpg.jpg,1c1491282bcc4588bb90435ebabb855dabe26170ef87f0a722e7dd1847cee113
997,universe,Powdery Mildew,1,White Spot_20241104_004608.jpg.jpg,Powdery Mildew/White Spot_20241104_004608.jpg.jpg,3d361ec76d2815b4243e274319ae87b7b09b1096fe918b216b90e732c2c009cb
998,universe,Powdery Mildew,1,White Spot_20241104_004613.jpg.jpg,Powdery Mildew/White Spot_20241104_004613.jpg.jpg,7e35d566f5155d4896ff5b834048574579aecf8d791a20e4c75559bb656f8c17
999,universe,Powdery Mildew,1,White Spot_20241104_004616.jpg.jpg,Powdery Mildew/White Spot_20241104_004616.jpg.jpg,38a9209b6dec6d34231fc5069d4dd341b10b1ba7051b6177557e8dea66b5b07c
1000,universe,Powdery Mildew,1,White Spot_20241104_004619.jpg.jpg,Powdery Mildew/White Spot_20241104_004619.jpg.jpg,b74c89d883e7032d51018f554ba9345f87a2ad936e95e22cef8077c7c35fd109
1001,universe,Powdery Mildew,1,White Spot_20241104_004623.jpg.jpg,Powdery Mildew/White Spot_20241104_004623.jpg.jpg,e19887300d73f578a13fff770721dea60a39a4da8c6c5271aa37397ada5b34c7
1002,universe,Powdery Mildew,1,White Spot_20241104_004628.jpg.jpg,Powdery Mildew/White Spot_20241104_004628.jpg.jpg,a60b9009755105d86cc0e47c6e91e403096e4b6c9d7efbaf9a96b2b25c4c091e
1003,universe,Powdery Mildew,1,White Spot_20241104_004631.jpg.jpg,Powdery Mildew/White Spot_20241104_004631.jpg.jpg,3c39d5c31676ef18584ecddfd53bc71defa454aa0bd8e1dd31018f1c4257b737
1004,universe,Powdery Mildew,1,White Spot_20241104_004634.jpg.jpg,Powdery Mildew/White Spot_20241104_004634.jpg.jpg,c7f06645b57d6a69cd35c90d4f274c8947f84f24fe4c4efdf776b491128225cc
1005,universe,Powdery Mildew,1,White Spot_20241104_004638.jpg.jpg,Powdery Mildew/White Spot_20241104_004638.jpg.jpg,16ef1d2cdf623f8f6e909c691a0ce5667b7cf5a03ff822edf7b26992e59dfe53
1006,universe,Powdery Mildew,1,White Spot_20241104_004648.jpg.jpg,Powdery Mildew/White Spot_20241104_004648.jpg.jpg,900aa344b3cd1ae77fca361ac0ca9866383d1e431e010feea0b8eae988fd16c3
1007,universe,Powdery Mildew,1,White Spot_20241104_004650.jpg.jpg,Powdery Mildew/White Spot_20241104_004650.jpg.jpg,22d9becbeed35dd54484e25b8e07497eb45e7b016c18178587d163daff584838
1008,universe,Powdery Mildew,1,White Spot_20241104_004654.jpg.jpg,Powdery Mildew/White Spot_20241104_004654.jpg.jpg,0ddf4c66b59f04bcf4e4bd65e2cbe97d17623376ad1859d2c3a7bc3ab68d67c1
1009,universe,Powdery Mildew,1,White Spot_20241104_004657.jpg.jpg,Powdery Mildew/White Spot_20241104_004657.jpg.jpg,c41cabfafc71682fb58ed7d85df9612d6cfe3b8f18a6d4acd5c8bd2a66efc168
1010,universe,Powdery Mildew,1,White Spot_20241104_004701.jpg.jpg,Powdery Mildew/White Spot_20241104_004701.jpg.jpg,9d48d2e35e3f7ef2ebf24c506049a6cc124aacd963e81a18162496571428bc8f
1011,universe,Powdery Mildew,1,White Spot_20241104_004704.jpg.jpg,Powdery Mildew/White Spot_20241104_004704.jpg.jpg,0f0ade76ee2403144979f5e45757bfd42b4ded20202f8dfb723dc03d255612e6
1012,universe,Powdery Mildew,1,White Spot_20241104_004707.jpg.jpg,Powdery Mildew/White Spot_20241104_004707.jpg.jpg,af11d0e1fc254a4c9544a7c06b72be0dca279722d36d29210c4d13c1ae9f2aae
1013,universe,Powdery Mildew,1,White Spot_20241104_004726.jpg.jpg,Powdery Mildew/White Spot_20241104_004726.jpg.jpg,e36dbde7b170d20c674824fb97447c7b814572503d06dd1c08a850e12b19559f
1014,universe,Powdery Mildew,1,White Spot_20241104_004729.jpg.jpg,Powdery Mildew/White Spot_20241104_004729.jpg.jpg,fd4971d0c9715a6e34892e08ad9ec423b86df781dd1a9e83f7fae423a4b6a51b
1015,universe,Powdery Mildew,1,White Spot_20241104_004732.jpg.jpg,Powdery Mildew/White Spot_20241104_004732.jpg.jpg,6abf95fd511f07c2ae668682b631fccb5dbb92075693b7e4786de5b931266023
1016,universe,Powdery Mildew,1,White Spot_20241104_004735.jpg.jpg,Powdery Mildew/White Spot_20241104_004735.jpg.jpg,c768cf10c6d38167bd94aecdf37b4c6a2c7e668916a112964b0145b7deabd0d2
1017,universe,Powdery Mildew,1,White Spot_20241104_004839.jpg.jpg,Powdery Mildew/White Spot_20241104_004839.jpg.jpg,33855a634936ef9c209aceca1420ae2859f7910be4c6b2b4992e9dbdc28f6ef7
1018,universe,Powdery Mildew,1,White Spot_20241104_004845.jpg.jpg,Powdery Mildew/White Spot_20241104_004845.jpg.jpg,925e23a20c355b2382779ea71b9a06ee128e3ec80ed3787ff932149cc28f9143
1019,universe,Powdery Mildew,1,White Spot_20241104_004850.jpg.jpg,Powdery Mildew/White Spot_20241104_004850.jpg.jpg,30c9b97a8c965e7c43cec85a627f4fa5f854a565d0272b43394cd5984d0af27e
1020,universe,Powdery Mildew,1,White Spot_20241104_004853.jpg.jpg,Powdery Mildew/White Spot_20241104_004853.jpg.jpg,d788957dc68ba9823f8d128b467a84c83e2e348bd22df94178eba71cea0050e4
1021,universe,Powdery Mildew,1,White Spot_20241104_004856.jpg.jpg,Powdery Mildew/White Spot_20241104_004856.jpg.jpg,bb38166aefd61569c2e258e218e86952abaf7659f53f985172e5467893a7cd69
1022,universe,Powdery Mildew,1,White Spot_20241104_004902.jpg.jpg,Powdery Mildew/White Spot_20241104_004902.jpg.jpg,8c4158db8a878ed710d62f9059469e74ecd54a7c5f659571ab3f1400e4be3934
1023,universe,Powdery Mildew,1,White Spot_20241104_004904.jpg.jpg,Powdery Mildew/White Spot_20241104_004904.jpg.jpg,02876947a8872b22eb1720af415b8f3026d1f987525cea026914677c73062a56
1024,universe,Powdery Mildew,1,White Spot_20241104_004908.jpg.jpg,Powdery Mildew/White Spot_20241104_004908.jpg.jpg,85bc4fd0536c158e189fffadd410306bdea0c1d17cd7ea24c6f6fb6bd34f48d5
1025,universe,Powdery Mildew,1,White Spot_20241104_004911.jpg.jpg,Powdery Mildew/White Spot_20241104_004911.jpg.jpg,bcfc30cf6ff1be028061d48c87d391f8a084417ffbf39174ae9e80a5cda7ff45
1026,universe,Powdery Mildew,1,White Spot_20241104_004916.jpg.jpg,Powdery Mildew/White Spot_20241104_004916.jpg.jpg,2102dd955e3104eca76ac426d8942b051ac61297b612bb1fc8a9981d424fca9f
1027,universe,Powdery Mildew,1,White Spot_20241104_004919.jpg.jpg,Powdery Mildew/White Spot_20241104_004919.jpg.jpg,fd508cf15e1ed1bbd6a395b8af386d2a506303429906df3fa17c8e79ba91bf99
1028,universe,Powdery Mildew,1,White Spot_20241104_004923.jpg.jpg,Powdery Mildew/White Spot_20241104_004923.jpg.jpg,8801877e442ff61a9abf431ed3c1c73a30d62dfa6a081618805a28096fe5726c
1029,universe,Powdery Mildew,1,White Spot_20241104_004926.jpg.jpg,Powdery Mildew/White Spot_20241104_004926.jpg.jpg,ee159da308ebfa7b229a52355d2d5e22608b6a8f616c75a89f2dcd0af56ca079
1030,universe,Powdery Mildew,1,White Spot_20241104_004935.jpg.jpg,Powdery Mildew/White Spot_20241104_004935.jpg.jpg,e259ec8b8b1b66fc59f9fa7a3cd45a09da669df8d3078795cd68c7bf5aa6654c
1031,universe,Powdery Mildew,1,White Spot_20241104_004941.jpg.jpg,Powdery Mildew/White Spot_20241104_004941.jpg.jpg,b3226061320755b9c3a0603936ffaaa4f5fb106f08a7c8aa8054a499b37df620
1032,universe,Powdery Mildew,1,White Spot_20241104_004946.jpg.jpg,Powdery Mildew/White Spot_20241104_004946.jpg.jpg,59c1b8aeb4fbf1fff1401c60042106761fccead8926c9e970248356c505f2394
1033,universe,Powdery Mildew,1,White Spot_20241104_004949.jpg.jpg,Powdery Mildew/White Spot_20241104_004949.jpg.jpg,f937bfedc9ec524a4b17fd1df85abc3abe37b13ae682ea4551747d0e70de2624
1034,universe,Powdery Mildew,1,White Spot_20241104_004951.jpg.jpg,Powdery Mildew/White Spot_20241104_004951.jpg.jpg,a48e74628c3c7242fb77e01c72da925f84871807e9da53bb11b7743d8e78eb80
1035,universe,Powdery Mildew,1,White Spot_20241104_004954.jpg.jpg,Powdery Mildew/White Spot_20241104_004954.jpg.jpg,00468b0003694f10352b89362c8a16c5fee93e78582016605181d0e7b50a42ec
1036,universe,Powdery Mildew,1,White Spot_20241104_005039.jpg.jpg,Powdery Mildew/White Spot_20241104_005039.jpg.jpg,f97fa25ff971ee0490f705396b0659b0118d66a5c89bcbcfc15d0ede4349ddce
1037,universe,Powdery Mildew,1,White Spot_20241104_005043.jpg.jpg,Powdery Mildew/White Spot_20241104_005043.jpg.jpg,b94c9e0f7f0c6b22824d618c270fa8228900d404c9ffecc37001cd37d21c3c81
1038,universe,Powdery Mildew,1,White Spot_20241104_005045.jpg.jpg,Powdery Mildew/White Spot_20241104_005045.jpg.jpg,432e893ed7965f91a00aba470a7ce7472cf3128d70c807cf35cb5db14b6a0213
1039,universe,Powdery Mildew,1,White Spot_20241104_005049.jpg.jpg,Powdery Mildew/White Spot_20241104_005049.jpg.jpg,f4c40c007762178aa9767cd98b97336ce03dfd8a35a27993620c7ca1689d96db
1040,universe,Powdery Mildew,1,White Spot_20241104_005054.jpg.jpg,Powdery Mildew/White Spot_20241104_005054.jpg.jpg,a4ab1ff90a94e8f0a374d5a0ed975a08aab77e3996d4f22851d5e9b738cad1aa
1041,universe,Powdery Mildew,1,White Spot_20241104_005057.jpg.jpg,Powdery Mildew/White Spot_20241104_005057.jpg.jpg,24d607a5cc4688acf459db24efba9caae3bccc86273a85d36b3a8012d85c9f87
1042,universe,Powdery Mildew,1,White Spot_20241104_005104.jpg.jpg,Powdery Mildew/White Spot_20241104_005104.jpg.jpg,9aea0049eebd12bf7230117e64277f1a426d1d503306ef328731fc6a2eb03c87
1043,universe,Powdery Mildew,1,White Spot_20241104_005121.jpg.jpg,Powdery Mildew/White Spot_20241104_005121.jpg.jpg,d1169eb190c4c17b047b8109d0cf49986281dcee966cec48ba737ad86c14535c
1044,universe,Powdery Mildew,1,White Spot_20241104_005131.jpg.jpg,Powdery Mildew/White Spot_20241104_005131.jpg.jpg,b6c46f772215897b69ae3eae93af310847f179bd40f71d93f655ff1e8bc7e202
1045,universe,Powdery Mildew,1,White Spot_20241104_005134.jpg.jpg,Powdery Mildew/White Spot_20241104_005134.jpg.jpg,55fcf83bfa5c5bdac129f2f9802c72b8e460b54533baa06778785f1d879c4d0f
1046,universe,Powdery Mildew,1,White Spot_20241104_005137.jpg.jpg,Powdery Mildew/White Spot_20241104_005137.jpg.jpg,cede42b6b04550ab79bd825ee2e3001ee12d8d5a9c1d83d3985787ab62c5ec7b
1047,universe,Powdery Mildew,1,White Spot_20241104_005146.jpg.jpg,Powdery Mildew/White Spot_20241104_005146.jpg.jpg,08cdc1a2fde63763d685d820dc1ecb24deba6d79bfee9e0136356603411519c1
1048,universe,Powdery Mildew,1,White Spot_20241104_005149.jpg.jpg,Powdery Mildew/White Spot_20241104_005149.jpg.jpg,2be19a29db945d0cc8141aed7b0becd41ced35332dbe4cc190f4ca58b827dc1a
1049,universe,Powdery Mildew,1,White Spot_20241104_005155.jpg.jpg,Powdery Mildew/White Spot_20241104_005155.jpg.jpg,1dd4b91ee06d7ae9d23fad6532a091b2bedd64b503a84673ee55c34e1f889919
1050,universe,Powdery Mildew,1,White Spot_20241104_005216.jpg.jpg,Powdery Mildew/White Spot_20241104_005216.jpg.jpg,4bfa542dfd1e16737238cb6644f37a377d91bee9573c5c8a32dee7c7e5852efa
1051,universe,Powdery Mildew,1,White Spot_20241104_005218.jpg.jpg,Powdery Mildew/White Spot_20241104_005218.jpg.jpg,831322f53740041d486180694cfc3851bc4c5358ac540d56ab55c4c6ef43b481
1052,universe,Powdery Mildew,1,White Spot_20241104_005221.jpg.jpg,Powdery Mildew/White Spot_20241104_005221.jpg.jpg,caadd4269abb9c1a636ab77b47f3ac6b672194bcb49404604e543f1ea0f3fff5
1053,universe,Powdery Mildew,1,White Spot_20241104_005224.jpg.jpg,Powdery Mildew/White Spot_20241104_005224.jpg.jpg,370b373ff44f52538a7f09322344ef99be816b735f1850c9c34b66814e6f1b09
1054,universe,Powdery Mildew,1,White Spot_20241104_005230.jpg.jpg,Powdery Mildew/White Spot_20241104_005230.jpg.jpg,77ad85406c67845c3e28d2cdfce8116b5bb839225d9fc9ee573899a46ed9b8ef
1055,universe,Powdery Mildew,1,White Spot_20241104_005238.jpg.jpg,Powdery Mildew/White Spot_20241104_005238.jpg.jpg,3062e23c4cfede836a3d3783c3b70dde7ba9a2b4ac5a7b493f60c6fa39e9eb91
1056,universe,Powdery Mildew,1,White Spot_20241104_005253.jpg.jpg,Powdery Mildew/White Spot_20241104_005253.jpg.jpg,3cda13e7b60d0f0cc04593133826a7db98c42e077ae74b2f8cd64fea3d0c58e5
1057,universe,Powdery Mildew,1,White Spot_20241104_005255.jpg.jpg,Powdery Mildew/White Spot_20241104_005255.jpg.jpg,4b50c564421554273cd85b089d15f188056deebf4a2466888699566a1b2ee826
1058,universe,Powdery Mildew,1,White Spot_20241104_005258.jpg.jpg,Powdery Mildew/White Spot_20241104_005258.jpg.jpg,c651414ee0c4cf882e98beb48d22595a06f06040dc8bc571bb55aaff872b7457
1059,universe,Powdery Mildew,1,White Spot_20241104_005320.jpg.jpg,Powdery Mildew/White Spot_20241104_005320.jpg.jpg,a44f5ef2be7fd7444affffb4c68f387ee430e6b8f244ca6b5fb1f40a2dbe037e
1060,universe,Powdery Mildew,1,White Spot_20241104_005323.jpg.jpg,Powdery Mildew/White Spot_20241104_005323.jpg.jpg,3d5d989169fa3441aa209203681eb12e4fe9b1e34bb684063f9598fe68d35794
1061,universe,Powdery Mildew,1,White Spot_20241104_005330.jpg.jpg,Powdery Mildew/White Spot_20241104_005330.jpg.jpg,6541cf8158fcd4988c674504f7ded57d6a08d6fe907d7538b5d935c6c6ac0abe
1062,universe,Powdery Mildew,1,White Spot_20241104_005335.jpg.jpg,Powdery Mildew/White Spot_20241104_005335.jpg.jpg,c7601cfb514f638e07c0c669d49729b23830feecfc1914926ab2e4b4eee6541c
1063,universe,Powdery Mildew,1,White Spot_20241104_005337.jpg.jpg,Powdery Mildew/White Spot_20241104_005337.jpg.jpg,9a67328fd1faf906debae88402dd7f6f1536e0e99e56509d988a95b30162017b
1064,universe,Powdery Mildew,1,White Spot_20241104_005341.jpg.jpg,Powdery Mildew/White Spot_20241104_005341.jpg.jpg,377d51f7cc65a972fa569b4ad8d35b27223ef9ec70981a2d4cb01f276229c4f2
1065,universe,Powdery Mildew,1,White Spot_20241104_005343.jpg.jpg,Powdery Mildew/White Spot_20241104_005343.jpg.jpg,4134721ef05c70c60103d47de3a3e96f90d3d375bc8f69b03a1705e6a13322fd
1066,universe,Powdery Mildew,1,White Spot_20241104_005351.jpg.jpg,Powdery Mildew/White Spot_20241104_005351.jpg.jpg,87eca16d600f6e436d5851af7a0f66322e2d6083d626612d7a8ba4f2fb2a26b2
1067,universe,Powdery Mildew,1,White Spot_20241104_005357.jpg.jpg,Powdery Mildew/White Spot_20241104_005357.jpg.jpg,4c8729a4641c64c243612845f7a66743b61d797fa9658d8c88ef2e413020d7d0
1068,universe,Powdery Mildew,1,White Spot_20241104_005400.jpg.jpg,Powdery Mildew/White Spot_20241104_005400.jpg.jpg,6fa754b8f22b26d53488331fb984345f3c41d10b5222ddf1fc006313be6a1029
1069,universe,Powdery Mildew,1,White Spot_20241104_005455.jpg.jpg,Powdery Mildew/White Spot_20241104_005455.jpg.jpg,e5afe28dd8615fead8688aa2fa90d8467301ce2a21659a37189bfc1ab3388227
1070,universe,Powdery Mildew,1,White Spot_20241104_005458.jpg.jpg,Powdery Mildew/White Spot_20241104_005458.jpg.jpg,c1692004edc31cff7daf02d6e63231dadcd7f2ec402d2efe1428898c12261b28
1071,universe,Powdery Mildew,1,White Spot_20241104_005502.jpg.jpg,Powdery Mildew/White Spot_20241104_005502.jpg.jpg,b72067ad4b2a3f6140137ffe1a630fff9d181459f298aad41ec25b7f1a10331f
1072,universe,Powdery Mildew,1,White Spot_20241104_005504.jpg.jpg,Powdery Mildew/White Spot_20241104_005504.jpg.jpg,5e43080a3e6a62dac6cdbfd955d01a3128488f0d0e2b420e4a72f7c81f629c43
1073,universe,Powdery Mildew,1,White Spot_20241104_005507.jpg.jpg,Powdery Mildew/White Spot_20241104_005507.jpg.jpg,48445ffff2ca301170de5bd8db14e4aa5c5c18eebde3758f877c4ee16fcc584b
1074,universe,Powdery Mildew,1,White Spot_20241104_005510.jpg.jpg,Powdery Mildew/White Spot_20241104_005510.jpg.jpg,a65f7cf9d5cdd5eec6e530a857ce40149f31d55843cb54245becadaf2e2f21f9
1075,universe,Powdery Mildew,1,White Spot_20241104_005516.jpg.jpg,Powdery Mildew/White Spot_20241104_005516.jpg.jpg,3a6dabd5a3b479e2b0d207edf3c3ceac50aff120039dee2dfc6a99a46cc88972
1076,universe,Powdery Mildew,1,White Spot_20241104_005519.jpg.jpg,Powdery Mildew/White Spot_20241104_005519.jpg.jpg,62205cd772b32d9a63f5502fdaec0efa5139c0e8210f9f0936d97b8a1bb73f7d
1077,universe,Powdery Mildew,1,White Spot_20241104_005522.jpg.jpg,Powdery Mildew/White Spot_20241104_005522.jpg.jpg,56eb2bdf176f67c2b817b515da09a791dcff943ad8e339643b94e751df993ce9
1078,universe,Powdery Mildew,1,White Spot_20241104_005525.jpg.jpg,Powdery Mildew/White Spot_20241104_005525.jpg.jpg,836b557fd9f171b0f43db7cdc212055303f44a8d8e0e633697cd4b06e099d0e7
1079,universe,Powdery Mildew,1,White Spot_20241104_005530.jpg.jpg,Powdery Mildew/White Spot_20241104_005530.jpg.jpg,81c2e082fff1a5d92d3b33f2275e3822737f40f6d07cd74734a58bd61988f18d
1080,universe,Powdery Mildew,1,White Spot_20241104_005532.jpg.jpg,Powdery Mildew/White Spot_20241104_005532.jpg.jpg,2b1aca1488e749f48b826557428bc0f520ebf1c217ffb873597922a08f91f08c
1081,universe,Powdery Mildew,1,White Spot_20241104_005535.jpg.jpg,Powdery Mildew/White Spot_20241104_005535.jpg.jpg,34f37e13e11cac4d9cc6a058efc75f7b83fd8262838f5cdac125a6cf0ba54ac4
1082,universe,Powdery Mildew,1,White Spot_20241104_005538.jpg.jpg,Powdery Mildew/White Spot_20241104_005538.jpg.jpg,c8cbd62caa6aeb1d22b5fc903b651db13f505fe4e0760fb7a752a26a05c5544c
1083,universe,Powdery Mildew,1,White Spot_20241104_005559.jpg.jpg,Powdery Mildew/White Spot_20241104_005559.jpg.jpg,cc6e3f9b9acf4243ca286cc18045cad3e821b45fb4e43d0dda588dd8a64135ef
1084,universe,Powdery Mildew,1,White Spot_20241104_005602.jpg.jpg,Powdery Mildew/White Spot_20241104_005602.jpg.jpg,35e70346188fa77f3d6f918c2b243632ca6f610164fd006c867a7b9f82319dbf
1085,universe,Powdery Mildew,1,White Spot_20241104_005605.jpg.jpg,Powdery Mildew/White Spot_20241104_005605.jpg.jpg,d2e9cdf13ee3aee4bde4f7f66e7f23e5934d9222b01de095390553f62af6598d
1086,universe,Powdery Mildew,1,White Spot_20241104_005608.jpg.jpg,Powdery Mildew/White Spot_20241104_005608.jpg.jpg,fb8b1bd5914d8981a24a83b37fa48a4b9d7285f31ed9384f54151c4375459a6e
1087,universe,Powdery Mildew,1,White Spot_20241104_005637.jpg.jpg,Powdery Mildew/White Spot_20241104_005637.jpg.jpg,a535c410951a8226f873cda50792f0d5c45d9c043fa2c040259dc71b627c2e05
1088,universe,Powdery Mildew,1,White Spot_20241104_005645.jpg.jpg,Powdery Mildew/White Spot_20241104_005645.jpg.jpg,f431296e35e6dd35fb6fb76b1131dc8b4f84a120caf22aeded866ef531d3dffd
1089,universe,Powdery Mildew,1,White Spot_20241104_005648.jpg.jpg,Powdery Mildew/White Spot_20241104_005648.jpg.jpg,d70d22ae55771614ce8fe6eb4448e5a5dd5ef8754a060759a651fd03864fc8c4
1090,universe,Powdery Mildew,1,White Spot_20241104_005651.jpg.jpg,Powdery Mildew/White Spot_20241104_005651.jpg.jpg,9ed6fa8303df0e59f96b163efdcc1bc7f13e8befb96ffbb159a42662d27a5b30
1091,universe,Powdery Mildew,1,White Spot_20241104_005653.jpg.jpg,Powdery Mildew/White Spot_20241104_005653.jpg.jpg,56a4bd70932abbd12ab8a2818cc6158ca94a7d6641b81ea2592183e4c5a0ff53
1092,universe,Powdery Mildew,1,White Spot_20241104_005657.jpg.jpg,Powdery Mildew/White Spot_20241104_005657.jpg.jpg,2c656def32b11788bb766f45d317e85acc0c32269be78cab345e78bef5314ef0
1093,universe,Powdery Mildew,1,White Spot_20241104_005700.jpg.jpg,Powdery Mildew/White Spot_20241104_005700.jpg.jpg,870de0677145817c805590e5624a33cb859a37ed347ca3dfc42a965b7fd6acfd
1094,universe,Powdery Mildew,1,White Spot_20241104_005703.jpg.jpg,Powdery Mildew/White Spot_20241104_005703.jpg.jpg,83511531020f000cadf9f671703f109042a6e7ee6580b9357183a58077d593fc
1095,universe,Powdery Mildew,1,White Spot_20241104_005705.jpg.jpg,Powdery Mildew/White Spot_20241104_005705.jpg.jpg,74ec40ed30fbdda9d2c3918125878c90a89f090e0aec730de4a214f9c7946848
1096,universe,Powdery Mildew,1,White Spot_20241104_011737.jpg.jpg,Powdery Mildew/White Spot_20241104_011737.jpg.jpg,e7631f606ddab22eaf0688c4d04f4ee3eda22db88b26f13d9bae3662466744a0
1097,universe,Powdery Mildew,1,White Spot_20241104_011740.jpg.jpg,Powdery Mildew/White Spot_20241104_011740.jpg.jpg,d6e3da775ceb486f0ca3d10e2f7eb6c623ce0068baf03883dcb252cfd4346948
1098,universe,Powdery Mildew,1,White Spot_20241104_011742.jpg.jpg,Powdery Mildew/White Spot_20241104_011742.jpg.jpg,f8696a1436aafd84889ac50f96e2b7d76ff529cb6359eaded28d33580325b0dd
1099,universe,Powdery Mildew,1,White Spot_20241104_011745.jpg.jpg,Powdery Mildew/White Spot_20241104_011745.jpg.jpg,826d53f7def72845bbff0d0f55fb813fa67a885412132c62231f9ae7ed996421
1100,universe,Powdery Mildew,1,White Spot_20241104_012004.jpg.jpg,Powdery Mildew/White Spot_20241104_012004.jpg.jpg,928189ce6d4f5652e40dca0fc789508047fc67314fbac59f627d71bb7c5fe3b5
1101,universe,Powdery Mildew,1,White Spot_20241104_012011.jpg.jpg,Powdery Mildew/White Spot_20241104_012011.jpg.jpg,6faed7878300e2841d619be8d0a1fe26d136af1e45c4d1ac1bee0258f16789ec
1102,universe,Powdery Mildew,1,White Spot_20241104_012014.jpg.jpg,Powdery Mildew/White Spot_20241104_012014.jpg.jpg,774816297731930612a9ab0b1a555a240d815b10242aa33cfe6bb5a48d359e00
1103,universe,Powdery Mildew,1,White Spot_20241104_012019.jpg.jpg,Powdery Mildew/White Spot_20241104_012019.jpg.jpg,8931c57cadfa5489b9597165cb50baffb75d4188f486807278c4bd1c50ae2da0
1104,universe,Powdery Mildew,1,White Spot_20241104_012021.jpg.jpg,Powdery Mildew/White Spot_20241104_012021.jpg.jpg,30762a7e1b0ce6e7472e2ab570794f558941ca94f770e6db16c7fe87a2fca51f
1105,universe,Powdery Mildew,1,White Spot_20241104_012024.jpg.jpg,Powdery Mildew/White Spot_20241104_012024.jpg.jpg,9402415cee7134d2f309a22b26603d8eff08b2561258fa02eec254a29cc5d6b2
1106,universe,Powdery Mildew,1,White Spot_20241104_012027.jpg.jpg,Powdery Mildew/White Spot_20241104_012027.jpg.jpg,b5bc02098388be90b4f002f0f256ff61845a40c3a658c55fe1e965b2628fe58d
1107,universe,Powdery Mildew,1,White Spot_20241104_012034.jpg.jpg,Powdery Mildew/White Spot_20241104_012034.jpg.jpg,147d1179eb5451eb8f7cf4074dbda93c4f4cd05f6a1cdb50b02a27d052319956
1108,universe,Powdery Mildew,1,White Spot_20241104_012037.jpg.jpg,Powdery Mildew/White Spot_20241104_012037.jpg.jpg,fdb094a439521f84b39a88f523f7c5896630853a5044a1dd4e48e4f4d68d5d4e
1109,universe,Powdery Mildew,1,White Spot_20241104_012040.jpg.jpg,Powdery Mildew/White Spot_20241104_012040.jpg.jpg,7610419dab2bb6c04ae4980b8294925973263f6c96d1b267fb651e40dab60f21
1110,universe,Powdery Mildew,1,White Spot_20241104_012048.jpg.jpg,Powdery Mildew/White Spot_20241104_012048.jpg.jpg,1dbcbaf9a57e2f7a442ff106f299360662a5a68cf34accc914e53baa5f7480ec
1111,universe,Powdery Mildew,1,White Spot_20241104_012051.jpg.jpg,Powdery Mildew/White Spot_20241104_012051.jpg.jpg,c958a6bfeed27d1db7fbfc9ba630d28e1fb6fd65a0f73411c79ea8b5c56cf973
1112,universe,Powdery Mildew,1,White Spot_20241104_012054.jpg.jpg,Powdery Mildew/White Spot_20241104_012054.jpg.jpg,4c5501c89de7fc995f58e762779eda8e5705f808bac836d1fc957f11200ddb71
1113,universe,Powdery Mildew,1,White Spot_20241104_012057.jpg.jpg,Powdery Mildew/White Spot_20241104_012057.jpg.jpg,848df29631cd5271e190ef0a10c26ed4efa7dae37958b23c3e60f471dc02edc9
1114,universe,Powdery Mildew,1,White Spot_20241104_012104.jpg.jpg,Powdery Mildew/White Spot_20241104_012104.jpg.jpg,8d1be63cbef170511263f470888b1332d168f57965e755ec991f4656d82279f7
1115,universe,Powdery Mildew,1,White Spot_20241104_012107.jpg.jpg,Powdery Mildew/White Spot_20241104_012107.jpg.jpg,1db916920f44fe503f94d3e1ac9cd1beac1ae6dd1cbdee647f6ab312e25e0619
1116,universe,Powdery Mildew,1,White Spot_20241104_012110.jpg.jpg,Powdery Mildew/White Spot_20241104_012110.jpg.jpg,7d394869a37bb3d97c2025effc1be63762270b3bdc9341a8c819e4ed0729b2a3
1117,universe,Powdery Mildew,1,White Spot_20241104_012113.jpg.jpg,Powdery Mildew/White Spot_20241104_012113.jpg.jpg,4a52a3e4e1734aa32631c48323608bc9273a1822f1f91b850dac60a056871af5
1118,universe,Powdery Mildew,1,White Spot_20241104_012117.jpg.jpg,Powdery Mildew/White Spot_20241104_012117.jpg.jpg,70f966e1ec47ca6296f87650ce4a2f38eb846f73531f73da1539055811ee09f5
1119,universe,Powdery Mildew,1,White Spot_20241104_012120.jpg.jpg,Powdery Mildew/White Spot_20241104_012120.jpg.jpg,4928b515f56744a473d5bd14bc0fc2fa3bbc4779e15bfb16e5bb560284322e40
1120,universe,Powdery Mildew,1,White Spot_20241104_012123.jpg.jpg,Powdery Mildew/White Spot_20241104_012123.jpg.jpg,ab63bcd423923580e739f33e33aa1795041a5ed6dd262008428c4101b6958a28
1121,universe,Powdery Mildew,1,White Spot_20241104_012131.jpg.jpg,Powdery Mildew/White Spot_20241104_012131.jpg.jpg,4640bf3c0d88574477817075aa7f3040b5749e13d4d98c74aeefc6608ca64b4d
1122,universe,Powdery Mildew,1,White Spot_20241104_012146.jpg.jpg,Powdery Mildew/White Spot_20241104_012146.jpg.jpg,e268a48c70b10e772be3c46e0df8031c43718cf50098243743662f1051227c9d
1123,universe,Powdery Mildew,1,White Spot_20241104_012148.jpg.jpg,Powdery Mildew/White Spot_20241104_012148.jpg.jpg,16480f346535535db1f3fc8150c9ae425d60a2417463bcd3ecf5fb6239883145
1124,universe,Powdery Mildew,1,White Spot_20241104_012151.jpg.jpg,Powdery Mildew/White Spot_20241104_012151.jpg.jpg,b44af92979223bef7c8350dc1c6cffc38cd3022053c006054cffe8ba9383872f
1125,universe,Powdery Mildew,1,White Spot_20241104_012153.jpg.jpg,Powdery Mildew/White Spot_20241104_012153.jpg.jpg,ee2777a5cbf78ff40d015ca4244f0d4161d2ed29fa7e0e5e74468d2df4df7b14
1126,universe,Powdery Mildew,1,White Spot_20241104_012208.jpg.jpg,Powdery Mildew/White Spot_20241104_012208.jpg.jpg,f78071dabaea83f192f26b97e5be0a48a51a0ad4d3d8200f5b16e07588a12504
1127,universe,Powdery Mildew,1,White Spot_20241104_012212.jpg.jpg,Powdery Mildew/White Spot_20241104_012212.jpg.jpg,e0c5ac0e61a55d38c076a8839a4f7a744b7daa34349e3f47432078a1594de8a4
1128,universe,Powdery Mildew,1,White Spot_20241104_012219.jpg.jpg,Powdery Mildew/White Spot_20241104_012219.jpg.jpg,a221dc64b61a9b81c17a25c538d496b1b15c8f5174f8251da02f46c1b6eebe85
1129,universe,Powdery Mildew,1,White Spot_20241104_012222.jpg.jpg,Powdery Mildew/White Spot_20241104_012222.jpg.jpg,73440b973f4023c97bbbfc7d405405b4f1ef29ef967e40ca787db31a37cb99e4
1130,universe,Powdery Mildew,1,White Spot_20241104_012225.jpg.jpg,Powdery Mildew/White Spot_20241104_012225.jpg.jpg,2195ef65742632782ea3716f37a90af08bb8c67850b8d002e850c7c76dbb3e09
1131,universe,Powdery Mildew,1,White Spot_20241104_012232.jpg.jpg,Powdery Mildew/White Spot_20241104_012232.jpg.jpg,a7d247a8b0e1ef71738c97024d69a8a0f556cedd58e0c6c6c31a5875b770f20b
1132,universe,Powdery Mildew,1,White Spot_20241104_012240.jpg.jpg,Powdery Mildew/White Spot_20241104_012240.jpg.jpg,41a63872730b9230282203c483c5243df7d51a990bf2574cfa0fa988decec02f
1133,universe,Powdery Mildew,1,White Spot_20241104_012245.jpg.jpg,Powdery Mildew/White Spot_20241104_012245.jpg.jpg,e8184f7a179948c619373d7e39cbe5b06eb2ccad49519dffeca4f06f61bbd5dd
1134,universe,Powdery Mildew,1,White Spot_20241104_012248.jpg.jpg,Powdery Mildew/White Spot_20241104_012248.jpg.jpg,3971f3ed9f7d99a3b31006ac891d208ece314ce37bc346a97ebed48e5cd75c04
1135,universe,Powdery Mildew,1,White Spot_20241104_012250.jpg.jpg,Powdery Mildew/White Spot_20241104_012250.jpg.jpg,e0235c893f299ac33d812e93490e17310090823672e5c185d644db81b913f0cf
1136,universe,Powdery Mildew,1,White Spot_20241104_012253.jpg.jpg,Powdery Mildew/White Spot_20241104_012253.jpg.jpg,a38ddb66ca41e4fb29909a3ce6058d7a42727ce4e617d090234d33c441fc0c4a
1137,universe,Powdery Mildew,1,White Spot_20241104_012257.jpg.jpg,Powdery Mildew/White Spot_20241104_012257.jpg.jpg,9786d67ee3475799b24e5251958a83a0c89d3a423d883ddf5db85d9050ceeccd
1138,universe,Powdery Mildew,1,White Spot_20241104_012259.jpg.jpg,Powdery Mildew/White Spot_20241104_012259.jpg.jpg,d92f3373a77438381f2ac93e6f682c15f5a4bf467abed5e7866002d7f01c98c4
1139,universe,Powdery Mildew,1,White Spot_20241104_012302.jpg.jpg,Powdery Mildew/White Spot_20241104_012302.jpg.jpg,e9072020afb063f30a0f9331fbf420b9a1abbb2bada8188366998c4aad45e85a
1140,universe,Powdery Mildew,1,White Spot_20241104_012305.jpg.jpg,Powdery Mildew/White Spot_20241104_012305.jpg.jpg,772ae8300a8a4959ba0aabf34fa787aa73e82468f076aacbea62e471a23c675a
1141,universe,Powdery Mildew,1,White Spot_20241104_012311.jpg.jpg,Powdery Mildew/White Spot_20241104_012311.jpg.jpg,2b38f0ebf50ed318cd1cad929f90a44b112935d95bc4139c975b68a81b3c5aed
1142,universe,Powdery Mildew,1,White Spot_20241104_012314.jpg.jpg,Powdery Mildew/White Spot_20241104_012314.jpg.jpg,5f34290ef811c6dd56687ab8163694b5bb6795bc378bf52da930f321c6b8f2ad
1143,universe,Powdery Mildew,1,White Spot_20241104_012317.jpg.jpg,Powdery Mildew/White Spot_20241104_012317.jpg.jpg,edd9f761bbae07f0ff77a889f9f4afd5fa0636425e48424da4407038bd325b54
1144,universe,Powdery Mildew,1,White Spot_20241104_012324.jpg.jpg,Powdery Mildew/White Spot_20241104_012324.jpg.jpg,f5772806bdb8e9b486dd90ac4955ae785a6a9adf17e0a72482dcd0bc8643871a
1145,universe,Powdery Mildew,1,White Spot_20241104_012327.jpg.jpg,Powdery Mildew/White Spot_20241104_012327.jpg.jpg,0cdfe605630bc7d88697d39b27c124fed1754156558aea2bc83f6ef81256004e
1146,universe,Powdery Mildew,1,White Spot_20241104_012329.jpg.jpg,Powdery Mildew/White Spot_20241104_012329.jpg.jpg,391314581215b236b856b0eb155976f8a9c7664503ad3fedaec52fed153337ea
1147,universe,Powdery Mildew,1,White Spot_20241104_012332.jpg.jpg,Powdery Mildew/White Spot_20241104_012332.jpg.jpg,cf53d496321a74525cf14afb72bb028b13ee4c910dc986d1be81cfdf2a8e52d3
1148,universe,Powdery Mildew,1,White Spot_20241104_012340.jpg.jpg,Powdery Mildew/White Spot_20241104_012340.jpg.jpg,e2d70df868392f02f2be155d2502d0cb60fe0ec4458e04fed08c64eada703f73
1149,universe,Powdery Mildew,1,White Spot_20241104_012346.jpg.jpg,Powdery Mildew/White Spot_20241104_012346.jpg.jpg,1c0049f05e2d249c82aad8ae042ee632a52902bd8f6cac403cbe71cf3722852d
1150,universe,Powdery Mildew,1,White Spot_20241104_012348.jpg.jpg,Powdery Mildew/White Spot_20241104_012348.jpg.jpg,4b47627b92f9775bf4e81222c4bbe8410eb1fc2d7964a5e9c90fdc9b163d8f6e
1151,universe,Powdery Mildew,1,White Spot_20241104_012353.jpg.jpg,Powdery Mildew/White Spot_20241104_012353.jpg.jpg,cbd94ded04dde293f7c58c6e1ce256bbd67cbef8f490820f6a94f3882735f1e2
1152,universe,Powdery Mildew,1,White Spot_20241104_012357.jpg.jpg,Powdery Mildew/White Spot_20241104_012357.jpg.jpg,47b0a0d4bd814fcdeba7f5d042539a22a173a052a5121736aa92166154a04d21
1153,universe,Powdery Mildew,1,White Spot_20241104_012402.jpg.jpg,Powdery Mildew/White Spot_20241104_012402.jpg.jpg,02993bc027f72e3eaec44eae268f3e703d3204358087fd8d531401ec8775a92a
1154,universe,Powdery Mildew,1,White Spot_20241104_012405.jpg.jpg,Powdery Mildew/White Spot_20241104_012405.jpg.jpg,00cd72695b866075b025ebed4e86c37deab515f5b92d3bff944e3348bf3e0d93
1155,universe,Powdery Mildew,1,White Spot_20241104_012410.jpg.jpg,Powdery Mildew/White Spot_20241104_012410.jpg.jpg,bde9ffc5062517550ad2421525b7ad803700977369aae26d816e06191cdd2eb0
1156,universe,Powdery Mildew,1,White Spot_20241104_012413.jpg.jpg,Powdery Mildew/White Spot_20241104_012413.jpg.jpg,1170b4e0a570d6aa8d53f4bde8b5340aa6f4bedf073d8139cf4e6e29618c503d
1157,universe,Powdery Mildew,1,White Spot_20241104_012419.jpg.jpg,Powdery Mildew/White Spot_20241104_012419.jpg.jpg,9bd814ecefd432d0acae37803e277086ddc2f8c7a9df75fcb4c2d909e84f8dc0
1158,universe,Powdery Mildew,1,White Spot_20241104_012428.jpg.jpg,Powdery Mildew/White Spot_20241104_012428.jpg.jpg,c6b6b4fb62a355804a7c9f2e962b1ddbde859564f24b08a7bb94a377dbd75bec
1159,universe,Powdery Mildew,1,White Spot_20241104_012431.jpg.jpg,Powdery Mildew/White Spot_20241104_012431.jpg.jpg,d16a47e45d73a11a7f7371cde498287dd69896968a5269d1038bb24cb099f04f
1160,universe,Powdery Mildew,1,White Spot_20241104_012439.jpg.jpg,Powdery Mildew/White Spot_20241104_012439.jpg.jpg,fd19e09157e74203a4fc2bcc5bcb399d83529264717457721e83a4058af8e2e2
1161,universe,Powdery Mildew,1,White Spot_20241104_012441.jpg.jpg,Powdery Mildew/White Spot_20241104_012441.jpg.jpg,dd820a8f9d46c29cb6ea3b01aad03c579ccb4c4d5826f6ac3316e15ac28af49f
1162,universe,Powdery Mildew,1,White Spot_20241104_012443.jpg.jpg,Powdery Mildew/White Spot_20241104_012443.jpg.jpg,ef01ff7e34063f2fb723ceae9c4db8ca62c68b1659cf1ba6553636e8b842ffc6
1163,universe,Powdery Mildew,1,White Spot_20241104_012446.jpg.jpg,Powdery Mildew/White Spot_20241104_012446.jpg.jpg,e6cea52a644e86ef9503d8d66a33ac47f17ed3632686601148166d31f2290fbc
1164,universe,Powdery Mildew,1,White Spot_20241104_012450.jpg.jpg,Powdery Mildew/White Spot_20241104_012450.jpg.jpg,a29615a1c0b6b64f86c5efd25d445b86db8452c5e833bc910fccdbe3508f80f8
1165,universe,Powdery Mildew,1,White Spot_20241104_012453.jpg.jpg,Powdery Mildew/White Spot_20241104_012453.jpg.jpg,ccbe1843a66c8a11b12583971bd451e12ebdfb7fd9cb887425b56ec877b7da79
1166,universe,Powdery Mildew,1,White Spot_20241104_012456.jpg.jpg,Powdery Mildew/White Spot_20241104_012456.jpg.jpg,267e6556a58ac767c22437642dbccea84abc82744302cb2e77e464d6cc74243b
1167,universe,Powdery Mildew,1,White Spot_20241104_012458.jpg.jpg,Powdery Mildew/White Spot_20241104_012458.jpg.jpg,7c75041536a4fcfb33ea63855aa5b5e1f1596596bea836d8ffe9fdeecede1022
1168,universe,Powdery Mildew,1,White Spot_20241104_012502.jpg.jpg,Powdery Mildew/White Spot_20241104_012502.jpg.jpg,af5a098cca3e5020e75972101363428107de88ef9ad1a299089e3c3bf8383b48
1169,universe,Powdery Mildew,1,White Spot_20241104_012509.jpg.jpg,Powdery Mildew/White Spot_20241104_012509.jpg.jpg,41fc2619ec8ddbb24927bf23632e35d1fbfd059d5f0b657e3f2d96126562a75b
1170,universe,Powdery Mildew,1,White Spot_20241104_012511.jpg.jpg,Powdery Mildew/White Spot_20241104_012511.jpg.jpg,8bd556cba5068811ef51cac1323d4c1cd466eb82e8cdc4a92ec4ed4c1896beb4
1171,universe,Powdery Mildew,1,White Spot_20241104_012514.jpg.jpg,Powdery Mildew/White Spot_20241104_012514.jpg.jpg,ed2c8606e438016828045082b32d9a7071d40a48d95233b57ced5809404de927
1172,universe,Powdery Mildew,1,White Spot_20241104_012519.jpg.jpg,Powdery Mildew/White Spot_20241104_012519.jpg.jpg,cb1578b3d6fa438bfb8f7a58980be2f9e749b2ee787f22072931d428c22a5293
1173,universe,Powdery Mildew,1,White Spot_20241104_012521.jpg.jpg,Powdery Mildew/White Spot_20241104_012521.jpg.jpg,2ab67661befafba38fdf2ca0fd27d70614726832c0caac3ec466fe1028458eed
1174,universe,Powdery Mildew,1,White Spot_20241104_012524.jpg.jpg,Powdery Mildew/White Spot_20241104_012524.jpg.jpg,7c83c8e3db95222b891fa94e01b803502593bf9557258196b3e0e569b83420f7
1175,universe,Powdery Mildew,1,White Spot_20241104_012527.jpg.jpg,Powdery Mildew/White Spot_20241104_012527.jpg.jpg,e5b0c3e8fb0fb34a791bbfd194320ca9db5bb0e02e476e40c738c965ce5e2d9c
1176,universe,Powdery Mildew,1,White Spot_20241104_013041.jpg.jpg,Powdery Mildew/White Spot_20241104_013041.jpg.jpg,3007c1d9384c73adbaceee0ea25227209743b00b31acc53ebead190f136a8709
1177,universe,Powdery Mildew,1,White Spot_20241104_013043.jpg.jpg,Powdery Mildew/White Spot_20241104_013043.jpg.jpg,355e67c4a7915ad3a065349dd25d4e9d0cff6e183acf62c46548d8809ec48063
1178,universe,Powdery Mildew,1,White Spot_20241104_013046.jpg.jpg,Powdery Mildew/White Spot_20241104_013046.jpg.jpg,e62288aad4106e23208fc39ef57b11b4a94d15d5b49f5723c11442298c7bc77c
1179,universe,Powdery Mildew,1,White Spot_20241104_013049.jpg.jpg,Powdery Mildew/White Spot_20241104_013049.jpg.jpg,7ed2ec3533bd9a42da2e4e1c4039501ec967542a41891e916b91d8522acb42eb
1180,universe,Powdery Mildew,1,White Spot_20241104_013059.jpg.jpg,Powdery Mildew/White Spot_20241104_013059.jpg.jpg,bbf2213aa68c0390db2d2fba452c49ed81e7ae628b856d414443fad8ace2e36b
1181,universe,Powdery Mildew,1,White Spot_20241104_013104.jpg.jpg,Powdery Mildew/White Spot_20241104_013104.jpg.jpg,6a15066ca5f1974f8c9a2b58e164bde6811ddad5b208901915d360521dcaa6dc
1182,universe,Powdery Mildew,1,White Spot_20241104_013117.jpg.jpg,Powdery Mildew/White Spot_20241104_013117.jpg.jpg,69f7bc9540a1e0592182794ce7cc0e370a4ec987c929b58e01529e4aa5261fa8
1183,universe,Powdery Mildew,1,White Spot_20241104_013119.jpg.jpg,Powdery Mildew/White Spot_20241104_013119.jpg.jpg,05d334dfc627e674e521bc17d4ac2bc3e746cc213cf0be263b0050f3b269409b
1184,universe,Powdery Mildew,1,White Spot_20241104_013122.jpg.jpg,Powdery Mildew/White Spot_20241104_013122.jpg.jpg,15484279ffede9b09957f77eb8cd999b96ab8f518edf01fe175361299fac7c60
1185,universe,Powdery Mildew,1,White Spot_20241104_013125.jpg.jpg,Powdery Mildew/White Spot_20241104_013125.jpg.jpg,1300a3e45e8e8c0215ceec1520041e0e17448cbb1817b223e28e16708f112581
1186,universe,Powdery Mildew,1,White Spot_20241104_013133.jpg.jpg,Powdery Mildew/White Spot_20241104_013133.jpg.jpg,279b213d44d9c84f1a357378893a6a8ff66666ca038e5b28e572fd8e2e93b129
1187,universe,Powdery Mildew,1,White Spot_20241104_013139.jpg.jpg,Powdery Mildew/White Spot_20241104_013139.jpg.jpg,b70d38645fcdf49b75a5f916d5fa050771d2170c9916bfb969235ad3588ac167
1188,universe,Powdery Mildew,1,White Spot_20241104_013141.jpg.jpg,Powdery Mildew/White Spot_20241104_013141.jpg.jpg,c8c1e6f11df5d05788865af6f800c8e54863830fcae504f1c86c6555fda1b79d
1189,universe,Powdery Mildew,1,White Spot_20241104_013205.jpg.jpg,Powdery Mildew/White Spot_20241104_013205.jpg.jpg,3a7f9f49797e7aad8a58a5e30d90f989f08affa754a147d5ae965302551bcbc1
1190,universe,Powdery Mildew,1,White Spot_20241104_013208.jpg.jpg,Powdery Mildew/White Spot_20241104_013208.jpg.jpg,76cadea42b83a6a4f267a02a5e23838aa5be89ad005ae6cc8b125c6324f95d15
1191,universe,Powdery Mildew,1,White Spot_20241104_013218.jpg.jpg,Powdery Mildew/White Spot_20241104_013218.jpg.jpg,6c8ce43f078bc9802afbc291e3ffa94c8c959ecf1c860be96fe57154b9489cf3
1192,universe,Powdery Mildew,1,White Spot_20241104_013223.jpg.jpg,Powdery Mildew/White Spot_20241104_013223.jpg.jpg,95585d7e7bcefc2df7cfd02121d88ebadcc2ffa2a40b2ece61bbde2e209e67bb
1193,universe,Powdery Mildew,1,White Spot_20241104_013226.jpg.jpg,Powdery Mildew/White Spot_20241104_013226.jpg.jpg,f78f8619101fc16bc682029278fed260ab97080b3f3004921a9bf3016a9ea4a9
1194,universe,Powdery Mildew,1,White Spot_20241104_013228.jpg.jpg,Powdery Mildew/White Spot_20241104_013228.jpg.jpg,8e491325084ae371ee7f280deedf2c9defddc099990303abeb73a692bf1bf3ef
1195,universe,Powdery Mildew,1,White Spot_20241104_013231.jpg.jpg,Powdery Mildew/White Spot_20241104_013231.jpg.jpg,7b0106d710a8d8ee1e3934c867e3eb7d903bb4580d5526594444b4f543879693
1196,universe,Powdery Mildew,1,White Spot_20241104_013235.jpg.jpg,Powdery Mildew/White Spot_20241104_013235.jpg.jpg,28707e21c66f01dee027e659eaf54beb5154fdd39525706c2fc2bf3862a722ca
1197,universe,Powdery Mildew,1,White Spot_20241104_013238.jpg.jpg,Powdery Mildew/White Spot_20241104_013238.jpg.jpg,bb82e6e1ae5c912687202da0d623d4e03baf124323f553d750404a1ec68cd54b
1198,universe,Powdery Mildew,1,White Spot_20241104_013240.jpg.jpg,Powdery Mildew/White Spot_20241104_013240.jpg.jpg,3ca71f066e3f6a91be7abe5665f53bf982699b6e4be8a992de24fd4c47f05d83
1199,universe,Powdery Mildew,1,White Spot_20241104_013243.jpg.jpg,Powdery Mildew/White Spot_20241104_013243.jpg.jpg,cda1c19c378a40dcfe1047d74852e81a9ef9feead3f409e7eeb08350e27fbe07
1200,universe,Powdery Mildew,1,White Spot_20241104_013249.jpg.jpg,Powdery Mildew/White Spot_20241104_013249.jpg.jpg,4b799bca196efe9afa89ca6523d209fa856eb399bde861f0ba24eb0c21410908
1201,universe,Powdery Mildew,1,White Spot_20241104_013251.jpg.jpg,Powdery Mildew/White Spot_20241104_013251.jpg.jpg,163300c185aa3116e0da53ea746af662e1fb0099b0fac8912ec31016c786fe79
1202,universe,Powdery Mildew,1,White Spot_20241104_013254.jpg.jpg,Powdery Mildew/White Spot_20241104_013254.jpg.jpg,00acbcf37cdfd039bb4f578efb127bc0453a641f57a970e79c9644922417987d
1203,universe,Powdery Mildew,1,White Spot_20241104_013302.jpg.jpg,Powdery Mildew/White Spot_20241104_013302.jpg.jpg,bb81655725493e6e7151c21b3090bc64a3d420aefa2e31e9450c57429dd372fd
1204,universe,Powdery Mildew,1,White Spot_20241104_013305.jpg.jpg,Powdery Mildew/White Spot_20241104_013305.jpg.jpg,c1b1021beb917377752fd29e0e566470501f145b2aefbbfe3e0d88b3c8ad1a83
1205,universe,Powdery Mildew,1,White Spot_20241104_013310.jpg.jpg,Powdery Mildew/White Spot_20241104_013310.jpg.jpg,75a15cfee01fbb392431cb24ff662b8eef348a1e0eb88a0be2d2aa5acb8f262b
1206,universe,Powdery Mildew,1,White Spot_20241104_013315.jpg.jpg,Powdery Mildew/White Spot_20241104_013315.jpg.jpg,65c1e29dc5a2824454a4b1501c118844b470601b158d6854525d7f28675c5b26
1207,universe,Powdery Mildew,1,White Spot_20241104_013320.jpg.jpg,Powdery Mildew/White Spot_20241104_013320.jpg.jpg,f42144e4bab0037044cfab18b3db9541c9aa16fc5d3ae0e874c39acaa0dd1fb4
1208,universe,Powdery Mildew,1,White Spot_20241104_013323.jpg.jpg,Powdery Mildew/White Spot_20241104_013323.jpg.jpg,38fb4b91b7d3f685364d5178abd20820d791fad271a7a18c45f7506c07974b55
1209,universe,Powdery Mildew,1,White Spot_20241104_013330.jpg.jpg,Powdery Mildew/White Spot_20241104_013330.jpg.jpg,eb4a867343f864871942af7d4584cf1bc4dcc347dbbb541b30073f6e76c13e98
1210,universe,Powdery Mildew,1,White Spot_20241104_013336.jpg.jpg,Powdery Mildew/White Spot_20241104_013336.jpg.jpg,5d81244ade1cf2192e74079183f4ac7aba83141dd1b7a8a9fc547cdfe9001f64
1211,universe,Powdery Mildew,1,White Spot_20241104_013349.jpg.jpg,Powdery Mildew/White Spot_20241104_013349.jpg.jpg,fc81925807013cb2fe89e546c2408633934bec6e81a964838de7a46b6222b864
1212,universe,Powdery Mildew,1,White Spot_20241104_013355.jpg.jpg,Powdery Mildew/White Spot_20241104_013355.jpg.jpg,3378f5b95de165f7025fef8e0ce71fdef0d515dbc3bfbde7ff365477875a00d3
1213,universe,Powdery Mildew,1,White Spot_20241104_013357.jpg.jpg,Powdery Mildew/White Spot_20241104_013357.jpg.jpg,f6a8907e9bfbe3f0dc56cb005a7997949debed7a517d3d362b7c7090fa0b1eac
1214,universe,Powdery Mildew,1,White Spot_20241104_013400.jpg.jpg,Powdery Mildew/White Spot_20241104_013400.jpg.jpg,4b27affcd5d995e6a38ed73f5f5a68a60b33b22e3cd3d05f87cb2914c4207a3b
1215,universe,Powdery Mildew,1,White Spot_20241104_013403.jpg.jpg,Powdery Mildew/White Spot_20241104_013403.jpg.jpg,a35cdf432c877d08a470dad1d543187748127d0bd5007f169adcab220598925e
1216,universe,Powdery Mildew,1,White Spot_20241104_013407.jpg.jpg,Powdery Mildew/White Spot_20241104_013407.jpg.jpg,23f06d6d1b14aef02718f4c9e28e1b62ddf093af1ab7281da636e820b65616de
1217,universe,Powdery Mildew,1,White Spot_20241104_013410.jpg.jpg,Powdery Mildew/White Spot_20241104_013410.jpg.jpg,0723fdf5ddaf67bf23bbf9c4a3f00c65041a5d1d11bd31d0793f8cc427c04ca0
1218,universe,Powdery Mildew,1,White Spot_20241104_013412.jpg.jpg,Powdery Mildew/White Spot_20241104_013412.jpg.jpg,8af6c7bac3c19c03259e20b00baf321d732c57c95455dbc5fc2c82c1213df2a6
1219,universe,Powdery Mildew,1,White Spot_20241104_013425.jpg.jpg,Powdery Mildew/White Spot_20241104_013425.jpg.jpg,f8d395ff0daba9a4524ef4d576eb0c313807a291d3327e26f11215bf263d8a13
1220,universe,Powdery Mildew,1,White Spot_20241104_013430.jpg.jpg,Powdery Mildew/White Spot_20241104_013430.jpg.jpg,4ff5cf4799e078a1f1a2b178218facae848fbf2871167aab65df94f9c59475b0
1221,universe,Powdery Mildew,1,White Spot_20241104_013432.jpg.jpg,Powdery Mildew/White Spot_20241104_013432.jpg.jpg,4ae8f11aaf817e8272fe2a270a33192879457253eab9b88925bad3c85c27f71b
1222,universe,Powdery Mildew,1,White Spot_20241104_013435.jpg.jpg,Powdery Mildew/White Spot_20241104_013435.jpg.jpg,44519374127039d451bd80df5e69aad8417533c556773ca40fa860bdc12cd300
1223,universe,Powdery Mildew,1,White Spot_20241104_013442.jpg.jpg,Powdery Mildew/White Spot_20241104_013442.jpg.jpg,c16398df7d7688e6f4c2b91b993aa8733bfea982c2f345a62b20618007d5d770
1224,universe,Powdery Mildew,1,White Spot_20241104_013447.jpg.jpg,Powdery Mildew/White Spot_20241104_013447.jpg.jpg,1c6d36ea48583e2b91d029c593c938f7474fb7eb8e3ac5d8a1b1cec664a9bfeb
1225,universe,Powdery Mildew,1,White Spot_20241104_013450.jpg.jpg,Powdery Mildew/White Spot_20241104_013450.jpg.jpg,47e4cd11dd191767ddefdc01a15c97909c2fea99da6a434fbaa71324bc84e66d
1226,universe,Powdery Mildew,1,White Spot_20241104_013456.jpg.jpg,Powdery Mildew/White Spot_20241104_013456.jpg.jpg,ca4e00f1e68d2946d1e367cafd116065211bc3418a3063b4220234a00ce17025
1227,universe,Powdery Mildew,1,White Spot_20241104_013458.jpg.jpg,Powdery Mildew/White Spot_20241104_013458.jpg.jpg,e944f8318e3ed406d07869bb871cdb94d63635da093fed4c594c2e003f4eae23
1228,universe,Powdery Mildew,1,White Spot_20241104_013501.jpg.jpg,Powdery Mildew/White Spot_20241104_013501.jpg.jpg,6329b9c63a01271a375c4bb9cb96c7b45c84437102373b517abe1bce06afb611
1229,universe,Powdery Mildew,1,White Spot_20241104_013504.jpg.jpg,Powdery Mildew/White Spot_20241104_013504.jpg.jpg,862e8d3883959d4437fae0f50886f3adf8c8a7750bb8281fec1002223c33e86b
1230,universe,Powdery Mildew,1,White Spot_20241104_013508.jpg.jpg,Powdery Mildew/White Spot_20241104_013508.jpg.jpg,62f865b96da8a1a44a26904136243fe5647c2607cff7a3bc24b273c196876a85
1231,universe,Powdery Mildew,1,White Spot_20241104_013511.jpg.jpg,Powdery Mildew/White Spot_20241104_013511.jpg.jpg,a7ca69c30ce9abf8f9d619b97c936c9f291b6b0c8f98036371f24ec48b11968f
1232,universe,Powdery Mildew,1,White Spot_20241104_013513.jpg.jpg,Powdery Mildew/White Spot_20241104_013513.jpg.jpg,ff154d0cf4aa977976602f3bbaf578f1787cada0ae33e8a6a23a9287011c0420
1233,universe,Powdery Mildew,1,White Spot_20241104_013515.jpg.jpg,Powdery Mildew/White Spot_20241104_013515.jpg.jpg,605da193f87f8d67b746f8745e8a83c4d6c90988eab1b0163ba8b175008a494d
1234,universe,Powdery Mildew,1,White Spot_20241104_013524.jpg.jpg,Powdery Mildew/White Spot_20241104_013524.jpg.jpg,4423227fc5712718c660fcf69c25525745d6182969f531e04193c264fbfeacd9
1235,universe,Powdery Mildew,1,White Spot_20241104_013527.jpg.jpg,Powdery Mildew/White Spot_20241104_013527.jpg.jpg,d9cc3446238ea05347ade55a2128fc73a1b8059b1cce1765dcdc879c0722fc88
1236,universe,Powdery Mildew,1,White Spot_20241104_013530.jpg.jpg,Powdery Mildew/White Spot_20241104_013530.jpg.jpg,af1087c9c825e9dd6ea62d15c84b0d5d8a3f346c0c52797994f8522a56f20529
1237,universe,Powdery Mildew,1,White Spot_20241104_013532.jpg.jpg,Powdery Mildew/White Spot_20241104_013532.jpg.jpg,caf4c3a6600c12505ca9e568f8ef6658263eecc7cc949b55d7100daf335be83b
1238,universe,Powdery Mildew,1,White Spot_20241104_013537.jpg.jpg,Powdery Mildew/White Spot_20241104_013537.jpg.jpg,ed90032f4838a5ddb3f635e145c9ec2dd5ea961a21c5045eaca56fa93583b9a3
1239,universe,Powdery Mildew,1,White Spot_20241104_013539.jpg.jpg,Powdery Mildew/White Spot_20241104_013539.jpg.jpg,a1cd3cd02ce7baac6ac3922123a406712eeaabc9cb580eff195c818d30cdb6ba
1240,universe,Powdery Mildew,1,White Spot_20241104_013542.jpg.jpg,Powdery Mildew/White Spot_20241104_013542.jpg.jpg,6cfe46db4f10c1358f637015f32ecf2f4b7ecc251e855cad6cd0f99fbef301c2
1241,universe,Powdery Mildew,1,White Spot_20241104_013546.jpg.jpg,Powdery Mildew/White Spot_20241104_013546.jpg.jpg,0156b4ca7615bb6c759c04e8462d5c318ab33bd76d4f9af0b0316c120f41d798
1242,universe,Powdery Mildew,1,White Spot_20241104_013550.jpg.jpg,Powdery Mildew/White Spot_20241104_013550.jpg.jpg,0af1bdce8b95c4a30619309e34b8124a200db608b80721ea3cb77cc81d670350
1243,universe,Powdery Mildew,1,White Spot_20241104_013552.jpg.jpg,Powdery Mildew/White Spot_20241104_013552.jpg.jpg,a7d90f431d6a92fedb672d53dacb1219b3fb908f24febb040c8729555c85d1ba
1244,universe,Powdery Mildew,1,White Spot_20241104_013555.jpg.jpg,Powdery Mildew/White Spot_20241104_013555.jpg.jpg,19d53a9271b949c4044be4fafb842a763124a1ce4d23f82ae5229fddd9bb5b70
1245,universe,Powdery Mildew,1,White Spot_20241104_013558.jpg.jpg,Powdery Mildew/White Spot_20241104_013558.jpg.jpg,87b0fd8292127cfb1d108e16144a9589be8922cac50033367bafee409b74c324
1246,universe,Powdery Mildew,1,White Spot_20241104_014319.jpg.jpg,Powdery Mildew/White Spot_20241104_014319.jpg.jpg,bd147981d6e9b101c271fe190de3878e487624191273f31c501d2c94110f106e
1247,universe,Powdery Mildew,1,White Spot_20241104_014322.jpg.jpg,Powdery Mildew/White Spot_20241104_014322.jpg.jpg,45e05158347e0ca91e99158402a97d33165042e3455645aa8ef998791b2c7e8b
1248,universe,Powdery Mildew,1,White Spot_20241104_014325.jpg.jpg,Powdery Mildew/White Spot_20241104_014325.jpg.jpg,ce36329499766a01700827465bf66f0d5caa442dd37b07b969be41e18ad09825
1249,universe,Powdery Mildew,1,White Spot_20241104_014327.jpg.jpg,Powdery Mildew/White Spot_20241104_014327.jpg.jpg,74a233a7ae749b0ffc304405136ef9e22f692e929b44351c86bad7923b6db92e
1250,universe,Powdery Mildew,1,White Spot_20241104_014332.jpg.jpg,Powdery Mildew/White Spot_20241104_014332.jpg.jpg,74f667e681af0833e74f879b1c043a455d65aeb54d6f7ff5b6065eaf373705ad
1251,universe,Powdery Mildew,1,White Spot_20241104_014335.jpg.jpg,Powdery Mildew/White Spot_20241104_014335.jpg.jpg,f0fc20f796bc6007b2b82beb5d0d181685f66c97274b1dc1811b2e445ff31ccc
1252,universe,Powdery Mildew,1,White Spot_20241104_014338.jpg.jpg,Powdery Mildew/White Spot_20241104_014338.jpg.jpg,ea8e7a22f48e632b766cb8b8bb10a3087043388347a915ac4efed4e6a34ed60f
1253,universe,Powdery Mildew,1,White Spot_20241104_014340.jpg.jpg,Powdery Mildew/White Spot_20241104_014340.jpg.jpg,236c9e81887db6023660f07bb7c7950f912618bb8165dca7b60d1a19c8cef5c1
1254,universe,Powdery Mildew,1,White Spot_20241104_014353.jpg.jpg,Powdery Mildew/White Spot_20241104_014353.jpg.jpg,905aeac83bef98a440b4075e9d533bb08d529be2998f3dcee476104566b20dea
1255,universe,Powdery Mildew,1,White Spot_20241104_014356.jpg.jpg,Powdery Mildew/White Spot_20241104_014356.jpg.jpg,6d5caf07a752a9fde91fe11ea09f0fed722940b13c119de9a206119f7b2d4495
1256,universe,Powdery Mildew,1,White Spot_20241104_014358.jpg.jpg,Powdery Mildew/White Spot_20241104_014358.jpg.jpg,939620100c99ce99e608ff17826af4541f6ea1b98c8aa190a01c3793d3362ab7
1257,universe,Powdery Mildew,1,White Spot_20241104_014405.jpg.jpg,Powdery Mildew/White Spot_20241104_014405.jpg.jpg,e897d4ad3023be9aece5af3cf1d693943c39de3a4f3fde1511bf416330a46f78
1258,universe,Powdery Mildew,1,White Spot_20241104_014411.jpg.jpg,Powdery Mildew/White Spot_20241104_014411.jpg.jpg,c2f5603964f9e9ff71708ea5f4cb5ac94ac1e945ca33eba4036a6521588cd34c
1259,universe,Powdery Mildew,1,White Spot_20241104_014414.jpg.jpg,Powdery Mildew/White Spot_20241104_014414.jpg.jpg,034b7b22156e037382e29a7c79ddb31d26f9aecc46acc41b9e5fb02c357d01f0
1260,universe,Powdery Mildew,1,White Spot_20241104_014419.jpg.jpg,Powdery Mildew/White Spot_20241104_014419.jpg.jpg,e4e335405c500f3e95b9b5de357b105bcce115dd74ae66f1449580cc26efbc9b
1261,universe,Powdery Mildew,1,White Spot_20241104_014422.jpg.jpg,Powdery Mildew/White Spot_20241104_014422.jpg.jpg,836e25987594b0e65b2a19dd0fa93fef263e134b8d514cb96a62d683db82f6bf
1262,universe,Powdery Mildew,1,White Spot_20241104_014424.jpg.jpg,Powdery Mildew/White Spot_20241104_014424.jpg.jpg,5f589beb4114ea221c22560b1ca26bb2e52684a995987c6b5055d5dcb8575156
1263,universe,Powdery Mildew,1,White Spot_20241104_014427.jpg.jpg,Powdery Mildew/White Spot_20241104_014427.jpg.jpg,b99d8b557ebb7e4b0b73488e1aa5bb9b10d4853100b2fe35b63635afd778913e
1264,universe,Powdery Mildew,1,White Spot_20241104_014435.jpg.jpg,Powdery Mildew/White Spot_20241104_014435.jpg.jpg,d9ee94ff4f243ad9a74a0f0ed3d1fb344ff6eacb90bea61852a9d430e9704dc1
1265,universe,Powdery Mildew,1,White Spot_20241104_014438.jpg.jpg,Powdery Mildew/White Spot_20241104_014438.jpg.jpg,cebd7af2bb1049e870dc60a3680e3fe2490e339df87a8864e7f87b771def0ca3
1266,universe,Powdery Mildew,1,White Spot_20241104_014441.jpg.jpg,Powdery Mildew/White Spot_20241104_014441.jpg.jpg,762b59985ddce6783d2ab3cd8b75fdef277ee4b72c35a661c26540a67ab1752c
1267,universe,Powdery Mildew,1,White Spot_20241104_014450.jpg.jpg,Powdery Mildew/White Spot_20241104_014450.jpg.jpg,425f85e5a23112abb2febee2f0e522226aeaab8ab09176aeb01069559f491dab
1268,universe,Powdery Mildew,1,White Spot_20241104_014452.jpg.jpg,Powdery Mildew/White Spot_20241104_014452.jpg.jpg,e4f3ec3f10cadb384ec7401b1dd1f52544d9838bef507160afe21fa7795ae7a2
1269,universe,Powdery Mildew,1,White Spot_20241104_014455.jpg.jpg,Powdery Mildew/White Spot_20241104_014455.jpg.jpg,7549222368887fb3eb31e7935f4324f3a9127676c2c163aabcf91e0df751337d
1270,universe,Powdery Mildew,1,White Spot_20241104_014458.jpg.jpg,Powdery Mildew/White Spot_20241104_014458.jpg.jpg,5efd25635be50d3afebe190abaf3fa900bedd8a7f0bf4888b0a9407876092090
1271,universe,Powdery Mildew,1,White Spot_20241104_014512.jpg.jpg,Powdery Mildew/White Spot_20241104_014512.jpg.jpg,206543486e61fa447dc01bec0152372aeb2593dd565998dd0751c5df40c65e46
1272,universe,Powdery Mildew,1,White Spot_20241104_014515.jpg.jpg,Powdery Mildew/White Spot_20241104_014515.jpg.jpg,989ee507a1ade835990e2970cf7b7a314dc39e4ed07ff7680e955e36c27349a3
1273,universe,Powdery Mildew,1,White Spot_20241104_014520.jpg.jpg,Powdery Mildew/White Spot_20241104_014520.jpg.jpg,0a1f227a0518c1e03756c6acc74d2f40c3c4986a3f71c2116d405047ecabfc0c
1274,universe,Powdery Mildew,1,White Spot_20241104_014528.jpg.jpg,Powdery Mildew/White Spot_20241104_014528.jpg.jpg,dd6a3fd7809865731e852d08825ab8e3980642762b5f8ebcf45615dfd688c09e
1275,universe,Powdery Mildew,1,White Spot_20241104_014531.jpg.jpg,Powdery Mildew/White Spot_20241104_014531.jpg.jpg,1dafebd8147069b4a82553dd1c4200c574eecf986bdedc0f1e81bdf5c7803bdd
1276,universe,Powdery Mildew,1,White Spot_20241104_014534.jpg.jpg,Powdery Mildew/White Spot_20241104_014534.jpg.jpg,b148a2d25cf92b7f65e8785ce03986fd2738da924bde55f7d986f59da3723e44
1277,universe,Powdery Mildew,1,White Spot_20241104_014539.jpg.jpg,Powdery Mildew/White Spot_20241104_014539.jpg.jpg,f40c49e5792fcc5106b2ba604447370a8ee0d3c58c0e19939f298226a8f9e088
1278,universe,Powdery Mildew,1,White Spot_20241104_014542.jpg.jpg,Powdery Mildew/White Spot_20241104_014542.jpg.jpg,e0865cf7ca3a912c026d04a69ca349ef0842f1c81fca761ea7b07710b58ba4bd
1279,universe,Powdery Mildew,1,White Spot_20241104_014544.jpg.jpg,Powdery Mildew/White Spot_20241104_014544.jpg.jpg,13150bd589357815683548546ba4eefbdeb0bfab8176b83397d33e9f73b118aa
1280,universe,Powdery Mildew,1,White Spot_20241104_014548.jpg.jpg,Powdery Mildew/White Spot_20241104_014548.jpg.jpg,c66a1d236871f068fce98ed7413b99770c64e499f2f2f37409ea6277297fbc62
1281,universe,Powdery Mildew,1,White Spot_20241104_014600.jpg.jpg,Powdery Mildew/White Spot_20241104_014600.jpg.jpg,d0bc7ac50959877b1fb6777e417fd0a16c777b2813278c78baa7988ac0fb881b
1282,universe,Powdery Mildew,1,White Spot_20241104_014603.jpg.jpg,Powdery Mildew/White Spot_20241104_014603.jpg.jpg,fa22d5e9750831e75a1995d76eda3a380d3a193deac6970c1d8e55e667cf1504
1283,universe,Powdery Mildew,1,White Spot_20241104_014606.jpg.jpg,Powdery Mildew/White Spot_20241104_014606.jpg.jpg,92ccd8479bda8af23c96eb6fe598dcd6bb5839be9b6da81e9d8e56b02d8a96d3
1284,universe,Powdery Mildew,1,White Spot_20241104_014608.jpg.jpg,Powdery Mildew/White Spot_20241104_014608.jpg.jpg,f0f00b9518c08d8b65b554849053be3b97a34fe4aa740f5d775f9829f78f7921
1285,universe,Powdery Mildew,1,White Spot_20241104_014613.jpg.jpg,Powdery Mildew/White Spot_20241104_014613.jpg.jpg,138e542af3e2849c0f020a8fec9e2f7192d79f969ce2d4e846da6c2c24736d19
1286,universe,Powdery Mildew,1,White Spot_20241104_014615.jpg.jpg,Powdery Mildew/White Spot_20241104_014615.jpg.jpg,9f3483f474d59a4000540c93bab7d62f70977c69012f1b4b0cfda8dcb6be6316
1287,universe,Powdery Mildew,1,White Spot_20241104_014618.jpg.jpg,Powdery Mildew/White Spot_20241104_014618.jpg.jpg,cd0704accc170b6a3aee7af5dabd4b5aee47d9b4b293f8f82fc99c12ede9ec38
1288,universe,Powdery Mildew,1,White Spot_20241104_014621.jpg.jpg,Powdery Mildew/White Spot_20241104_014621.jpg.jpg,8276cf724edd6b5966713bb2684bac4d70bda3d29f13289199dad019857f7f3a
1289,universe,Powdery Mildew,1,White Spot_20241104_014627.jpg.jpg,Powdery Mildew/White Spot_20241104_014627.jpg.jpg,f034b26a43c00d0c393125bc3a621a4fe42b14e767c86d8a3553cf0bb4b4eb84
1290,universe,Powdery Mildew,1,White Spot_20241104_014640.jpg.jpg,Powdery Mildew/White Spot_20241104_014640.jpg.jpg,9e255d0f3f497bb071ecb74ab04763485c51e540c9222cbf020d93bd482bff5b
1291,universe,Powdery Mildew,1,White Spot_20241104_014644.jpg.jpg,Powdery Mildew/White Spot_20241104_014644.jpg.jpg,1ac0e232e2d30cc115e28da38806c3968246fae6f678d77af6a547771d9c47f1
1292,universe,Powdery Mildew,1,White Spot_20241104_014648.jpg.jpg,Powdery Mildew/White Spot_20241104_014648.jpg.jpg,e257d7970721bb33e28a6e83fc6f1ce432850ae07b495869c32d372d45c4d9d6
1293,universe,Powdery Mildew,1,White Spot_20241104_014651.jpg.jpg,Powdery Mildew/White Spot_20241104_014651.jpg.jpg,44eeb0672339e802ae5880450118d72cecdffa5babe17803732322c229ffd107
1294,universe,Powdery Mildew,1,White Spot_20241104_014653.jpg.jpg,Powdery Mildew/White Spot_20241104_014653.jpg.jpg,9feb88686793fb44487828c15f595d9c2c494081436eef53ed127fd7e637ad45
1295,universe,Powdery Mildew,1,White Spot_20241104_014657.jpg.jpg,Powdery Mildew/White Spot_20241104_014657.jpg.jpg,0ad6840bd4b46a9c7c7c933b3f41ddb2e6f9a5da6835774b7e44c9b740608c17
1296,universe,Powdery Mildew,1,White Spot_20241104_014703.jpg.jpg,Powdery Mildew/White Spot_20241104_014703.jpg.jpg,0d095dbce89b4e6aaa1fda66fb3b2228e6493a39e10ad3b9019ac3a3f937f2e3
1297,universe,Powdery Mildew,1,White Spot_20241104_014709.jpg.jpg,Powdery Mildew/White Spot_20241104_014709.jpg.jpg,dd7c4297ec36fe201172afe5334d8e58de79c2a5e6efd0f9c670092e294ae139
1298,universe,Powdery Mildew,1,White Spot_20241104_014712.jpg.jpg,Powdery Mildew/White Spot_20241104_014712.jpg.jpg,6e671b44a036e36757d5069716aaa5d6dc05a08726b1beff62c0fd94b62c2fe8
1299,universe,Powdery Mildew,1,White Spot_20241104_014717.jpg.jpg,Powdery Mildew/White Spot_20241104_014717.jpg.jpg,bf96741c399fa103ecf008eb453ab657b3f818666f43bd5b6864a28d2799e660
1300,universe,Powdery Mildew,1,White Spot_20241104_014720.jpg.jpg,Powdery Mildew/White Spot_20241104_014720.jpg.jpg,1434da540a9e48e79d1148bf88d6d92940e96bcd043505a65357c8df67a11c20
1301,universe,Powdery Mildew,1,White Spot_20241104_014723.jpg.jpg,Powdery Mildew/White Spot_20241104_014723.jpg.jpg,32c13540e8af74f5b38da13f0dd7afc5ec716e34f96d4a61b8cf25a049bc943d
1302,universe,Powdery Mildew,1,White Spot_IMG_20241108_182703.jpg.jpg,Powdery Mildew/White Spot_IMG_20241108_182703.jpg.jpg,9db0ea4448b9c493d2a107f06f42e72923658aba07b268088f4569bea09093a0
1303,universe,Powdery Mildew,1,White Spot_IMG_20241108_182710.jpg.jpg,Powdery Mildew/White Spot_IMG_20241108_182710.jpg.jpg,dfd97d6eac2c279f748e046ba51710f0d5180134b28f7fd1b648d8f21fd687e8
1304,universe,Powdery Mildew,1,White Spot_IMG_20241108_182716.jpg.jpg,Powdery Mildew/White Spot_IMG_20241108_182716.jpg.jpg,2654e20a5957df0c92844220320a90582c9b9eb6afa4e5db58ec66f93c6e953b
1305,universe,Powdery Mildew,1,White Spot_IMG_20241108_182721.jpg.jpg,Powdery Mildew/White Spot_IMG_20241108_182721.jpg.jpg,8a918a29040adbf17ed6ea4555f11b96c0c9a37a10b25da8a65b06f011d6e725
1306,universe,Powdery Mildew,1,White Spot_IMG_20241108_182732.jpg.jpg,Powdery Mildew/White Spot_IMG_20241108_182732.jpg.jpg,42eee087480c1d2ecf5b8eb4d3e24cd1d9adb154c14ee14edb0c2a5cd1e33096
1307,universe,Powdery Mildew,1,White Spot_IMG_20241108_182734.jpg.jpg,Powdery Mildew/White Spot_IMG_20241108_182734.jpg.jpg,55b7f9e233671d6da68338c3936553e0c24c1a5aabb1d2bf4cc6dd1cafc8b75c
1308,universe,Powdery Mildew,1,White Spot_IMG_20241108_182736.jpg.jpg,Powdery Mildew/White Spot_IMG_20241108_182736.jpg.jpg,5390081b6218c9e733f3bca533b0c943abf1b329fc1085fce8c32f28aec62d51
1309,universe,Powdery Mildew,1,White Spot_IMG_20241108_182746.jpg.jpg,Powdery Mildew/White Spot_IMG_20241108_182746.jpg.jpg,e8e77cc951fb269dba93326460ca803137bafd05eea9550583282925bd12e0de
1310,universe,Powdery Mildew,1,White Spot_IMG_20241108_182758.jpg.jpg,Powdery Mildew/White Spot_IMG_20241108_182758.jpg.jpg,6dc1318e3210d61351619149734766078806ae08de0c4fb5fb3bd2879fd2c754
1311,universe,Powdery Mildew,1,White Spot_IMG_20241108_182801.jpg.jpg,Powdery Mildew/White Spot_IMG_20241108_182801.jpg.jpg,5c7f2b026c5c95aface5c329dae2f88a993a3db952b77bc533c964709c0a1fa7
1312,universe,Powdery Mildew,1,White Spot_IMG_20241108_182806.jpg.jpg,Powdery Mildew/White Spot_IMG_20241108_182806.jpg.jpg,f9233355882a46b43033e582c85cd6c0bae72fdd9fcaf23c624bd42427301ae4
1313,universe,Powdery Mildew,1,White Spot_IMG_20241108_182809.jpg.jpg,Powdery Mildew/White Spot_IMG_20241108_182809.jpg.jpg,6e11039cba0537f8656e5d244ba8c1c38a9521b1724b238ec58625c54a955b9c
1314,universe,Powdery Mildew,1,White Spot_IMG_20241108_182814.jpg.jpg,Powdery Mildew/White Spot_IMG_20241108_182814.jpg.jpg,185e3f3882431e6f3dbd41fec11dff990ddea98001863d436a9ce72011376ff9
1315,universe,Powdery Mildew,1,White Spot_IMG_20241108_182816.jpg.jpg,Powdery Mildew/White Spot_IMG_20241108_182816.jpg.jpg,961bcffb3c4b9d5f2729f99efe76c6ba6faaa0642ad0c663dcaebebfe9eb4095
1316,universe,Powdery Mildew,1,White Spot_IMG_20241108_182828.jpg.jpg,Powdery Mildew/White Spot_IMG_20241108_182828.jpg.jpg,986416fba4d5c000b6737a6452b02a23244f87573fbe88dcc15bd3a73e39335f
1317,universe,Powdery Mildew,1,White Spot_IMG_20241108_182841.jpg.jpg,Powdery Mildew/White Spot_IMG_20241108_182841.jpg.jpg,a8e44bcb21420bf4ffb84422dd57f61c0f64c35faa27b2f9a9f088961a844ac1
1318,universe,Powdery Mildew,1,White Spot_IMG_20241108_182848.jpg.jpg,Powdery Mildew/White Spot_IMG_20241108_182848.jpg.jpg,476c24446f193afe0eef84813a797197dfb6cc32f782f752a6cb67c45775fb32
1319,universe,Powdery Mildew,1,White Spot_IMG_20241108_182855.jpg.jpg,Powdery Mildew/White Spot_IMG_20241108_182855.jpg.jpg,eda7ce6fbac1a8a89bcd811363b29c4c330078d7f74a728902e3f0e5ae433456
1320,universe,Powdery Mildew,1,White Spot_IMG_20241108_182901.jpg.jpg,Powdery Mildew/White Spot_IMG_20241108_182901.jpg.jpg,0856994e7016bb02b828cb27d77ea75f723af69d54c2d7b78707fc6470ae9a4d
1321,universe,Powdery Mildew,1,White Spot_IMG_20241108_182904.jpg.jpg,Powdery Mildew/White Spot_IMG_20241108_182904.jpg.jpg,c872585f1b4a2a9e7b121203b26cd8c8273b18bcdf60773561c295f7604cf6eb
1322,universe,Powdery Mildew,1,White Spot_IMG_20241108_182912.jpg.jpg,Powdery Mildew/White Spot_IMG_20241108_182912.jpg.jpg,e65f6dc484d07c82a4596c2de60709ae205e4ebb63d42ae0d3a02e91fecfeaec
1323,universe,Powdery Mildew,1,White Spot_IMG_20241108_182919_1.jpg.jpg,Powdery Mildew/White Spot_IMG_20241108_182919_1.jpg.jpg,2c6d7497a9ff13458446141f910a113f16e41ab69df87c4f4afbcf412cd4a2e1
1324,universe,Powdery Mildew,1,White Spot_IMG_20241108_182935.jpg.jpg,Powdery Mildew/White Spot_IMG_20241108_182935.jpg.jpg,ca343e6efcc4c01bb29d4bd2a095d22bf1e8d803134a1bf52d4d77b665aaf7cf
1325,universe,Powdery Mildew,1,White Spot_IMG_20241108_182944.jpg.jpg,Powdery Mildew/White Spot_IMG_20241108_182944.jpg.jpg,18a9221bc091ec28c3d5029fc12e6f28aa8101b2bebc8c6953063ad6d9f69597
1326,universe,Powdery Mildew,1,White Spot_IMG_20241108_182955.jpg.jpg,Powdery Mildew/White Spot_IMG_20241108_182955.jpg.jpg,eec89e2d0f1a2c3345e2a09391d11520b841807fae0ded692b040c22ad1c1761
1327,universe,Powdery Mildew,1,White Spot_IMG_20241108_182959.jpg.jpg,Powdery Mildew/White Spot_IMG_20241108_182959.jpg.jpg,9723d89fbf0b928af498ae0b06d350e849f921ad24548ab0d2836a6f2bad8388
1328,universe,Powdery Mildew,1,White Spot_IMG_20241108_183009.jpg.jpg,Powdery Mildew/White Spot_IMG_20241108_183009.jpg.jpg,4ac0cfafdf573cb394bcbf25fc469a3cfd49de7e60ad8d7e6e13b6617b53fc2e
1329,universe,Powdery Mildew,1,White Spot_IMG_20241108_183017.jpg.jpg,Powdery Mildew/White Spot_IMG_20241108_183017.jpg.jpg,5d13e9079709c64e2cf6991265d56037763972ba5a48dcf7e19e2aa71771107a
1330,universe,Powdery Mildew,1,White Spot_IMG_20241108_183024.jpg.jpg,Powdery Mildew/White Spot_IMG_20241108_183024.jpg.jpg,4dcba62c6a0dfbf294e1c0dd6251c47f11492b20c6b2c2352d50e6aaf36058d8
1331,universe,Powdery Mildew,1,White Spot_IMG_20241108_183027.jpg.jpg,Powdery Mildew/White Spot_IMG_20241108_183027.jpg.jpg,7f5c52a4fa47a62c36fe0a097d55f634956e133ae79a210994c6b1f55c2d5f08
1332,universe,Powdery Mildew,1,White Spot_IMG_20241108_183037.jpg.jpg,Powdery Mildew/White Spot_IMG_20241108_183037.jpg.jpg,6682d6b5013ac9f000978cb26eccbabc395a958e207d9efabad2603fefcfdda3
1333,universe,Powdery Mildew,1,White Spot_IMG_20241108_183046.jpg.jpg,Powdery Mildew/White Spot_IMG_20241108_183046.jpg.jpg,01ca9c9473edfe05846c13bcac04ecfa19414fc0ea2ab2265a4f5eead9ac4f1c
1334,universe,Powdery Mildew,1,White Spot_IMG_20241108_183049.jpg.jpg,Powdery Mildew/White Spot_IMG_20241108_183049.jpg.jpg,96c3cade696158cae058689069fd155a4d6d9fb1c6801af073c2d3f7254bfe1d
1335,universe,Powdery Mildew,1,White Spot_IMG_20241108_183054.jpg.jpg,Powdery Mildew/White Spot_IMG_20241108_183054.jpg.jpg,a0751aed0e8f2986d94853800aff35ac1a5d90b43dda8ec0414213e6348af035
1336,universe,Powdery Mildew,1,White Spot_IMG_20241108_183107.jpg.jpg,Powdery Mildew/White Spot_IMG_20241108_183107.jpg.jpg,bf5cf34b788b0706712f090f938e8fa8fe8cd1370ecc2ad9ae711ea022635551
1337,universe,Powdery Mildew,1,White Spot_IMG_20241108_183110.jpg.jpg,Powdery Mildew/White Spot_IMG_20241108_183110.jpg.jpg,754afcd2317f944a54dd99d33fc4eab9e7da3cf3a1e62ec41b60aaf007a65749
1338,universe,Powdery Mildew,1,White Spot_IMG_20241108_183118.jpg.jpg,Powdery Mildew/White Spot_IMG_20241108_183118.jpg.jpg,c5d4796bbd950ca467b3ec0cbfa51eaf1c6eafabb81ace233750db0059b63f1d
1339,universe,Powdery Mildew,1,White Spot_IMG_20241108_183124.jpg.jpg,Powdery Mildew/White Spot_IMG_20241108_183124.jpg.jpg,9bf11e4e1ed6666cf41745b107eb9178a137de807bf0b2257bb2bd337ee07f0f
1340,universe,Powdery Mildew,1,White Spot_IMG_20241108_183139.jpg.jpg,Powdery Mildew/White Spot_IMG_20241108_183139.jpg.jpg,4212d4f9d9dabcc0a575c6660bc53f6bb9c8df3192b390f1ff644b4fd29d4818
1341,universe,Powdery Mildew,1,White Spot_IMG_20241108_183143.jpg.jpg,Powdery Mildew/White Spot_IMG_20241108_183143.jpg.jpg,34bc8cecc7e578a84948489ffb90327541d972eb460bccd7a3fcbcd22f4c5e55
1342,universe,Powdery Mildew,1,White Spot_IMG_20241108_183151.jpg.jpg,Powdery Mildew/White Spot_IMG_20241108_183151.jpg.jpg,02b838a5e15c2d0923de9c16944199b4078d92f2a97eb50ad22e0fc66f916c8c
1343,universe,Powdery Mildew,1,White Spot_IMG_20241108_183203.jpg.jpg,Powdery Mildew/White Spot_IMG_20241108_183203.jpg.jpg,0d5c0b5b5146bf4e02bfe2ab554395606cb8f7e6470e7137495c57b5864c7da9
1344,universe,Powdery Mildew,1,White Spot_IMG_20241108_183215.jpg.jpg,Powdery Mildew/White Spot_IMG_20241108_183215.jpg.jpg,8909f0c5bf4c9447aa43103611b913495d222787ad3e566232325067a3e9e80d
1345,universe,Powdery Mildew,1,White Spot_IMG_20241108_183224.jpg.jpg,Powdery Mildew/White Spot_IMG_20241108_183224.jpg.jpg,6c057d4e5850bc83e61cc7ecc279f0c704dd8419af4e430b45a127c010ac3f0d
1346,universe,Powdery Mildew,1,White Spot_IMG_20241108_183232.jpg.jpg,Powdery Mildew/White Spot_IMG_20241108_183232.jpg.jpg,7ebed32292945b16eb04ccf1a80c69800394db09d08b66e15f0542c845b56dbb
1347,universe,Powdery Mildew,1,White Spot_IMG_20241108_183238.jpg.jpg,Powdery Mildew/White Spot_IMG_20241108_183238.jpg.jpg,d25a04fa1bb046f8aa9c824147a551d6a78abc874317fa5682acb958256bed9d
1348,universe,Powdery Mildew,1,White Spot_IMG_20241108_183243.jpg.jpg,Powdery Mildew/White Spot_IMG_20241108_183243.jpg.jpg,23aeed78931c2c9e4baaf2e9753b03ee03fe328cff7d7fe57b8dc9a9792b8713
1349,universe,Powdery Mildew,1,White Spot_IMG_20241108_183255.jpg.jpg,Powdery Mildew/White Spot_IMG_20241108_183255.jpg.jpg,36791780318ec3332767349a1377a3196a1f8b2310894b86980b11fe24530165
1350,universe,Powdery Mildew,1,White Spot_IMG_20241108_183258.jpg.jpg,Powdery Mildew/White Spot_IMG_20241108_183258.jpg.jpg,14b5fe1d86a577dfacd674913010d7d9ac21983f1440d89a342175d1a092a533
1351,universe,Powdery Mildew,1,White Spot_IMG_20241108_183302.jpg.jpg,Powdery Mildew/White Spot_IMG_20241108_183302.jpg.jpg,9d36957292a875e3d364ecf24e8f7a05a95995ce87dd46aeec9a85b13025d976
1352,universe,Powdery Mildew,1,White Spot_IMG_20241108_183307.jpg.jpg,Powdery Mildew/White Spot_IMG_20241108_183307.jpg.jpg,0ab9a4de5fb44fd63dd972d37c9de6641ccb8e346e0fb7f52b3092432d876045
1353,universe,Powdery Mildew,1,White Spot_IMG_20241108_183321.jpg.jpg,Powdery Mildew/White Spot_IMG_20241108_183321.jpg.jpg,155575cbcb96f5e8c836f728bc49c679b2d2d5776ed1a23b7bf4bd6e18d0b8a2
1354,universe,Powdery Mildew,1,White Spot_IMG_20241108_183325.jpg.jpg,Powdery Mildew/White Spot_IMG_20241108_183325.jpg.jpg,4491667969bc19f760e38cc263521ee628aaf985e1bdede2f5449338ff0c73cd
1355,universe,Powdery Mildew,1,White Spot_IMG_20241108_183330.jpg.jpg,Powdery Mildew/White Spot_IMG_20241108_183330.jpg.jpg,9d4efebc59d0f97a3ee34a4c5042c8870291a745c2a996289e439189ec85b4d3
1356,universe,Powdery Mildew,1,White Spot_IMG_20241108_183335.jpg.jpg,Powdery Mildew/White Spot_IMG_20241108_183335.jpg.jpg,a91ba996f91d54459f3a599a0337e287841b1d4d62bf92de4ef909ed201881cd
1357,universe,Powdery Mildew,1,White Spot_IMG_20241108_183340.jpg.jpg,Powdery Mildew/White Spot_IMG_20241108_183340.jpg.jpg,f4bde340bb238bcf8d103c8c0ea986a55e077a1670c837527b58a03e83687963
1358,universe,Powdery Mildew,1,White Spot_IMG_20241108_183347.jpg.jpg,Powdery Mildew/White Spot_IMG_20241108_183347.jpg.jpg,8d83b61e82a45679de4ca582e51583c68bec80d339a9913eef4d3e6429cbb654
1359,universe,Powdery Mildew,1,White Spot_IMG_20241108_183353.jpg.jpg,Powdery Mildew/White Spot_IMG_20241108_183353.jpg.jpg,0ac098140706627ef8569c671894d186e31fa2d6c3f09d963e1d7f83e8451b97
1360,universe,Powdery Mildew,1,White Spot_IMG_20241108_183357.jpg.jpg,Powdery Mildew/White Spot_IMG_20241108_183357.jpg.jpg,8ad373a503f5db46a7e4dc192cfe917640dcd7a134f4f3d698fcd244ee62323b
1361,universe,Powdery Mildew,1,White Spot_IMG_20241108_183405.jpg.jpg,Powdery Mildew/White Spot_IMG_20241108_183405.jpg.jpg,fb2cde7fea54d59aabe104d30342c00d1d7d5152ec66a2691961de2b6222d897
1362,universe,Powdery Mildew,1,White Spot_IMG_20241108_183410.jpg.jpg,Powdery Mildew/White Spot_IMG_20241108_183410.jpg.jpg,ced915a26bb983daa0d23179a4b87c15363176ef6e6984e8261d2eff53c550f5
1363,universe,Powdery Mildew,1,White Spot_IMG_20241108_183416.jpg.jpg,Powdery Mildew/White Spot_IMG_20241108_183416.jpg.jpg,f3e023311bc0a504024494a48060c6aaa7920250be4292e9bfe29d2625c2d91f
1364,universe,Powdery Mildew,1,White Spot_IMG_20241108_183430_1.jpg.jpg,Powdery Mildew/White Spot_IMG_20241108_183430_1.jpg.jpg,81afec86ef6ae9e9939dd6fdcdbbd875148af4d233b8b01e216cbfa08a544976
1365,universe,Powdery Mildew,1,White Spot_IMG_20241108_183439.jpg.jpg,Powdery Mildew/White Spot_IMG_20241108_183439.jpg.jpg,1236cea4f46104e351f3db2273c436829425092579e6501e52f942cc55e122e9
1366,universe,Powdery Mildew,1,White Spot_IMG_20241108_183445.jpg.jpg,Powdery Mildew/White Spot_IMG_20241108_183445.jpg.jpg,ea99957edfe128d25b9d147d2f542245b7029af387aa6e9dbba7b4e35c4c40a4
1367,universe,Powdery Mildew,1,White Spot_IMG_20241108_183501.jpg.jpg,Powdery Mildew/White Spot_IMG_20241108_183501.jpg.jpg,734fc78a4434155ecf2b73c1084bbb8a30f69980f8c69251ee1bd43c995b10f9
1368,universe,Powdery Mildew,1,White Spot_IMG_20241108_183505.jpg.jpg,Powdery Mildew/White Spot_IMG_20241108_183505.jpg.jpg,a787a74b643cccb4cc2c6aa7e71062b99988f65363a6eada8f4ce8aa42a713ac
1369,universe,Powdery Mildew,1,White Spot_IMG_20241108_183509.jpg.jpg,Powdery Mildew/White Spot_IMG_20241108_183509.jpg.jpg,2df6f7f3bee351dde892d6521179b5425206048255d84e5f8b751a230c610150
1370,universe,Powdery Mildew,1,White Spot_IMG_20241108_183513.jpg.jpg,Powdery Mildew/White Spot_IMG_20241108_183513.jpg.jpg,895c665e2f83a631845de16b389867f3bd323f701635ccf0c44e496ebdf3078c
1371,universe,Powdery Mildew,1,White Spot_IMG_20241108_183517.jpg.jpg,Powdery Mildew/White Spot_IMG_20241108_183517.jpg.jpg,5107b4f9fe91dd15a38019cae613c68b964edc1e691ed03435fe58287e594736
1372,universe,Powdery Mildew,1,White Spot_IMG_20241108_183522.jpg.jpg,Powdery Mildew/White Spot_IMG_20241108_183522.jpg.jpg,9bc8544e78b0001e53124812a9f93199bdacb64abd98cae7e79b3d175eefe94b
1373,universe,Powdery Mildew,1,White Spot_IMG_20241108_183536.jpg.jpg,Powdery Mildew/White Spot_IMG_20241108_183536.jpg.jpg,82b94dbd8d495fe1f92be2289e3dc9cb88b23cfd6a8ec35ebc75798d7f76bb8d
1374,universe,Powdery Mildew,1,White Spot_IMG_20241108_183539.jpg.jpg,Powdery Mildew/White Spot_IMG_20241108_183539.jpg.jpg,f9c169d707fc1995ae575700a246c9150453d56d56bf722d5ef565f2ffe9032f
1375,universe,Powdery Mildew,1,White Spot_IMG_20241108_183543.jpg.jpg,Powdery Mildew/White Spot_IMG_20241108_183543.jpg.jpg,7d5d5a0cc2cf650c4fc65bb2cd785aada943b38a6ee28fc4ee2831cda5fd818b
1376,universe,Powdery Mildew,1,White Spot_IMG_20241108_183547.jpg.jpg,Powdery Mildew/White Spot_IMG_20241108_183547.jpg.jpg,ccae0873e541ecafeb93919c7cae4b844b95c2a2a65e789b279b15951e423c0e
1377,universe,Powdery Mildew,1,White Spot_IMG_20241108_183555.jpg.jpg,Powdery Mildew/White Spot_IMG_20241108_183555.jpg.jpg,97a26a294d9166e1c1ac04e81662055977087c0866c0b4fe1270463041229c9b
1378,universe,Powdery Mildew,1,White Spot_IMG_20241108_183559.jpg.jpg,Powdery Mildew/White Spot_IMG_20241108_183559.jpg.jpg,d43e6053461de7cf1e3126bb9051774ca34a020e9b4223a38d354b87a56b6fb1
1379,universe,Powdery Mildew,1,White Spot_IMG_20241108_183606.jpg.jpg,Powdery Mildew/White Spot_IMG_20241108_183606.jpg.jpg,93f6c433c87ec888006602148a69566ab60c05f3441d520668e6610824188ca3
1380,universe,Powdery Mildew,1,White Spot_IMG_20241108_183609.jpg.jpg,Powdery Mildew/White Spot_IMG_20241108_183609.jpg.jpg,ca3e33248f8ccdf6b2e294c71450d7bae0f9269a5744d1a48793bf4e1662ff79
1381,universe,Powdery Mildew,1,White Spot_IMG_20241108_183619.jpg.jpg,Powdery Mildew/White Spot_IMG_20241108_183619.jpg.jpg,f264767008a5c7207237f4eeb8f83e2b700b9e814ea5797a1d3e01bad8c26ba9
1382,universe,Powdery Mildew,1,White Spot_IMG_20241108_183627.jpg.jpg,Powdery Mildew/White Spot_IMG_20241108_183627.jpg.jpg,e62e82272c22022ec14fbbda55566e8502048207af6bb49dcfdb9eddf98d5208
1383,universe,Powdery Mildew,1,White Spot_IMG_20241108_183635.jpg.jpg,Powdery Mildew/White Spot_IMG_20241108_183635.jpg.jpg,4b77d0ee1b2eaa0c5bfe40468c6fa4e07e82a0e67ed3d1b05250aa7b7402baa5
1384,universe,Powdery Mildew,1,White Spot_IMG_20241108_183638.jpg.jpg,Powdery Mildew/White Spot_IMG_20241108_183638.jpg.jpg,8e03b65cd7d01422122e96f8d54064b4291ad2b261862ca4edc176b4fe225299
1385,universe,Powdery Mildew,1,White Spot_IMG_20241108_183644.jpg.jpg,Powdery Mildew/White Spot_IMG_20241108_183644.jpg.jpg,26830d745faa5cf0bfaf7a0f84c926d9e59a3040b13689aa7aa53b325973debb
1386,universe,Powdery Mildew,1,White Spot_IMG_20241108_183646.jpg.jpg,Powdery Mildew/White Spot_IMG_20241108_183646.jpg.jpg,b432926de81dbc7b7546f43323e49c89737b9511dfe053350d15b38f3774a99e
1387,universe,Powdery Mildew,1,White Spot_IMG_20241108_183650.jpg.jpg,Powdery Mildew/White Spot_IMG_20241108_183650.jpg.jpg,0cd387fbee7a2630149a60394de4503e4fbd824711a30602b082147aec4d78d3
1388,universe,Powdery Mildew,1,White Spot_IMG_20241108_183654.jpg.jpg,Powdery Mildew/White Spot_IMG_20241108_183654.jpg.jpg,2d87533a4566dd5649e86fdd738c92f4f09792c36418fb170fb437c839f57a44
1389,universe,Powdery Mildew,1,White Spot_IMG_20241108_183659.jpg.jpg,Powdery Mildew/White Spot_IMG_20241108_183659.jpg.jpg,c067363cd124e6e03d4e924993490f8748c019fbbb9ea90ad33ffe40ff869bf2
1390,universe,Powdery Mildew,1,White Spot_IMG_20241108_183706.jpg.jpg,Powdery Mildew/White Spot_IMG_20241108_183706.jpg.jpg,14f5a012bb818d5d52e2333c718aa9a31e1637686091848f5cb120472e7966f9
1391,universe,Powdery Mildew,1,White Spot_IMG_20241108_183719.jpg.jpg,Powdery Mildew/White Spot_IMG_20241108_183719.jpg.jpg,76a011f312b5434c26df9c80b68fe615ced3964b86c4080f94e2ed41f6243b58
1392,universe,Powdery Mildew,1,White Spot_IMG_20241108_183725.jpg.jpg,Powdery Mildew/White Spot_IMG_20241108_183725.jpg.jpg,5303319be2b63e16af00bbd6697354442715056648e969fcfb5c27bd771dcb56
1393,universe,Powdery Mildew,1,White Spot_IMG_20241108_183730.jpg.jpg,Powdery Mildew/White Spot_IMG_20241108_183730.jpg.jpg,ad61482a80528dd85ccba1cdc644b430ea72d274c98fbe4136e224c47ae2ce45
1394,universe,Powdery Mildew,1,White Spot_IMG_20241108_183734.jpg.jpg,Powdery Mildew/White Spot_IMG_20241108_183734.jpg.jpg,e1c01c7d7f7ca3a902cdb0b45ee29336406f35f9fc619ca0328aa98605a10011
1395,universe,Powdery Mildew,1,White Spot_IMG_20241108_183742.jpg.jpg,Powdery Mildew/White Spot_IMG_20241108_183742.jpg.jpg,dffb4594ba84f813e5d7c0a78cc6b066388f343674f1a7e0b981b1af3d2efcb5
1396,universe,Powdery Mildew,1,White Spot_IMG_20241108_183745.jpg.jpg,Powdery Mildew/White Spot_IMG_20241108_183745.jpg.jpg,5cb0c466c278e10bdf2799d97dce76fb383b59b73a761214595e9a04ee109929
1397,universe,Powdery Mildew,1,White Spot_IMG_20241108_183754.jpg.jpg,Powdery Mildew/White Spot_IMG_20241108_183754.jpg.jpg,c312bb22698431e4b983c7530804fe48c9778bc878e5f6ed76cd3a7e87383ce8
1398,universe,Powdery Mildew,1,White Spot_IMG_20241108_183801.jpg.jpg,Powdery Mildew/White Spot_IMG_20241108_183801.jpg.jpg,6fa0bd76866caa12784ec26cbd8d8852e01eb0bf8bfd0894ee711cef7a7ca2db
1399,universe,Powdery Mildew,1,White Spot_IMG_20241108_183803.jpg.jpg,Powdery Mildew/White Spot_IMG_20241108_183803.jpg.jpg,a0037b0b3efb96497b4a2593def232ef0956484a202904b2eb6c013c2fcce26f
1400,universe,Powdery Mildew,1,White Spot_IMG_20241108_183807.jpg.jpg,Powdery Mildew/White Spot_IMG_20241108_183807.jpg.jpg,748c803fd602fdb7f94629abd976bca08edc2d343072ea068f43e561d3e60988
1401,universe,Powdery Mildew,1,White Spot_IMG_20241108_183809.jpg.jpg,Powdery Mildew/White Spot_IMG_20241108_183809.jpg.jpg,632a12dd2770e35bbde4843889c8b49d9a72110d9d897ec265ad354808671460
1402,universe,Powdery Mildew,1,White Spot_IMG_20241108_183841.jpg.jpg,Powdery Mildew/White Spot_IMG_20241108_183841.jpg.jpg,50d583d206bb747eb867bd0a183321baa7a615d15008150abfd5edb9fb597c21
1403,universe,Powdery Mildew,1,White Spot_IMG_20241108_183849.jpg.jpg,Powdery Mildew/White Spot_IMG_20241108_183849.jpg.jpg,c990658b36086a92f59ddc35696834d934b18302479ddb1289b8c1f64ab534ce
1404,universe,Powdery Mildew,1,White Spot_IMG_20241108_183904.jpg.jpg,Powdery Mildew/White Spot_IMG_20241108_183904.jpg.jpg,913b830c524420d271dda654f73379ff4595b80ef8d511c5cef4330a2f675659
1405,universe,Powdery Mildew,1,White Spot_IMG_20241108_183906.jpg.jpg,Powdery Mildew/White Spot_IMG_20241108_183906.jpg.jpg,d528e8068a72acc7df65cd7953d8b827cb86dcba5ff1d347e1a16b44287b6b83
1406,universe,Powdery Mildew,1,White Spot_IMG_20241108_183908.jpg.jpg,Powdery Mildew/White Spot_IMG_20241108_183908.jpg.jpg,e2fc0c418793fbdf95f062d5b0a98f0c58adf9f5db8be5beb75b1918d0d22d4e
1407,universe,Powdery Mildew,1,White Spot_IMG_20241108_183918.jpg.jpg,Powdery Mildew/White Spot_IMG_20241108_183918.jpg.jpg,9f5964fae798c771704d133451d154aa6549275662bcaa8cbab1f5e412b1907a
1408,universe,Powdery Mildew,1,White Spot_IMG_20241108_183923.jpg.jpg,Powdery Mildew/White Spot_IMG_20241108_183923.jpg.jpg,7f93df44354d0f8c27029cec87a05801251c8316f4a4f5f7df040ab8a158e88b
1409,universe,Powdery Mildew,1,White Spot_IMG_20241108_183926.jpg.jpg,Powdery Mildew/White Spot_IMG_20241108_183926.jpg.jpg,9ed518c085643b014661a10d3ba8d5e26970bee9a8c1e002f2af61684ce6460b
1410,universe,Powdery Mildew,1,White Spot_IMG_20241108_183929.jpg.jpg,Powdery Mildew/White Spot_IMG_20241108_183929.jpg.jpg,e131ec8de4062f83fc84c4bbb62cad9ad8d0770349da41c93f88cf8cdc8c7c87
1411,universe,Powdery Mildew,1,White Spot_IMG_20241108_183935.jpg.jpg,Powdery Mildew/White Spot_IMG_20241108_183935.jpg.jpg,e2717025d45b4a14ea43958f04079e5341bdb880735cafe431c13707fa68ba4b
1412,universe,Powdery Mildew,1,White Spot_IMG_20241108_183938.jpg.jpg,Powdery Mildew/White Spot_IMG_20241108_183938.jpg.jpg,b233abbd88bb9d7dd58a740585bee937e4bb35a3fb4a235d27793c3677cbc7a8
1413,universe,Powdery Mildew,1,White Spot_IMG_20241108_183941.jpg.jpg,Powdery Mildew/White Spot_IMG_20241108_183941.jpg.jpg,c88b9b6f996eaee893bfd4b01442eb73709d7e664cf9b1f685d2e31e9832ed6f
1414,universe,Powdery Mildew,1,White Spot_IMG_20241108_183948.jpg.jpg,Powdery Mildew/White Spot_IMG_20241108_183948.jpg.jpg,c7540a9f8b6fa1f2a8564d03e35d2bf3ccf2ff6e48e796b908cbb07cb09b544e
1415,universe,Powdery Mildew,1,White Spot_IMG_20241108_183951.jpg.jpg,Powdery Mildew/White Spot_IMG_20241108_183951.jpg.jpg,469cc84df9df795d3ee405c84fb5e2bbc56f7358811ae48b8a18c3936fc268d8
1416,universe,Powdery Mildew,1,White Spot_IMG_20241108_183954.jpg.jpg,Powdery Mildew/White Spot_IMG_20241108_183954.jpg.jpg,673b89ef096fd5a05de9693e46ee33cff3ca3003a6eba22e24682f8dbb0a69b7
1417,universe,Powdery Mildew,1,White Spot_IMG_20241108_183958.jpg.jpg,Powdery Mildew/White Spot_IMG_20241108_183958.jpg.jpg,b1e51ed541f2f9b1af06b1699822dad121aa14ba938aa0c368a970801a3f6e36
1418,universe,Powdery Mildew,1,White Spot_IMG_20241108_184004.jpg.jpg,Powdery Mildew/White Spot_IMG_20241108_184004.jpg.jpg,bfbe7d29470f68cc93d617df52d47b0717865bf3e4e14866b56aad6c90bff63b
1419,universe,Powdery Mildew,1,White Spot_IMG_20241108_184006.jpg.jpg,Powdery Mildew/White Spot_IMG_20241108_184006.jpg.jpg,d663a9e32da9ab0e68c4c76957fd78f03a3400a18a50ce8775bb160b7305821f
1420,universe,Powdery Mildew,1,White Spot_IMG_20241108_184016.jpg.jpg,Powdery Mildew/White Spot_IMG_20241108_184016.jpg.jpg,7ccb0e15b6c55376e62c12d991744620c80abba903091e07cc117ffe4714be87
1421,universe,Powdery Mildew,1,White Spot_IMG_20241108_184022.jpg.jpg,Powdery Mildew/White Spot_IMG_20241108_184022.jpg.jpg,9a55b15ca79abd700bf068d0505bffc054658ac1356a507c741fe4ac6c9159c6
1422,universe,Powdery Mildew,1,White Spot_IMG_20241108_184025.jpg.jpg,Powdery Mildew/White Spot_IMG_20241108_184025.jpg.jpg,a07631a7529accf8856d91bef6b6769a93a8f74bb4435634c7d6907eff1f9406
1423,universe,Powdery Mildew,1,White Spot_IMG_20241108_184034.jpg.jpg,Powdery Mildew/White Spot_IMG_20241108_184034.jpg.jpg,001e305724ee4e7afc91628948449de49809a8b514a5db958878b53e75bc51ac
1424,universe,Powdery Mildew,1,White Spot_IMG_20241108_184045.jpg.jpg,Powdery Mildew/White Spot_IMG_20241108_184045.jpg.jpg,fee6feb78daf4fe3c88e43794d927da31a5e94e0f5e73f41ca59bc82f00c6f5a
1425,universe,Powdery Mildew,1,White Spot_IMG_20241108_184048.jpg.jpg,Powdery Mildew/White Spot_IMG_20241108_184048.jpg.jpg,4a4679bea7b9e030d5baae25ff148e68c189c7e48655f107e3e3d6055ef145f6
1426,universe,Powdery Mildew,1,White Spot_IMG_20241108_184057.jpg.jpg,Powdery Mildew/White Spot_IMG_20241108_184057.jpg.jpg,6058c2a0b597206177b0e8299265a498516aeb6ce5852a57736a233ba15de7cd
1427,universe,Powdery Mildew,1,White Spot_IMG_20241108_184100.jpg.jpg,Powdery Mildew/White Spot_IMG_20241108_184100.jpg.jpg,3fcc2ce306d03f4f2750de34e61b231ecb8bfc69a297250958b5dcbc0d0efc54
1428,universe,Powdery Mildew,1,White Spot_IMG_20241108_184106.jpg.jpg,Powdery Mildew/White Spot_IMG_20241108_184106.jpg.jpg,96b37fcfa02a54d310676a2610cedafa44bdadbe3bfda2936327f2c2d219a5b7
1429,universe,Powdery Mildew,1,White Spot_IMG_20241108_184108.jpg.jpg,Powdery Mildew/White Spot_IMG_20241108_184108.jpg.jpg,fa9c772b79f4a405be0200b28184b115461ffb330cc1d935e9ae1c95b6ded7be
1430,universe,Powdery Mildew,1,White Spot_IMG_20241108_184112.jpg.jpg,Powdery Mildew/White Spot_IMG_20241108_184112.jpg.jpg,a41858519317ad195a42acacff193f598e913cc8cfc6512a2cbea9f1bf2ace3d
1431,universe,Powdery Mildew,1,White Spot_IMG_20241108_184116.jpg.jpg,Powdery Mildew/White Spot_IMG_20241108_184116.jpg.jpg,616088a89a8d0903ac952a9b31b69524364e9a958f6089e88f7713da9bf14153
1432,universe,Powdery Mildew,1,White Spot_IMG_20241108_184122.jpg.jpg,Powdery Mildew/White Spot_IMG_20241108_184122.jpg.jpg,bb9352600309071b33d8ac3cb5541d7d0fd562c7a0faa5110d8d2fa6f80a0787
1433,universe,Powdery Mildew,1,White Spot_IMG_20241108_184126.jpg.jpg,Powdery Mildew/White Spot_IMG_20241108_184126.jpg.jpg,8d5dc1e52591b0d75300c9dd42bc625710ad7a91e221fa870454631fa468c439
1434,universe,Powdery Mildew,1,White Spot_IMG_20241108_184132.jpg.jpg,Powdery Mildew/White Spot_IMG_20241108_184132.jpg.jpg,5af5e6422aa01b9e0f70b311bfe1ed5164ce312f33a27ba448f4b2b5bdadcc2c
1435,universe,Powdery Mildew,1,White Spot_IMG_20241108_184136.jpg.jpg,Powdery Mildew/White Spot_IMG_20241108_184136.jpg.jpg,6ab94f76b5ed6b746d3491f7d412051b23a9f096f67476db7c6a382b92f05732
1436,universe,Powdery Mildew,1,White Spot_IMG_20241108_184139.jpg.jpg,Powdery Mildew/White Spot_IMG_20241108_184139.jpg.jpg,09eae370e9be1f4343ec530fc7a60a927928e670330237321294bedadbc3c9cc
1437,universe,Powdery Mildew,1,White Spot_IMG_20241108_184146.jpg.jpg,Powdery Mildew/White Spot_IMG_20241108_184146.jpg.jpg,47329a22454aa150b4d87dfb673a5820b70c39f226487c48455b45a8d5a3ba52
1438,universe,Powdery Mildew,1,White Spot_IMG_20241108_184152.jpg.jpg,Powdery Mildew/White Spot_IMG_20241108_184152.jpg.jpg,ae55f4ba03ce6141adb75e3510e071aee783716c85b7d6bb0203a7bb036e576c
1439,universe,Powdery Mildew,1,White Spot_IMG_20241108_184156.jpg.jpg,Powdery Mildew/White Spot_IMG_20241108_184156.jpg.jpg,1da027f2f2af65a60eddb636fa1cc27739ba731d8250760ca2c9cb80804d915b
1440,universe,Powdery Mildew,1,White Spot_IMG_20241108_184159.jpg.jpg,Powdery Mildew/White Spot_IMG_20241108_184159.jpg.jpg,85bcb784001d11b0ff69f40e77ec12d91d3e2c905b7d53249338de75d9c8e8d3
1441,universe,Powdery Mildew,1,White Spot_IMG_20241108_184205.jpg.jpg,Powdery Mildew/White Spot_IMG_20241108_184205.jpg.jpg,8ea709c4f41306339edbb6834f2dea83ae40e447eaa5a1d80d23187417e41893
1442,universe,Powdery Mildew,1,White Spot_IMG_20241108_184210.jpg.jpg,Powdery Mildew/White Spot_IMG_20241108_184210.jpg.jpg,28695fa029405a7326de231cc41ce72709e6fe6956c288082b78e731fd639a25
1443,universe,Powdery Mildew,1,White Spot_IMG_20241108_184214.jpg.jpg,Powdery Mildew/White Spot_IMG_20241108_184214.jpg.jpg,ded0cd4d6ee303b8a37d3bacdcbe20be72d58af723d52fa7e92edeff66aff14b
1444,universe,Powdery Mildew,1,White Spot_IMG_20241108_184227.jpg.jpg,Powdery Mildew/White Spot_IMG_20241108_184227.jpg.jpg,a3909a266a72f1d3030f4eab4cea74ceab16bfccd0a7ba9c6c9c8cd711d7613c
1445,universe,Powdery Mildew,1,White Spot_IMG_20241108_184231.jpg.jpg,Powdery Mildew/White Spot_IMG_20241108_184231.jpg.jpg,85656bcf4e83c49c9bce4c97ef3dc7854acbe62e09c717947feea234dc620031
1446,universe,Powdery Mildew,1,White Spot_IMG_20241108_184238.jpg.jpg,Powdery Mildew/White Spot_IMG_20241108_184238.jpg.jpg,6b8e0188fb646b1dfb44d67c51b9bd12885245a16dd5a707fdf890605c8c8b29
1447,universe,Powdery Mildew,1,White Spot_IMG_20241108_184242.jpg.jpg,Powdery Mildew/White Spot_IMG_20241108_184242.jpg.jpg,160dcc4f8b56d54901c0b47d85fefdc055a44a6c500b626166323299a5e845df
1448,universe,Powdery Mildew,1,White Spot_IMG_20241108_184245.jpg.jpg,Powdery Mildew/White Spot_IMG_20241108_184245.jpg.jpg,f67849eb56a47c1cfb4087980c2b1f3565297b8c36eb4ca025f16a803423e948
1449,universe,Powdery Mildew,1,White Spot_IMG_20241108_184256.jpg.jpg,Powdery Mildew/White Spot_IMG_20241108_184256.jpg.jpg,98c1ddcf79b572fcf44b195aae9a2f5cea5819d8226a22f5010e956828f86dae
1450,universe,Powdery Mildew,1,White Spot_IMG_20241108_184300.jpg.jpg,Powdery Mildew/White Spot_IMG_20241108_184300.jpg.jpg,ccbf3d1c5bd7c372a4f873e34bd4077c94e872c5638621cb798c1ed27f03e9b7
1451,universe,Powdery Mildew,1,White Spot_IMG_20241108_184303.jpg.jpg,Powdery Mildew/White Spot_IMG_20241108_184303.jpg.jpg,bd5e1897158f185ff0e77248351afe2695ab8c528afab56e833885ae62435bdc
1452,universe,Powdery Mildew,1,White Spot_IMG_20241108_184307.jpg.jpg,Powdery Mildew/White Spot_IMG_20241108_184307.jpg.jpg,3d095e6d5a86967fc58dc2a17f2181e5c98d363bd64ce6722a4cedd8338b6b87
1453,universe,Powdery Mildew,1,White Spot_IMG_20241108_184314.jpg.jpg,Powdery Mildew/White Spot_IMG_20241108_184314.jpg.jpg,68caa6ec8f2507112f3bf671a043dbb29731efa4f6542da4c67f701ccf572e61
1454,universe,Powdery Mildew,1,White Spot_IMG_20241108_184318.jpg.jpg,Powdery Mildew/White Spot_IMG_20241108_184318.jpg.jpg,d88c586dc6781d6c80b08bc4b10a3cadc1ee699ae2b1de158e736935b5ea62c2
1455,universe,Powdery Mildew,1,White Spot_IMG_20241108_184321.jpg.jpg,Powdery Mildew/White Spot_IMG_20241108_184321.jpg.jpg,83630a027c41314a1a27bb8531851a0826d4f9d3299e5502fb9bb0f99a3239a8
1456,universe,Powdery Mildew,1,White Spot_IMG_20241108_184327.jpg.jpg,Powdery Mildew/White Spot_IMG_20241108_184327.jpg.jpg,2e79cb3fbb16b19346bf4144808f95a64fecfda495b070b32dd5ffe1fa99516f
1457,universe,Powdery Mildew,1,White Spot_IMG_20241108_184331.jpg.jpg,Powdery Mildew/White Spot_IMG_20241108_184331.jpg.jpg,48edafa1230ad2aaf5fd9d204b761dd9ce014168d2664ae4a543a9701473c4b5
1458,universe,Powdery Mildew,1,White Spot_IMG_20241108_184334.jpg.jpg,Powdery Mildew/White Spot_IMG_20241108_184334.jpg.jpg,d3656510ffa7b5d5e10c74bdc6a5864b2e22c01d7790ffa5bba52e486b2056a5
1459,universe,Powdery Mildew,1,White Spot_IMG_20241108_184337.jpg.jpg,Powdery Mildew/White Spot_IMG_20241108_184337.jpg.jpg,520b4cf375c95b54789228e232ce36a04436c0aad2ff7b8b3aac897e543a4f2e
1460,universe,Powdery Mildew,1,White Spot_IMG_20241108_184342.jpg.jpg,Powdery Mildew/White Spot_IMG_20241108_184342.jpg.jpg,c3546ba4f15e5f9bbac62b3c0a64583836f4091605a519706781fb007a8d4dff
1461,universe,Powdery Mildew,1,White Spot_IMG_20241108_184345.jpg.jpg,Powdery Mildew/White Spot_IMG_20241108_184345.jpg.jpg,526ec338c5f9b61018f6f030a99cd0034c1b58c7dabca47815cb6c23ad4fdc92
1462,universe,Powdery Mildew,1,White Spot_IMG_20241108_184348.jpg.jpg,Powdery Mildew/White Spot_IMG_20241108_184348.jpg.jpg,f47d4f553da2c545b4c301ba8076ae94d9b3fd015b96995193bae5dcdf72be99
1463,universe,Powdery Mildew,1,White Spot_IMG_20241108_184351.jpg.jpg,Powdery Mildew/White Spot_IMG_20241108_184351.jpg.jpg,2f6b59b6111f1980034f3c353e117c83a4871724386a836326bc77d87347f78c
1464,universe,Powdery Mildew,1,White Spot_IMG_20241108_184400.jpg.jpg,Powdery Mildew/White Spot_IMG_20241108_184400.jpg.jpg,4b290d8ce6b8f72b55d9086eaa124e7cb846a7bf0777a9ba944f086861e82e06
1465,universe,Powdery Mildew,1,White Spot_IMG_20241108_184403.jpg.jpg,Powdery Mildew/White Spot_IMG_20241108_184403.jpg.jpg,a1702029876a76bd144bc27f4bdbba0f0a6df3c285c002e389642d3c53fba1d0
1466,universe,Powdery Mildew,1,White Spot_IMG_20241108_184407.jpg.jpg,Powdery Mildew/White Spot_IMG_20241108_184407.jpg.jpg,3c5c790f9b83cad6f9ad47bdefe2a19f77538b8637fc982b435eae78f7bc1108
1467,universe,Powdery Mildew,1,White Spot_IMG_20241108_184413.jpg.jpg,Powdery Mildew/White Spot_IMG_20241108_184413.jpg.jpg,7336b72308b02cbed0ce3d8431df1827103f5603f1e4fe3435bd833b5eff0e13
1468,universe,Powdery Mildew,1,White Spot_IMG_20241108_184422.jpg.jpg,Powdery Mildew/White Spot_IMG_20241108_184422.jpg.jpg,d58f23cbd2b44f692b1f32a4295b2bb32005e503f7cf30886e66915d865b0b8c
1469,universe,Powdery Mildew,1,White Spot_IMG_20241108_184428.jpg.jpg,Powdery Mildew/White Spot_IMG_20241108_184428.jpg.jpg,201c25c4f673ec89a161f3babcc6dd72513429a139ee102291d6267007d57d49
1470,universe,Powdery Mildew,1,White Spot_IMG_20241108_184432.jpg.jpg,Powdery Mildew/White Spot_IMG_20241108_184432.jpg.jpg,d50d885e39b1308ea9f845dfcec5c4333843ce300a2e2835643f37941f7cb371
1471,universe,Powdery Mildew,1,White Spot_IMG_20241108_184437.jpg.jpg,Powdery Mildew/White Spot_IMG_20241108_184437.jpg.jpg,eb3fde3f81316265550dca95cfde799bc818b452eae5bf1287301aff0b3917d9
1472,universe,Powdery Mildew,1,White Spot_IMG_20241108_184440.jpg.jpg,Powdery Mildew/White Spot_IMG_20241108_184440.jpg.jpg,62a78ad97fd7a29140fbd0ac408ab5008684f9f0234c7bd4fb699662040dc13a
1473,universe,Powdery Mildew,1,White Spot_IMG_20241108_184445.jpg.jpg,Powdery Mildew/White Spot_IMG_20241108_184445.jpg.jpg,f1fd0a81fbf095e6cdb24fe866d407d8685dde375c1c80d092ab8c58af54c087
1474,universe,Powdery Mildew,1,White Spot_IMG_20241108_184448.jpg.jpg,Powdery Mildew/White Spot_IMG_20241108_184448.jpg.jpg,3b3b68c1c5e40f3fd376b36db1212b0ec838b0199af1eb9c0dacb9404d01b3e0
1475,universe,Powdery Mildew,1,White Spot_IMG_20241108_184452.jpg.jpg,Powdery Mildew/White Spot_IMG_20241108_184452.jpg.jpg,45f8bc0f7fcfc4e2e860096b22782840de96faa1594b07cb41d0a253af350c3c
1476,universe,Powdery Mildew,1,White Spot_IMG_20241108_184455.jpg.jpg,Powdery Mildew/White Spot_IMG_20241108_184455.jpg.jpg,f1129e065a74e19adb5541fae8266588cba7581aa0e3c80466a665e917be0395
1477,universe,Powdery Mildew,1,White Spot_IMG_20241108_184501.jpg.jpg,Powdery Mildew/White Spot_IMG_20241108_184501.jpg.jpg,7ee641937ca998e67c77e0589081f22e79237ad56a61c68e780fa00a5df3185b
1478,universe,Powdery Mildew,1,White Spot_IMG_20241108_184507.jpg.jpg,Powdery Mildew/White Spot_IMG_20241108_184507.jpg.jpg,3a90ba46d079057e76187cf240979ed3e1546a3e097e54201a8fc8d6c849021c
1479,universe,Powdery Mildew,1,White Spot_IMG_20241108_184511.jpg.jpg,Powdery Mildew/White Spot_IMG_20241108_184511.jpg.jpg,46bf5f2416173ffa701c5f4219ae3e72a568dfedf4bb640e7245c1939d0a7ecd
1480,universe,Powdery Mildew,1,White Spot_IMG_20241108_184516.jpg.jpg,Powdery Mildew/White Spot_IMG_20241108_184516.jpg.jpg,f5d659636353382c4e873932ab550ca9e21300f041d875204b127b07053416c4
1481,universe,Powdery Mildew,1,White Spot_IMG_20241108_184519.jpg.jpg,Powdery Mildew/White Spot_IMG_20241108_184519.jpg.jpg,51878841e773dd82b43a307ea72e18e1fec2eab26da118c8066b9a3b373f9d24
1482,universe,Powdery Mildew,1,White Spot_IMG_20241108_184537.jpg.jpg,Powdery Mildew/White Spot_IMG_20241108_184537.jpg.jpg,af2a819b902eedb1a145b8b91df764c536609890cdfa565f288dbdeedf83091a
1483,universe,Powdery Mildew,1,White Spot_IMG_20241108_184540.jpg.jpg,Powdery Mildew/White Spot_IMG_20241108_184540.jpg.jpg,1a4768b5aff6d100529b37ef2739c88a254a671fec3423d02ba9b99d178a2ece
1484,universe,Powdery Mildew,1,White Spot_IMG_20241108_184550.jpg.jpg,Powdery Mildew/White Spot_IMG_20241108_184550.jpg.jpg,8de6b57345aa349b6d598608c81593c5540d542c6f2850feb9eacb354a1bc300
1485,universe,Powdery Mildew,1,White Spot_IMG_20241108_184553.jpg.jpg,Powdery Mildew/White Spot_IMG_20241108_184553.jpg.jpg,3afae04f5f52041a974a4e1a8e2731e5cc0e74d78c21aa1e89851bfe0739982b
1486,universe,Powdery Mildew,1,White Spot_IMG_20241108_184603.jpg.jpg,Powdery Mildew/White Spot_IMG_20241108_184603.jpg.jpg,8c0136bfd4a989de25420858b0addf3f4240419c7a3c352efa456220e7c21011
1487,universe,Powdery Mildew,1,White Spot_IMG_20241108_184609.jpg.jpg,Powdery Mildew/White Spot_IMG_20241108_184609.jpg.jpg,8612d2b7e073807f5410372655137dfa2255c33c1e10783afa1ff17035a54919
1488,universe,Powdery Mildew,1,White Spot_IMG_20241108_184612.jpg.jpg,Powdery Mildew/White Spot_IMG_20241108_184612.jpg.jpg,be67c586764b746ca43ddd1e2afb5be448fff5ad2cd88b1a65d3d991ccfde36f
1489,universe,Powdery Mildew,1,White Spot_IMG_20241108_184616.jpg.jpg,Powdery Mildew/White Spot_IMG_20241108_184616.jpg.jpg,3dc47145b0b2bf90ba6f3db56bcc64809c82031839db750ed742ad92ba7d6077
1490,universe,Powdery Mildew,1,White Spot_IMG_20241108_184619.jpg.jpg,Powdery Mildew/White Spot_IMG_20241108_184619.jpg.jpg,719b4bde5521ad79ef4fca0226e5749398b6a85ca79ed2d350539c09803cd750
1491,universe,Powdery Mildew,1,White Spot_IMG_20241108_184625.jpg.jpg,Powdery Mildew/White Spot_IMG_20241108_184625.jpg.jpg,5971dec048cb087fc635aa33e13e4e6ebb6a638e5368dc729425c886ad7465f1
1492,universe,Powdery Mildew,1,White Spot_IMG_20241108_184631.jpg.jpg,Powdery Mildew/White Spot_IMG_20241108_184631.jpg.jpg,82e6eab06b594066d555a36ea26d3a4edc61f6a38bff719e1f03e312b46712ec
1493,universe,Powdery Mildew,1,White Spot_IMG_20241108_184635.jpg.jpg,Powdery Mildew/White Spot_IMG_20241108_184635.jpg.jpg,c902a707e8067035703bcbc872406058585b3889567d1a73db58afa0a104e533
1494,universe,Powdery Mildew,1,White Spot_IMG_20241108_184643.jpg.jpg,Powdery Mildew/White Spot_IMG_20241108_184643.jpg.jpg,4aa6134937309dcb07fdcfada69140c0458d428de97ab1859696696187ce4eef
1495,universe,Powdery Mildew,1,White Spot_IMG_20241108_184647.jpg.jpg,Powdery Mildew/White Spot_IMG_20241108_184647.jpg.jpg,ee859949581157618390fc4ae6a5bac132099700341522ba1ce8b39a0872606e
1496,universe,Powdery Mildew,1,White Spot_IMG_20241108_184650.jpg.jpg,Powdery Mildew/White Spot_IMG_20241108_184650.jpg.jpg,3fd1cdde2315effd50bd4fb33c28b31cf1606a3397e7e056242fa4702fe63af3
1497,universe,Powdery Mildew,1,White Spot_IMG_20241108_184653.jpg.jpg,Powdery Mildew/White Spot_IMG_20241108_184653.jpg.jpg,f1fdf56eae9ebb6baac24beabafbe0c0aedee417daa3696a31c437c7c533c543
1498,universe,Powdery Mildew,1,White Spot_IMG_20241108_184704.jpg.jpg,Powdery Mildew/White Spot_IMG_20241108_184704.jpg.jpg,9bd7de8b2a9a62b35660c5583ebc7d07e7a833c50139b777294beb7b6e879ac2
1499,universe,Powdery Mildew,1,White Spot_IMG_20241108_184706.jpg.jpg,Powdery Mildew/White Spot_IMG_20241108_184706.jpg.jpg,d67ef33b5347c9e6af0acd3baf972b50171a891848320b6960bb50a6e12a80e5
1500,universe,Powdery Mildew,1,White Spot_IMG_20241108_184714.jpg.jpg,Powdery Mildew/White Spot_IMG_20241108_184714.jpg.jpg,2c155d655c8dfc03b10eb7cc1a41814ad9ef1e57da7ea366594e1ac4a0353b8e
1501,universe,Powdery Mildew,1,White Spot_IMG_20241108_184721.jpg.jpg,Powdery Mildew/White Spot_IMG_20241108_184721.jpg.jpg,f55375bc893bb16174d5f432c0e9061bbf2b80d648ed51855da860353eb90329
1502,universe,Powdery Mildew,1,White Spot_IMG_20241108_184725.jpg.jpg,Powdery Mildew/White Spot_IMG_20241108_184725.jpg.jpg,894e2c625642662344143a480540074add031e7ec4e13c79fb5367f8ff8298fc
1503,universe,Powdery Mildew,1,White Spot_IMG_20241108_184732.jpg.jpg,Powdery Mildew/White Spot_IMG_20241108_184732.jpg.jpg,bd83ce331341d4ad5494d6e9a98a9d0305a163a1d9b961555ae8315ddfaec74b
1504,universe,Powdery Mildew,1,White Spot_IMG_20241108_184736.jpg.jpg,Powdery Mildew/White Spot_IMG_20241108_184736.jpg.jpg,1f8938f8fc56b8f300caa27017451870d8b93b8cd35c6e26cc1a4071dbf2909d
1505,universe,Powdery Mildew,1,White Spot_IMG_20241108_184740.jpg.jpg,Powdery Mildew/White Spot_IMG_20241108_184740.jpg.jpg,0dfaaa335f8fde73d09e779540023bcc9fb340cd936d53d56dc446e7e8328aeb
1506,universe,Powdery Mildew,1,White Spot_IMG_20241108_184744.jpg.jpg,Powdery Mildew/White Spot_IMG_20241108_184744.jpg.jpg,2e75b27f69e42ff18ddd85961e5c114d3d03bf26233200f4a750f0252ccc9088
1507,universe,Powdery Mildew,1,White Spot_IMG_20241108_184747.jpg.jpg,Powdery Mildew/White Spot_IMG_20241108_184747.jpg.jpg,f1d81dcc7d206baa4ffde0f0684053a4ed19b3b7db0068e0c8e54c4a0429bc35
1508,universe,Powdery Mildew,1,White Spot_IMG_20241108_184749.jpg.jpg,Powdery Mildew/White Spot_IMG_20241108_184749.jpg.jpg,b3772748116ddfa0bd45af701b2f2b3bef629989c4a4d08ad12e4e2f2bf925ad
1509,universe,Powdery Mildew,1,White Spot_IMG_20241108_184758.jpg.jpg,Powdery Mildew/White Spot_IMG_20241108_184758.jpg.jpg,fe2b3849bec90a2f8687d571f25b736f8f69993e2a3a863d9949906598fbd695
1510,universe,Powdery Mildew,1,White Spot_IMG_20241108_184804.jpg.jpg,Powdery Mildew/White Spot_IMG_20241108_184804.jpg.jpg,de09dcc09b9bd0d14b7c5d5187ce7760cf85745ec90c1a1e6dd0755142600835
1511,universe,Powdery Mildew,1,White Spot_IMG_20241108_184812.jpg.jpg,Powdery Mildew/White Spot_IMG_20241108_184812.jpg.jpg,563d163db5751d7ca959721c9b745ae4fa1e922a1a2f127a0fa59559a4585932
1512,universe,Powdery Mildew,1,White Spot_IMG_20241108_184823.jpg.jpg,Powdery Mildew/White Spot_IMG_20241108_184823.jpg.jpg,6704807d1f37f477edbcc9e5f06f4f4ca6f020c707fceb42de058a51641e72fe
1513,universe,Powdery Mildew,1,White Spot_IMG_20241108_184833.jpg.jpg,Powdery Mildew/White Spot_IMG_20241108_184833.jpg.jpg,ccb408c5d80482cc4a58591c1467c0e03b6c24cff27f53bffa1126de19b8b447
1514,universe,Powdery Mildew,1,White Spot_IMG_20241108_184835.jpg.jpg,Powdery Mildew/White Spot_IMG_20241108_184835.jpg.jpg,2aa620628a3c1cf420a564a777b38c2435f125602ce95218780829223342c088
1515,universe,Powdery Mildew,1,White Spot_IMG_20241108_184838.jpg.jpg,Powdery Mildew/White Spot_IMG_20241108_184838.jpg.jpg,0b901d31e650eca821487664f709c5ade8773e7f7603da72b7e32395c0fe69d7
1516,universe,Powdery Mildew,1,White Spot_IMG_20241108_184842.jpg.jpg,Powdery Mildew/White Spot_IMG_20241108_184842.jpg.jpg,4641c53028b6b48291ed1ad5d121edfbb6d6554c4d5c7fed80ae9eeadbe475cb
1517,universe,Powdery Mildew,1,White Spot_IMG_20241108_184846.jpg.jpg,Powdery Mildew/White Spot_IMG_20241108_184846.jpg.jpg,feacd409270242dbd91400f51321c9447ab50d2ffc344fd7994f09298df942a1
1518,universe,Powdery Mildew,1,White Spot_IMG_20241108_184857.jpg.jpg,Powdery Mildew/White Spot_IMG_20241108_184857.jpg.jpg,fd7227b31642c50866384f9209737936fac6333ac14bd1fa005566efe61b9e6c
1519,universe,Powdery Mildew,1,White Spot_IMG_20241108_184903.jpg.jpg,Powdery Mildew/White Spot_IMG_20241108_184903.jpg.jpg,461300e29436ac0c764344a31e4427a4da5b0b6068119b5644e5ee36d5851921
1520,universe,Powdery Mildew,1,White Spot_IMG_20241108_185718.jpg.jpg,Powdery Mildew/White Spot_IMG_20241108_185718.jpg.jpg,0b7f0a9d3b8a3b098378f896b806b4995988ee956b4e9648d891238c10defdee
1521,universe,Powdery Mildew,1,White Spot_IMG_20241108_185725.jpg.jpg,Powdery Mildew/White Spot_IMG_20241108_185725.jpg.jpg,044481d0414cd4d647627a05011eebb6f4b6ef1ec75db1ff0c150332555992f6
1522,universe,Powdery Mildew,1,White Spot_IMG_20241108_185728.jpg.jpg,Powdery Mildew/White Spot_IMG_20241108_185728.jpg.jpg,c520923bfd37f2caa49b4348dfb8bf90178f13cff959da50825cdf2c1492d05d
1523,universe,Powdery Mildew,1,White Spot_IMG_20241108_185732.jpg.jpg,Powdery Mildew/White Spot_IMG_20241108_185732.jpg.jpg,f3b335d1f319effd41ede1fb15da552932f80e7562517c81bf3019ae6572a829
1524,universe,Powdery Mildew,1,White Spot_IMG_20241108_185736.jpg.jpg,Powdery Mildew/White Spot_IMG_20241108_185736.jpg.jpg,511d420daadac34a33d7727c5cd92d2fd8dc6a9c440a41f88ea6ca44da821901
1525,universe,Powdery Mildew,1,White Spot_IMG_20241108_185738.jpg.jpg,Powdery Mildew/White Spot_IMG_20241108_185738.jpg.jpg,ec42ea36d3c58255c5353b686f355157b5cbf84831668afe23a2a9892028a0fe
1526,universe,Powdery Mildew,1,White Spot_IMG_20241108_185746.jpg.jpg,Powdery Mildew/White Spot_IMG_20241108_185746.jpg.jpg,b749f98a094e91a39beef87cefe6743e2454dfabfd98436ab80cb27ab1f5ec52
1527,universe,Powdery Mildew,1,White Spot_IMG_20241108_185755.jpg.jpg,Powdery Mildew/White Spot_IMG_20241108_185755.jpg.jpg,64ac05f28ece834bda5de5b97d4569eec0d087369eb0e19855cb06f905140845
1528,universe,Powdery Mildew,1,White Spot_IMG_20241108_185758.jpg.jpg,Powdery Mildew/White Spot_IMG_20241108_185758.jpg.jpg,57ba6c54cca9da86eab69551762a88faae8013fa21d4a75b536975da2dd8d716
1529,universe,Powdery Mildew,1,White Spot_IMG_20241108_185808.jpg.jpg,Powdery Mildew/White Spot_IMG_20241108_185808.jpg.jpg,a57ed83e75956f9a005a2ba61181507c64221d1289bd48eadcacdb2ddfa3ae80
1530,universe,Powdery Mildew,1,White Spot_IMG_20241108_185812.jpg.jpg,Powdery Mildew/White Spot_IMG_20241108_185812.jpg.jpg,177aa2ced622a36df5e051d8997b552f085e56a4f88e940d9c7ff02c08e63dd9
1531,universe,Powdery Mildew,1,White Spot_IMG_20241108_185815.jpg.jpg,Powdery Mildew/White Spot_IMG_20241108_185815.jpg.jpg,d71693374acd01b97dac47f53de0ebd3c26bc1d38a0c93f00cb4815e058f776c
1532,universe,Powdery Mildew,1,White Spot_IMG_20241108_185821.jpg.jpg,Powdery Mildew/White Spot_IMG_20241108_185821.jpg.jpg,2c8aee9d3c3beec20bdf8a9e7af0b95401cefe7337c81b585f5781c57d1ffd71
1533,universe,Powdery Mildew,1,White Spot_IMG_20241108_185829.jpg.jpg,Powdery Mildew/White Spot_IMG_20241108_185829.jpg.jpg,fba9c6eb4abeade4f5509cb4abb8ac20242285a9367feaef4a9886bb85927ad6
1534,universe,Powdery Mildew,1,White Spot_IMG_20241108_185832.jpg.jpg,Powdery Mildew/White Spot_IMG_20241108_185832.jpg.jpg,d958b6edfcdac330ad3e4424e4b71582a4b5d8b6bd2a82292aa94e18fb858bb9
1535,universe,Powdery Mildew,1,White Spot_IMG_20241108_185835.jpg.jpg,Powdery Mildew/White Spot_IMG_20241108_185835.jpg.jpg,5b0a1e6856bfc4a42c926f746f6694d78db5ca174fe5a5a26448d07623b1cbfa
1536,universe,Powdery Mildew,1,White Spot_IMG_20241108_185845.jpg.jpg,Powdery Mildew/White Spot_IMG_20241108_185845.jpg.jpg,781871795b763f1286e379badf6ee8b41e33b08ca364ca44bb05781c6f0e3f74
1537,universe,Powdery Mildew,1,White Spot_IMG_20241108_185848.jpg.jpg,Powdery Mildew/White Spot_IMG_20241108_185848.jpg.jpg,8fc8d989ba62b5f56504c087e15b397e9510ff2bfd87a860aab0f9f83b9ef38e
1538,universe,Powdery Mildew,1,White Spot_IMG_20241108_185849.jpg.jpg,Powdery Mildew/White Spot_IMG_20241108_185849.jpg.jpg,af6a5c586fb7b283a0d9171b11c4b4c5ac79c06804e20eb80a27e7eac84e8f4d
1539,universe,Powdery Mildew,1,White Spot_IMG_20241108_185853.jpg.jpg,Powdery Mildew/White Spot_IMG_20241108_185853.jpg.jpg,d4bee0dd83231a6079cd356d9c0cd576b97255bab9b6f7257597a563f32bd0bc
1540,universe,Powdery Mildew,1,White Spot_IMG_20241108_185856.jpg.jpg,Powdery Mildew/White Spot_IMG_20241108_185856.jpg.jpg,133c3facb2776391a76834ad25026ce853a82d262b0841d958b3ec4605dcc31d
1541,universe,Powdery Mildew,1,White Spot_IMG_20241108_185858.jpg.jpg,Powdery Mildew/White Spot_IMG_20241108_185858.jpg.jpg,7293ff192555432cf7aabfb5b563ee5ba5380d3275cbe26f630c2ce97174f981
1542,universe,Powdery Mildew,1,White Spot_IMG_20241108_185907.jpg.jpg,Powdery Mildew/White Spot_IMG_20241108_185907.jpg.jpg,68a66903d1ca4b91df0dbf769b904642bd3f7af22437cb3d6f3784b0709eadc4
1543,universe,Powdery Mildew,1,White Spot_IMG_20241108_185911.jpg.jpg,Powdery Mildew/White Spot_IMG_20241108_185911.jpg.jpg,8341ba3f77c4547c5e96a03545fda70a23803fa2cfb0e1baccb8977d690bc02b
1544,universe,Powdery Mildew,1,White Spot_IMG_20241108_185913.jpg.jpg,Powdery Mildew/White Spot_IMG_20241108_185913.jpg.jpg,ab78299f9add49ddd535d351a18335198b45a087a1170161586f014b05858ec8
1545,universe,Powdery Mildew,1,White Spot_IMG_20241108_185917.jpg.jpg,Powdery Mildew/White Spot_IMG_20241108_185917.jpg.jpg,51e4c024e821cff31c031b5773e4e0f0d1cc6e3a449eeba3343db0dcf6d2d761
1546,universe,Powdery Mildew,1,White Spot_IMG_20241108_185920.jpg.jpg,Powdery Mildew/White Spot_IMG_20241108_185920.jpg.jpg,cd010c02c63e8e9e38732890148f580877b7aa0ba5b7570e7f2bb5b57273b639
1547,universe,Powdery Mildew,1,White Spot_IMG_20241108_185942.jpg.jpg,Powdery Mildew/White Spot_IMG_20241108_185942.jpg.jpg,6f7e88ad3eb8e5966ef13f69c283072a84dbed92cc9275c7e0c85dd578e00958
1548,universe,Powdery Mildew,1,White Spot_IMG_20241108_185944.jpg.jpg,Powdery Mildew/White Spot_IMG_20241108_185944.jpg.jpg,a3bb66ae61ddd3482517938c434fb15bda09afe51fb9e8589bcd531857cda101
1549,universe,Powdery Mildew,1,White Spot_IMG_20241108_185947.jpg.jpg,Powdery Mildew/White Spot_IMG_20241108_185947.jpg.jpg,17bdb6dac642b5ff68e3f27e46044290cda0bd3fed20792665ad4a37d8da29c4
1550,universe,Powdery Mildew,1,White Spot_IMG_20241108_190009.jpg.jpg,Powdery Mildew/White Spot_IMG_20241108_190009.jpg.jpg,6c111186bcdcafba6a6961096ccbf31843462910ad4dcde6b884d3107e1b9da0
1551,universe,Powdery Mildew,1,White Spot_IMG_20241108_190012.jpg.jpg,Powdery Mildew/White Spot_IMG_20241108_190012.jpg.jpg,b407e829435ef1fcfa4c200f83073086b099a8bb483c3e916a97af0e850431cd
1552,universe,Powdery Mildew,1,White Spot_IMG_20241108_190020.jpg.jpg,Powdery Mildew/White Spot_IMG_20241108_190020.jpg.jpg,10565dde8962ad3496fd5bb19e5e2bfcf3f4ed19ab105dbe49579fbc3028aa20
1553,universe,Powdery Mildew,1,White Spot_IMG_20241108_190030.jpg.jpg,Powdery Mildew/White Spot_IMG_20241108_190030.jpg.jpg,a2f21cf85f4fe0f97f527c6054081661342539f2f93c08a5df18a10c02f07790
1554,universe,Powdery Mildew,1,White Spot_IMG_20241108_190034.jpg.jpg,Powdery Mildew/White Spot_IMG_20241108_190034.jpg.jpg,a5cba83af95e2968d40eda51df9f7e2d9884f426799e7dd844b0c5b8661f0c2b
1555,universe,Powdery Mildew,1,White Spot_IMG_20241108_190039.jpg.jpg,Powdery Mildew/White Spot_IMG_20241108_190039.jpg.jpg,80aa07df84c3f599186ea909cc7fb64489048976996f17543b844248ab910765
1556,universe,Powdery Mildew,1,White Spot_IMG_20241108_190044.jpg.jpg,Powdery Mildew/White Spot_IMG_20241108_190044.jpg.jpg,f31a24df3cf1d6f49e46c51e94343e56b2b0453d00324de5b845cd0708555e9d
1557,universe,Powdery Mildew,1,White Spot_IMG_20241108_190047.jpg.jpg,Powdery Mildew/White Spot_IMG_20241108_190047.jpg.jpg,517e8128b0fe5fafc3429baf995838223c638944de591baf102b51deb7d1d975
1558,universe,Powdery Mildew,1,White Spot_IMG_20241108_190050.jpg.jpg,Powdery Mildew/White Spot_IMG_20241108_190050.jpg.jpg,1c6e7a26b7b52bd99199a7471215914536215438789bbfeba37a0af85400a6cb
1559,universe,Powdery Mildew,1,White Spot_IMG_20241108_190054.jpg.jpg,Powdery Mildew/White Spot_IMG_20241108_190054.jpg.jpg,33275167feaeaf7eb6cbe772f3a240ea1f3451b3ae84dac6e96d4f35e697ac6a
1560,universe,Powdery Mildew,1,White Spot_IMG_20241108_190059.jpg.jpg,Powdery Mildew/White Spot_IMG_20241108_190059.jpg.jpg,8f3444e05869ef2379f93ceb08046b377da50616797637d957570e097adb4bb0
1561,universe,Powdery Mildew,1,White Spot_IMG_20241108_190102.jpg.jpg,Powdery Mildew/White Spot_IMG_20241108_190102.jpg.jpg,2515416b0c9bcc28adac2aa452382e280e49f001db87227ab8485ac9bd5fc6c2
1562,universe,Powdery Mildew,1,White Spot_IMG_20241108_190104.jpg.jpg,Powdery Mildew/White Spot_IMG_20241108_190104.jpg.jpg,9d80eea31ca4658fb651c91f2f5a7f75412e8da21cb22c5fb1f3c15fa7a3057f
1563,universe,Powdery Mildew,1,White Spot_IMG_20241108_190109.jpg.jpg,Powdery Mildew/White Spot_IMG_20241108_190109.jpg.jpg,e6ca489eddc0015d26526fb5f6b0892b1091ecfba6951ba65c9a13c823e7da20
1564,universe,Powdery Mildew,1,White Spot_IMG_20241108_190112.jpg.jpg,Powdery Mildew/White Spot_IMG_20241108_190112.jpg.jpg,4b3e0695cca0ef81cb50ca748e2a89f8c3b80601e7012d4cc622d0c07303a548
1565,universe,Powdery Mildew,1,White Spot_IMG_20241108_190116.jpg.jpg,Powdery Mildew/White Spot_IMG_20241108_190116.jpg.jpg,e0c6aa95664d5fb274a583f34e3a4af372bef83038e1ee9360327ef50419883e
1566,universe,Powdery Mildew,1,White Spot_IMG_20241108_190119.jpg.jpg,Powdery Mildew/White Spot_IMG_20241108_190119.jpg.jpg,c7fa2700a54e571ab7f6362577dc7f09c4082bc2efbe27f20f008d138f94c46d
1567,universe,Powdery Mildew,1,White Spot_IMG_20241108_190124.jpg.jpg,Powdery Mildew/White Spot_IMG_20241108_190124.jpg.jpg,d73b744898141c5a8187c229ca4cee9fa0eda77a0ca05b59d273588d86e0e064
1568,universe,Powdery Mildew,1,White Spot_IMG_20241108_190128.jpg.jpg,Powdery Mildew/White Spot_IMG_20241108_190128.jpg.jpg,a3ffba1b29619dbd12e1d24a186e3d5e7b768ed6efdf30148273468ade98fdc9
1569,universe,Powdery Mildew,1,White Spot_IMG_20241108_190132.jpg.jpg,Powdery Mildew/White Spot_IMG_20241108_190132.jpg.jpg,d566bf80969d13e0219cb74e54329c6e96db36244947acff2f342c1f6b45f186
1570,universe,Powdery Mildew,1,White Spot_IMG_20241108_190135.jpg.jpg,Powdery Mildew/White Spot_IMG_20241108_190135.jpg.jpg,72f2e5160e8526d76b64add7a5328e9927dbf21a19cedb593165b82a5bb653cd
1571,universe,Powdery Mildew,1,White Spot_IMG_20241108_190141.jpg.jpg,Powdery Mildew/White Spot_IMG_20241108_190141.jpg.jpg,6cf9ff2cb6a01a141afc45ad0e681395e3980865728cd54cbe4a638775869d03
1572,universe,Powdery Mildew,1,White Spot_IMG_20241108_190145.jpg.jpg,Powdery Mildew/White Spot_IMG_20241108_190145.jpg.jpg,aea6da01763ca48db1ff5f2c59f6fdd4cce00c9682054febfec070343a68d8a6
1573,universe,Powdery Mildew,1,White Spot_IMG_20241108_190151.jpg.jpg,Powdery Mildew/White Spot_IMG_20241108_190151.jpg.jpg,462f8aba7cbe9b86778854a8d4697948e197e5731e4a015db1ebeac899d8a027
1574,universe,Powdery Mildew,1,White Spot_IMG_20241108_190158.jpg.jpg,Powdery Mildew/White Spot_IMG_20241108_190158.jpg.jpg,e4cf374d8187ffdf456ab27d55dfef84df154f577a8792c4b5eb4f14cd05c588
1575,universe,Powdery Mildew,1,White Spot_IMG_20241108_190202.jpg.jpg,Powdery Mildew/White Spot_IMG_20241108_190202.jpg.jpg,22910ec1bc6e9deb9a00ce59a62790c6cf76d3ed468c792c9cf5debd861b5f00
1576,universe,Powdery Mildew,1,White Spot_IMG_20241108_190205.jpg.jpg,Powdery Mildew/White Spot_IMG_20241108_190205.jpg.jpg,af39380f8281d441b2b12942030558ffb45fec0dd078aa0dd7b54b0b77e31049
1577,universe,Powdery Mildew,1,White Spot_IMG_20241108_190308.jpg.jpg,Powdery Mildew/White Spot_IMG_20241108_190308.jpg.jpg,191d762e09eca677b49c1bd71bb468b651edab00b1ec77f0e85429287b28c920
1578,universe,Powdery Mildew,1,White Spot_IMG_20241108_190312.jpg.jpg,Powdery Mildew/White Spot_IMG_20241108_190312.jpg.jpg,df25e154b9c6dbb1bc36a720b1d199c7629eaaaea233b5fc9437a97c5910080c
1579,universe,Powdery Mildew,1,White Spot_IMG_20241108_190316.jpg.jpg,Powdery Mildew/White Spot_IMG_20241108_190316.jpg.jpg,cb44e29105b51d06c143ebef6bf4454e1b178006eda35b5ff6f8a133d040086a
1580,universe,Powdery Mildew,1,White Spot_IMG_20241108_190322.jpg.jpg,Powdery Mildew/White Spot_IMG_20241108_190322.jpg.jpg,043c2de71f6c445220182014a407da4fa307abd02d3c331481dbdc44465a096f
1581,universe,Powdery Mildew,1,White Spot_IMG_20241108_190325.jpg.jpg,Powdery Mildew/White Spot_IMG_20241108_190325.jpg.jpg,36d156622eff1740cbe28437aed33e2258210b6fa5422b14f69b5bc969b41db4
1582,universe,Powdery Mildew,1,White Spot_IMG_20241108_190328.jpg.jpg,Powdery Mildew/White Spot_IMG_20241108_190328.jpg.jpg,6f808bec3157e5936a94d4fe48e056a20a381eb35828a2a9f6a676f21edf8fda
1583,universe,Powdery Mildew,1,White Spot_IMG_20241108_191036.jpg.jpg,Powdery Mildew/White Spot_IMG_20241108_191036.jpg.jpg,30df72efb2e39f5ee35f6fb2458575aaf18f2ab4bf9b25e294f93809f9e7d800
1584,universe,Powdery Mildew,1,White Spot_IMG_20241108_191039.jpg.jpg,Powdery Mildew/White Spot_IMG_20241108_191039.jpg.jpg,397525cb70e3c71550db6688eb1c13d32b4daf999753fb0c5b425430c3870040
1585,universe,Powdery Mildew,1,White Spot_IMG_20241108_191042.jpg.jpg,Powdery Mildew/White Spot_IMG_20241108_191042.jpg.jpg,cba767898f77e5acd540fcbd29744616e138fddc1218d5a4de11b0d7cb6b000d
1586,universe,Powdery Mildew,1,White Spot_IMG_20241108_191051.jpg.jpg,Powdery Mildew/White Spot_IMG_20241108_191051.jpg.jpg,e57798cf583e087306d2b8333833d3958220d6628b4d23e3e0aa0aacc49eb94d
1587,universe,Powdery Mildew,1,White Spot_IMG_20241108_191121.jpg.jpg,Powdery Mildew/White Spot_IMG_20241108_191121.jpg.jpg,d55acddd365c919ab1663f0a619a4f27b08022ed99f8e9f4c0a166660a63387d
1588,universe,Powdery Mildew,1,White Spot_IMG_20241108_191123.jpg.jpg,Powdery Mildew/White Spot_IMG_20241108_191123.jpg.jpg,52cb8cf8afe31ff0d8e4d9a94ecbc5a48145440f6bc40c83f156e75ed9869807
1589,universe,Powdery Mildew,1,White Spot_IMG_20241108_191132.jpg.jpg,Powdery Mildew/White Spot_IMG_20241108_191132.jpg.jpg,28d045b5f797829b4773a37b24d071d1250ac670cdd7a0886233c41a1ce2a5e6
1590,universe,Powdery Mildew,1,White Spot_IMG_20241108_191136.jpg.jpg,Powdery Mildew/White Spot_IMG_20241108_191136.jpg.jpg,ef39d2a3a50e9c656b7d891c5712ff2b6c594ca073b84d14d4445ee27f19cdc3
1591,universe,Powdery Mildew,1,White Spot_IMG_20241108_191139.jpg.jpg,Powdery Mildew/White Spot_IMG_20241108_191139.jpg.jpg,036645b9769bdb1abcdc8b89ff120d4d9da7ae987ad61c24c8b689c053eb0d0b
1592,universe,Powdery Mildew,1,White Spot_IMG_20241108_191143.jpg.jpg,Powdery Mildew/White Spot_IMG_20241108_191143.jpg.jpg,fb11d5f4914b827d95e67dd5573a04f881850578687cb5f9e1ffcbe3c9ed41f2
1593,universe,Powdery Mildew,1,White Spot_IMG_20241108_191148.jpg.jpg,Powdery Mildew/White Spot_IMG_20241108_191148.jpg.jpg,9ea323713ac39974dd9ed194a17f801b682df80d8713f5e01534d77e8fabf3df
1594,universe,Powdery Mildew,1,White Spot_IMG_20241108_191153.jpg.jpg,Powdery Mildew/White Spot_IMG_20241108_191153.jpg.jpg,47504f03a72d8c33e1b4897b8b529e6ff8146950756833c4169773259d239c11
1595,universe,Powdery Mildew,1,White Spot_IMG_20241108_191158.jpg.jpg,Powdery Mildew/White Spot_IMG_20241108_191158.jpg.jpg,1340f4d255686734f0bc30f620e8f753b58e143600689b78c6f1b4734832a297
1596,universe,Powdery Mildew,1,White Spot_IMG_20241108_191205.jpg.jpg,Powdery Mildew/White Spot_IMG_20241108_191205.jpg.jpg,1964f2991ce4ae2f2f9d269aca7f44db9a6f8695597066d2e3bdbe4f071197ec
1597,universe,Powdery Mildew,1,White Spot_IMG_20241108_191208.jpg.jpg,Powdery Mildew/White Spot_IMG_20241108_191208.jpg.jpg,070403d7af78e9a89342d63841a76608e15c647a3316d3317cd7092458ac6c59
1598,universe,Powdery Mildew,1,White Spot_IMG_20241108_191211.jpg.jpg,Powdery Mildew/White Spot_IMG_20241108_191211.jpg.jpg,f6d10050ac90c5761558b3ece0337eec1ffc95ebdfe72cf29914273ec80d784a
1599,universe,Powdery Mildew,1,White Spot_IMG_20241108_191214.jpg.jpg,Powdery Mildew/White Spot_IMG_20241108_191214.jpg.jpg,7dff5f8b5d9320ace370ab26fccc616ebd51af167fe678d26c11c7432b2f121d
1600,universe,Powdery Mildew,1,White Spot_IMG_20241108_191220.jpg.jpg,Powdery Mildew/White Spot_IMG_20241108_191220.jpg.jpg,7b02d3a0ed26c30c0bf4eeff887e675de80d20116c6a24b0eb1075991e2f3989
1601,universe,Powdery Mildew,1,White Spot_IMG_20241108_191224.jpg.jpg,Powdery Mildew/White Spot_IMG_20241108_191224.jpg.jpg,eeed4a912a9ffc3095e6cabaab640ade34fe3e4903e685944d278122bbd387fa
1602,universe,Powdery Mildew,1,White Spot_IMG_20241108_191227.jpg.jpg,Powdery Mildew/White Spot_IMG_20241108_191227.jpg.jpg,d01510bd50009b25828a1c36d2c9d7f4906011bc82ab3ef9d8bf9211d6468cff
1603,universe,Powdery Mildew,1,White Spot_IMG_20241108_191229.jpg.jpg,Powdery Mildew/White Spot_IMG_20241108_191229.jpg.jpg,f115080aa91a1ea7de078597f226f5b6982701fef0260dcbc83599285c52baf8
1604,universe,Powdery Mildew,1,White Spot_IMG_20241108_191238.jpg.jpg,Powdery Mildew/White Spot_IMG_20241108_191238.jpg.jpg,9a8e980ea10ecd3d78b2d497c4f01175512d34be1c032768736f746bc045319a
1605,universe,Powdery Mildew,1,White Spot_IMG_20241108_191240.jpg.jpg,Powdery Mildew/White Spot_IMG_20241108_191240.jpg.jpg,efc45c6e916913454ff172d40447471af57590af57a2d3f02fbe729962e3d3bd
1606,universe,Powdery Mildew,1,White Spot_IMG_20241108_191251.jpg.jpg,Powdery Mildew/White Spot_IMG_20241108_191251.jpg.jpg,92e57c609d6242959914b047f5754ef88a47dd94fa9ea1786024251921c9cacc
1607,universe,Powdery Mildew,1,White Spot_IMG_20241108_191255.jpg.jpg,Powdery Mildew/White Spot_IMG_20241108_191255.jpg.jpg,925be40bf9ee4cc7c1454e317d4b29c3256256188353d37a30ca1d5778697289
1608,universe,Powdery Mildew,1,White Spot_IMG_20241108_191257.jpg.jpg,Powdery Mildew/White Spot_IMG_20241108_191257.jpg.jpg,1db60e703d009c49d066cc066746c049381e2693a7d74b87871a21bdd90653d9
1609,universe,Powdery Mildew,1,White Spot_IMG_20241108_191259.jpg.jpg,Powdery Mildew/White Spot_IMG_20241108_191259.jpg.jpg,3d24cfd92a40b7c50f75dd53d64dc9e2799e3ee04accc386914a6049986cd6ea
1610,universe,Powdery Mildew,1,White Spot_IMG_20241108_191301.jpg.jpg,Powdery Mildew/White Spot_IMG_20241108_191301.jpg.jpg,84f72477e95dd722e8bf99597c8fc8eb48cab07c64ce81a0acb028768cb92def
1611,universe,Powdery Mildew,1,White Spot_IMG_20241108_191306.jpg.jpg,Powdery Mildew/White Spot_IMG_20241108_191306.jpg.jpg,0fa47a77f083c554ac75d6b10d6927ae0cb44091de4f8cfc609206bfb81656de
1612,universe,Powdery Mildew,1,White Spot_IMG_20241108_191308.jpg.jpg,Powdery Mildew/White Spot_IMG_20241108_191308.jpg.jpg,4d0a1e23c90f6811d2076899831f49a0e0388f3fa225cb812b86ad5ed3372954
1613,universe,Powdery Mildew,1,White Spot_IMG_20241108_191310.jpg.jpg,Powdery Mildew/White Spot_IMG_20241108_191310.jpg.jpg,c56e6fc5a14dde586299f97afee955d6d5077d1f92739e20d3f47d32e0e2e3b7
1614,universe,Powdery Mildew,1,White Spot_IMG_20241108_191313.jpg.jpg,Powdery Mildew/White Spot_IMG_20241108_191313.jpg.jpg,ec0ac7e4a342946430cddc1153236f7477f9fb0dd38b12fc4fb0e637ab0b150c
1615,universe,Powdery Mildew,1,White Spot_IMG_20241108_191319.jpg.jpg,Powdery Mildew/White Spot_IMG_20241108_191319.jpg.jpg,44f1f2201856147f0ffdff89456d412958b7998767bd87d0fd43791ee1f2d392
1616,universe,Powdery Mildew,1,White Spot_IMG_20241108_191324.jpg.jpg,Powdery Mildew/White Spot_IMG_20241108_191324.jpg.jpg,9321817096dc196cf5f090a71c33d953e5eb474af21a1ce0865356f16a720eb9
1617,universe,Powdery Mildew,1,White Spot_IMG_20241108_191326.jpg.jpg,Powdery Mildew/White Spot_IMG_20241108_191326.jpg.jpg,c4b43aa5494eec132062342e409742dd530a0b8327417863cc8d49d53248e228
1618,universe,Powdery Mildew,1,White Spot_IMG_20241108_191330.jpg.jpg,Powdery Mildew/White Spot_IMG_20241108_191330.jpg.jpg,3d7967a9b68bc6611ffba1f42403c225853f8cec6ef428592f9a7065cd38a253
1619,universe,Powdery Mildew,1,White Spot_IMG_20241108_191337.jpg.jpg,Powdery Mildew/White Spot_IMG_20241108_191337.jpg.jpg,161d9c2ae2b74f233c30c4b32a4b99993f97b5ae00d419f43fb8128913c89116
1620,universe,Powdery Mildew,1,White Spot_IMG_20241108_191346.jpg.jpg,Powdery Mildew/White Spot_IMG_20241108_191346.jpg.jpg,b02ad1ef0869f378e5a72c8792217dbece2fa4881f7b3d2da587e5568f48081b
1621,universe,Powdery Mildew,1,White Spot_IMG_20241108_191349.jpg.jpg,Powdery Mildew/White Spot_IMG_20241108_191349.jpg.jpg,1eed61f36071da37eb88708cbcd8ee07579979a69d4b737c922d4fec816490a7
1622,universe,Powdery Mildew,1,White Spot_IMG_20241108_191352.jpg.jpg,Powdery Mildew/White Spot_IMG_20241108_191352.jpg.jpg,f26f7e4292953a26a9648ae296351445b2bd51f222c334b48a0079f62a414da1
1623,universe,Powdery Mildew,1,White Spot_IMG_20241108_191414.jpg.jpg,Powdery Mildew/White Spot_IMG_20241108_191414.jpg.jpg,1dea989247d1ad4520c6afd2c4113e0279e082a616c28a43ef9fc5f03b3150e7
1624,universe,Powdery Mildew,1,White Spot_IMG_20241108_191425.jpg.jpg,Powdery Mildew/White Spot_IMG_20241108_191425.jpg.jpg,3fcf10bc809e953e16a3442a497d88dde60aec5efbc39084a7b2416a3c54624c
1625,universe,Shot Hole Leaf,2,Spot Leaf_20241103_191501.jpg.jpg,Shot Hole Leaf/Spot Leaf_20241103_191501.jpg.jpg,c684c4e1257c1f5735b89f3c7de6386a599cfa0e0271bf8de19b02ca57adf49f
1626,universe,Shot Hole Leaf,2,Spot Leaf_20241103_191505.jpg.jpg,Shot Hole Leaf/Spot Leaf_20241103_191505.jpg.jpg,65105cc013b6dc250fed65669b52291c2f5871b325a0ea8a309a00ff9450656c
1627,universe,Shot Hole Leaf,2,Spot Leaf_20241103_191509.jpg.jpg,Shot Hole Leaf/Spot Leaf_20241103_191509.jpg.jpg,90b6bdf8061b60e281570334b69cc26ca18b1207efd3803a6370320206a1b20e
1628,universe,Shot Hole Leaf,2,Spot Leaf_20241103_191546.jpg.jpg,Shot Hole Leaf/Spot Leaf_20241103_191546.jpg.jpg,57e6c5b615f440bff3980e3d371061e1c628db75159dfba025f715652b7db978
1629,universe,Shot Hole Leaf,2,Spot Leaf_20241103_191549.jpg.jpg,Shot Hole Leaf/Spot Leaf_20241103_191549.jpg.jpg,6fe298815256bc79c3228ffc5df3fe3a3fa03ff2ad725028f93af39f88b22d4d
1630,universe,Shot Hole Leaf,2,Spot Leaf_20241103_191553.jpg.jpg,Shot Hole Leaf/Spot Leaf_20241103_191553.jpg.jpg,6d7cac894a6c32fb0069db87211efca531ce44dee7a29389b115d49e1a6119c4
1631,universe,Shot Hole Leaf,2,Spot Leaf_20241103_191617.jpg.jpg,Shot Hole Leaf/Spot Leaf_20241103_191617.jpg.jpg,8172c99cb7f3955292ad2bbe7c9c8212bbb2ce761ec5570794cd6bc71b587ab6
1632,universe,Shot Hole Leaf,2,Spot Leaf_20241103_191629.jpg.jpg,Shot Hole Leaf/Spot Leaf_20241103_191629.jpg.jpg,35de59549d2e622811dd5e09524ad72cc7092bcf5b9eb4889004108d328a7831
1633,universe,Shot Hole Leaf,2,Spot Leaf_20241103_191633.jpg.jpg,Shot Hole Leaf/Spot Leaf_20241103_191633.jpg.jpg,a69379d631574363e8eea587758c4bed28930fc6d3ca75cf8d1c043b1a02bbb5
1634,universe,Shot Hole Leaf,2,Spot Leaf_20241103_191636.jpg.jpg,Shot Hole Leaf/Spot Leaf_20241103_191636.jpg.jpg,7ddf1d0ddb068a75dc5710f9ee3436c7c051dd612c99c4da99c1ea8df89e6d0f
1635,universe,Shot Hole Leaf,2,Spot Leaf_20241103_191651.jpg.jpg,Shot Hole Leaf/Spot Leaf_20241103_191651.jpg.jpg,6fcc48fc7bc538becc58957d7885d960dbb79b009189d99423b3b5fdd548e1af
1636,universe,Shot Hole Leaf,2,Spot Leaf_20241103_191654.jpg.jpg,Shot Hole Leaf/Spot Leaf_20241103_191654.jpg.jpg,af32d95c1c8b6efac1166a9f3bdb9aeaa86b4818d37428033791aee672072e0a
1637,universe,Shot Hole Leaf,2,Spot Leaf_20241103_191657.jpg.jpg,Shot Hole Leaf/Spot Leaf_20241103_191657.jpg.jpg,ba3901d302f8b084e0e0d48a36b3cf3de0adbf9e2a40d206abaf4ce8fc49d964
1638,universe,Shot Hole Leaf,2,Spot Leaf_20241103_191711.jpg.jpg,Shot Hole Leaf/Spot Leaf_20241103_191711.jpg.jpg,7b68142f68fd772e64dd850832f45823be08d6b2f7e8975560fcba2b062840af
1639,universe,Shot Hole Leaf,2,Spot Leaf_20241103_191722.jpg.jpg,Shot Hole Leaf/Spot Leaf_20241103_191722.jpg.jpg,28e2d8aa50bc0849c8f0ee483bd8eb9b8709a17a854db421fadc45ba37256698
1640,universe,Shot Hole Leaf,2,Spot Leaf_20241103_191748.jpg.jpg,Shot Hole Leaf/Spot Leaf_20241103_191748.jpg.jpg,b5df69d787067c45e746e24010e2d0e361f18a7f8b772aa64c5789610d833e2f
1641,universe,Shot Hole Leaf,2,Spot Leaf_20241103_191752.jpg.jpg,Shot Hole Leaf/Spot Leaf_20241103_191752.jpg.jpg,9e922a3c6e2eebe55519f6a95c3c9bd62cd3248a1cb289f60ab57ec1e4e9ff35
1642,universe,Shot Hole Leaf,2,Spot Leaf_20241103_191811.jpg.jpg,Shot Hole Leaf/Spot Leaf_20241103_191811.jpg.jpg,f24ef9712b89e4fe3c60c6dd5e818a55a9a5cd160289f090cf543c1d0cd5a5a7
1643,universe,Shot Hole Leaf,2,Spot Leaf_20241103_191814.jpg.jpg,Shot Hole Leaf/Spot Leaf_20241103_191814.jpg.jpg,cb00b5b25233c451d56522524fa0d75af896b531f54434907c9935f9c8cd3da2
1644,universe,Shot Hole Leaf,2,Spot Leaf_20241103_191817.jpg.jpg,Shot Hole Leaf/Spot Leaf_20241103_191817.jpg.jpg,dc82e5b9cd888da55cf6513a054713154eee0964c5e45774597d875c41ba9329
1645,universe,Shot Hole Leaf,2,Spot Leaf_20241103_191833.jpg.jpg,Shot Hole Leaf/Spot Leaf_20241103_191833.jpg.jpg,b3775dd9fc77231f7b66ee51a30cc7f42c4c7670e74e8a2a77e6265d777d7249
1646,universe,Shot Hole Leaf,2,Spot Leaf_20241103_191852.jpg.jpg,Shot Hole Leaf/Spot Leaf_20241103_191852.jpg.jpg,1022a85282b52e7d10f05453e0cd98b81511c1f128a0009c006b85108738687d
1647,universe,Shot Hole Leaf,2,Spot Leaf_20241103_191902.jpg.jpg,Shot Hole Leaf/Spot Leaf_20241103_191902.jpg.jpg,5b0aa2bd566be2548acba543965a0eef850507a0d63eca751dc26fc802807a9e
1648,universe,Shot Hole Leaf,2,Spot Leaf_20241103_191905.jpg.jpg,Shot Hole Leaf/Spot Leaf_20241103_191905.jpg.jpg,c33c15034dfff04e4b5e9ee058964caa29186cc2a82027825c00804e6e9045a3
1649,universe,Shot Hole Leaf,2,Spot Leaf_20241103_191908.jpg.jpg,Shot Hole Leaf/Spot Leaf_20241103_191908.jpg.jpg,6acc3560916a04f9a5a06313221b1dc2d47928847ccaf8e5541ff2b7cb86c482
1650,universe,Shot Hole Leaf,2,Spot Leaf_20241103_191914.jpg.jpg,Shot Hole Leaf/Spot Leaf_20241103_191914.jpg.jpg,9114f2e0abe8588970b18d7d0c65655749325f578f6b039fa563e9b2e1f8016d
1651,universe,Shot Hole Leaf,2,Spot Leaf_20241103_191917.jpg.jpg,Shot Hole Leaf/Spot Leaf_20241103_191917.jpg.jpg,8aa943fafc2f0678ac7a5e7a7fffcee9a2237989c4d45fd5bc4a032b7a924bad
1652,universe,Shot Hole Leaf,2,Spot Leaf_20241103_191928.jpg.jpg,Shot Hole Leaf/Spot Leaf_20241103_191928.jpg.jpg,41c215ce64210913bde28b03ef18ce5cdfcba9a22f94ed4df4c004aeddf9ce4a
1653,universe,Shot Hole Leaf,2,Spot Leaf_20241103_191931.jpg.jpg,Shot Hole Leaf/Spot Leaf_20241103_191931.jpg.jpg,399561c3418051f4cedb76850101950ea0c198811e33203d2d7735d4f2a3a01b
1654,universe,Shot Hole Leaf,2,Spot Leaf_20241103_191934.jpg.jpg,Shot Hole Leaf/Spot Leaf_20241103_191934.jpg.jpg,2feaa328d7c71b2d6d3c43b195278607436388df05bda039c38922b53e0f14d1
1655,universe,Shot Hole Leaf,2,Spot Leaf_20241103_191944.jpg.jpg,Shot Hole Leaf/Spot Leaf_20241103_191944.jpg.jpg,26704198f81c7fe08c9ecb079b4c7714724d69caa4e9260233cdeb9c8f4a3a39
1656,universe,Shot Hole Leaf,2,Spot Leaf_20241103_191950.jpg.jpg,Shot Hole Leaf/Spot Leaf_20241103_191950.jpg.jpg,a223adf87531ba30161c49b3f633d7a0700b7d4796fcc7139f4ba8b88b32411d
1657,universe,Shot Hole Leaf,2,Spot Leaf_20241103_191959.jpg.jpg,Shot Hole Leaf/Spot Leaf_20241103_191959.jpg.jpg,5f35d1abc7db92eb6218aaedc34d3fde6f555d0865fff1014475d852812195a8
1658,universe,Shot Hole Leaf,2,Spot Leaf_20241103_192003.jpg.jpg,Shot Hole Leaf/Spot Leaf_20241103_192003.jpg.jpg,ed453db64a2701a464be17072cfe500443eb42291cf4e72404e7705f48611a50
1659,universe,Shot Hole Leaf,2,Spot Leaf_20241103_192006.jpg.jpg,Shot Hole Leaf/Spot Leaf_20241103_192006.jpg.jpg,1369ab556f861cd0ae7a27b946230805bc94e034fd38ac56c62b10a93bee9a54
1660,universe,Shot Hole Leaf,2,Spot Leaf_20241103_192016.jpg.jpg,Shot Hole Leaf/Spot Leaf_20241103_192016.jpg.jpg,02a9a6f45772cefc7e5dd87d1d8b76648c387040f385dac130d698329264ccc0
1661,universe,Shot Hole Leaf,2,Spot Leaf_20241103_192019.jpg.jpg,Shot Hole Leaf/Spot Leaf_20241103_192019.jpg.jpg,375adaab62cd111bc714960974dd80423445938805a89ed1c37ea9d11d8d6bf9
1662,universe,Shot Hole Leaf,2,Spot Leaf_20241103_192031.jpg.jpg,Shot Hole Leaf/Spot Leaf_20241103_192031.jpg.jpg,02f0fe85d0c7b2b6259e0eef33fd030529fae8e2758311ce9797798a6f062f3f
1663,universe,Shot Hole Leaf,2,Spot Leaf_20241103_192044.jpg.jpg,Shot Hole Leaf/Spot Leaf_20241103_192044.jpg.jpg,905f49f9c7519680763c9f4369850234b7723357f648642c6186593beecd9e18
1664,universe,Shot Hole Leaf,2,Spot Leaf_20241103_192056.jpg.jpg,Shot Hole Leaf/Spot Leaf_20241103_192056.jpg.jpg,ffbf3c37cdfb15ccde34b2b99934c223e169cd1522da6b31f9700bb8e399367c
1665,universe,Shot Hole Leaf,2,Spot Leaf_20241103_192059.jpg.jpg,Shot Hole Leaf/Spot Leaf_20241103_192059.jpg.jpg,52866bb50993ab2e15aa2e67b45af20807637cdce5bc1243260a18f316f9b2f8
1666,universe,Shot Hole Leaf,2,Spot Leaf_20241103_192102.jpg.jpg,Shot Hole Leaf/Spot Leaf_20241103_192102.jpg.jpg,81c55985b9fdb1d5a88edc2886eb3334101276b3db54343619f7e2273d034460
1667,universe,Shot Hole Leaf,2,Spot Leaf_20241103_192113.jpg.jpg,Shot Hole Leaf/Spot Leaf_20241103_192113.jpg.jpg,12490d32ae2d294c33e8e409320114e82167e5d51b6ca3d02775818bb8eab240
1668,universe,Shot Hole Leaf,2,Spot Leaf_20241103_192120.jpg.jpg,Shot Hole Leaf/Spot Leaf_20241103_192120.jpg.jpg,27d1c819ea30b0f386f7cec13f4e7f7202367a0a2ee27d0eeebf7a747a9640c3
1669,universe,Shot Hole Leaf,2,Spot Leaf_20241103_192122.jpg.jpg,Shot Hole Leaf/Spot Leaf_20241103_192122.jpg.jpg,24e3f66c527ac90b474f83fb52ee51f1a6846061e73608617cf4746ccd05c57e
1670,universe,Shot Hole Leaf,2,Spot Leaf_20241103_192129.jpg.jpg,Shot Hole Leaf/Spot Leaf_20241103_192129.jpg.jpg,4b45a7c52fe5700ba5dc3ef5d9994731c6ecf09ee6080377bb187bf86c18b055
1671,universe,Shot Hole Leaf,2,Spot Leaf_20241103_192132.jpg.jpg,Shot Hole Leaf/Spot Leaf_20241103_192132.jpg.jpg,36ec23cc3bf514a5be59dc16f6bd95379df2676e7405b0ce7f2750e0dcea3964
1672,universe,Shot Hole Leaf,2,Spot Leaf_20241103_192147.jpg.jpg,Shot Hole Leaf/Spot Leaf_20241103_192147.jpg.jpg,50a56e1f1b32745311b64e3e54963b99771e09149cfce22c607c58cc03436380
1673,universe,Shot Hole Leaf,2,Spot Leaf_20241103_192150.jpg.jpg,Shot Hole Leaf/Spot Leaf_20241103_192150.jpg.jpg,77b50e8fadf8ab2ee88c958dedb8adb3e6b66e36a8dd365b5184f9ab9790981d
1674,universe,Shot Hole Leaf,2,Spot Leaf_20241103_192154.jpg.jpg,Shot Hole Leaf/Spot Leaf_20241103_192154.jpg.jpg,ab5e50eb3570abaa02edd6d82ce9e8f3fbe8a4f2868915ecd7470d3f99d7b170
1675,universe,Shot Hole Leaf,2,Spot Leaf_20241103_192200.jpg.jpg,Shot Hole Leaf/Spot Leaf_20241103_192200.jpg.jpg,b56b5937e233d6b89e1b9a35c60faa189c96ae76b42eeb8217ef5ee930254082
1676,universe,Shot Hole Leaf,2,Spot Leaf_20241103_192203.jpg.jpg,Shot Hole Leaf/Spot Leaf_20241103_192203.jpg.jpg,4d58be95912f2c67b565d1155a8292463a5ff7e5510d869afa28297179835f9e
1677,universe,Shot Hole Leaf,2,Spot Leaf_20241103_192206.jpg.jpg,Shot Hole Leaf/Spot Leaf_20241103_192206.jpg.jpg,6199f2a95cc85a895aeceb4526b1d7f560ffe83ce6e0e584579ea084b1cb7f38
1678,universe,Shot Hole Leaf,2,Spot Leaf_20241103_192217.jpg.jpg,Shot Hole Leaf/Spot Leaf_20241103_192217.jpg.jpg,28381111ae046f075843ef9156b743a6ccc58f1d695fa1561107985ac314eccb
1679,universe,Shot Hole Leaf,2,Spot Leaf_20241103_192225.jpg.jpg,Shot Hole Leaf/Spot Leaf_20241103_192225.jpg.jpg,dce5275cfc51ceaa4dd8c1ce6ff68a0698e4dfa2380ed5782b3f5ef947e39e14
1680,universe,Shot Hole Leaf,2,Spot Leaf_20241103_192238.jpg.jpg,Shot Hole Leaf/Spot Leaf_20241103_192238.jpg.jpg,80062264f12d6fe7ec849700b817a3d5056cc1880d9c2f674ac4bf9888bcdcc4
1681,universe,Shot Hole Leaf,2,Spot Leaf_20241103_192241.jpg.jpg,Shot Hole Leaf/Spot Leaf_20241103_192241.jpg.jpg,4d1ae8f350262f2dafc5c44792ace6abf8132fbbdff1db71069a74ad83a178d4
1682,universe,Shot Hole Leaf,2,Spot Leaf_20241103_192244.jpg.jpg,Shot Hole Leaf/Spot Leaf_20241103_192244.jpg.jpg,07553154cc36184533c9171a09a83fc922a28d954ada9c1653f41a9571dd791b
1683,universe,Shot Hole Leaf,2,Spot Leaf_20241103_192253.jpg.jpg,Shot Hole Leaf/Spot Leaf_20241103_192253.jpg.jpg,4a8c525161ec4c2335fa037ffa99f622eb9ce07826a490ad8195969a6a17997c
1684,universe,Shot Hole Leaf,2,Spot Leaf_20241103_192256.jpg.jpg,Shot Hole Leaf/Spot Leaf_20241103_192256.jpg.jpg,d7d332d9806ce002dcc28e3010068dfd0bd8dc1800bbf3a4b6eb0a5f3f049154
1685,universe,Shot Hole Leaf,2,Spot Leaf_20241103_192300.jpg.jpg,Shot Hole Leaf/Spot Leaf_20241103_192300.jpg.jpg,c97a94a84ebdee1fd5a28a9af219275097d1291af4f76aaa841715fc936dd6f3
1686,universe,Shot Hole Leaf,2,Spot Leaf_20241103_192308.jpg.jpg,Shot Hole Leaf/Spot Leaf_20241103_192308.jpg.jpg,d25034680d32d80d7b55870f98a962ddb8e76382031da3c68fb7cf05aceee3ba
1687,universe,Shot Hole Leaf,2,Spot Leaf_20241103_192311.jpg.jpg,Shot Hole Leaf/Spot Leaf_20241103_192311.jpg.jpg,e00ab01ec6a9f4f70c251dc40a13214af228b621002fa85a8d46de59d42145d0
1688,universe,Shot Hole Leaf,2,Spot Leaf_20241103_192314.jpg.jpg,Shot Hole Leaf/Spot Leaf_20241103_192314.jpg.jpg,cb7d8d7652ff4e48d54d9699d2243454bde607477cb2576ec4895d2d02e3c353
1689,universe,Shot Hole Leaf,2,Spot Leaf_20241103_192323.jpg.jpg,Shot Hole Leaf/Spot Leaf_20241103_192323.jpg.jpg,bbc0eab012c3c0409b8caacfe4f44fb3a897610d465298f9b498fad285af9f43
1690,universe,Shot Hole Leaf,2,Spot Leaf_20241103_192334.jpg.jpg,Shot Hole Leaf/Spot Leaf_20241103_192334.jpg.jpg,4db12a64f9ed2382a9a6cb38912eb3eb2d0f2be850c8d20ff544744eb4e6eae6
1691,universe,Shot Hole Leaf,2,Spot Leaf_20241103_192343.jpg.jpg,Shot Hole Leaf/Spot Leaf_20241103_192343.jpg.jpg,f6079cfe4f0581bf5dfd949991e30e2c8ad2698711919e86caca3c3328ea33ab
1692,universe,Shot Hole Leaf,2,Spot Leaf_20241103_192347.jpg.jpg,Shot Hole Leaf/Spot Leaf_20241103_192347.jpg.jpg,adcc7ef53beaa32bf6cb51319aee213803a9671ef36dc9486a0111639d3bc9ff
1693,universe,Shot Hole Leaf,2,Spot Leaf_20241103_192351.jpg.jpg,Shot Hole Leaf/Spot Leaf_20241103_192351.jpg.jpg,27916c6416245e6374cd6da449ae9a67a2047b022d01b0ac6df662ce730fee22
1694,universe,Shot Hole Leaf,2,Spot Leaf_20241103_192401.jpg.jpg,Shot Hole Leaf/Spot Leaf_20241103_192401.jpg.jpg,42652197fd893d1d2d9b130eea09a36b8a22c34f81bff7613d913d26f6b6af46
1695,universe,Shot Hole Leaf,2,Spot Leaf_20241103_192403.jpg.jpg,Shot Hole Leaf/Spot Leaf_20241103_192403.jpg.jpg,bed4a706774772beb0677caf1f4f27043b11b8cd685040138feac13e805b95b0
1696,universe,Shot Hole Leaf,2,Spot Leaf_20241103_192414.jpg.jpg,Shot Hole Leaf/Spot Leaf_20241103_192414.jpg.jpg,dba1b9f106d8368ee1233fd745ba467ecd304fcfdb248ae269ae31b6213079dd
1697,universe,Shot Hole Leaf,2,Spot Leaf_20241103_192426.jpg.jpg,Shot Hole Leaf/Spot Leaf_20241103_192426.jpg.jpg,813437a67fee96b91cadfeeb371ac4371caaad35cbbf815ef75f26fde928fd61
1698,universe,Shot Hole Leaf,2,Spot Leaf_20241103_192429.jpg.jpg,Shot Hole Leaf/Spot Leaf_20241103_192429.jpg.jpg,474f9a5e06cab1592c34bd1924340d0596c0e90b0c90944c9224f121447c3e1b
1699,universe,Shot Hole Leaf,2,Spot Leaf_20241103_192432.jpg.jpg,Shot Hole Leaf/Spot Leaf_20241103_192432.jpg.jpg,895f8975719f243e2c16abe446cf4155f330f683363ffed71dedafc8ddc54eae
1700,universe,Shot Hole Leaf,2,Spot Leaf_20241103_192451.jpg.jpg,Shot Hole Leaf/Spot Leaf_20241103_192451.jpg.jpg,55f2463d78ac5f7651226695d9f9b82ba15edb2cb290ab631b038f15e4562ecf
1701,universe,Shot Hole Leaf,2,Spot Leaf_20241103_192455.jpg.jpg,Shot Hole Leaf/Spot Leaf_20241103_192455.jpg.jpg,d12c42bddfeec00995d9baf1ac98ede55de2657bd2b8d91f31cc93d87b935132
1702,universe,Shot Hole Leaf,2,Spot Leaf_20241103_192504.jpg.jpg,Shot Hole Leaf/Spot Leaf_20241103_192504.jpg.jpg,0c8622b3bc93a74cf4576015fff6b7e34da6962fbdd195cac76f27d634b2c82b
1703,universe,Shot Hole Leaf,2,Spot Leaf_20241103_192507.jpg.jpg,Shot Hole Leaf/Spot Leaf_20241103_192507.jpg.jpg,09a7dec3f529ea25c5d7bca2a163a75079768ac7bb091ac2adccbe1addd5bb7e
1704,universe,Shot Hole Leaf,2,Spot Leaf_20241103_192511.jpg.jpg,Shot Hole Leaf/Spot Leaf_20241103_192511.jpg.jpg,e5d9ef90036ae92bd1d2be71192c878fa6c7852b33509b4c6af70df2c77b5693
1705,universe,Shot Hole Leaf,2,Spot Leaf_20241103_192523.jpg.jpg,Shot Hole Leaf/Spot Leaf_20241103_192523.jpg.jpg,b42f54cb3ef05911a2620917470cbe9c64cb2d6a2d9c12aae415d3c0d2f7725f
1706,universe,Shot Hole Leaf,2,Spot Leaf_20241103_192527.jpg.jpg,Shot Hole Leaf/Spot Leaf_20241103_192527.jpg.jpg,83489675480dc222ad21d875c27e06de01ef7a0e3c6b084237dc3240b4227d1e
1707,universe,Shot Hole Leaf,2,Spot Leaf_20241103_192531.jpg.jpg,Shot Hole Leaf/Spot Leaf_20241103_192531.jpg.jpg,335904832d26fc798f87648206d502daa6429a62dcbf3360d39dcb518e677db4
1708,universe,Shot Hole Leaf,2,Spot Leaf_20241103_192539.jpg.jpg,Shot Hole Leaf/Spot Leaf_20241103_192539.jpg.jpg,dc76a895c1a00161ddd07412c8c876814e11c4bb5f9419c2802989ed251fdb83
1709,universe,Shot Hole Leaf,2,Spot Leaf_20241103_192543.jpg.jpg,Shot Hole Leaf/Spot Leaf_20241103_192543.jpg.jpg,63519bed3e2d07026b3031140c88aaf6ac010c8480beca3bdbaf485ba6208721
1710,universe,Shot Hole Leaf,2,Spot Leaf_20241103_192546.jpg.jpg,Shot Hole Leaf/Spot Leaf_20241103_192546.jpg.jpg,f83aa83b9ffd233d2a8d52aead8da3109350e4f763f4ae4009efd05e6b3cf58b
1711,universe,Shot Hole Leaf,2,Spot Leaf_20241103_193715.jpg.jpg,Shot Hole Leaf/Spot Leaf_20241103_193715.jpg.jpg,655dce0292be3dc82af2ae2eada4acd77a731defacdf1ad82d7b7065d3156b7f
1712,universe,Shot Hole Leaf,2,Spot Leaf_20241103_193721.jpg.jpg,Shot Hole Leaf/Spot Leaf_20241103_193721.jpg.jpg,1c841ebda1e8a560a04ea7ce197f117e5fb2ece229b10cac388adc4dbcabc3b5
1713,universe,Shot Hole Leaf,2,Spot Leaf_20241103_193730.jpg.jpg,Shot Hole Leaf/Spot Leaf_20241103_193730.jpg.jpg,933257fd04a0d76e5052872a3651f99f5234a4c70e341f8037c1911f12ca4c78
1714,universe,Shot Hole Leaf,2,Spot Leaf_20241103_193733.jpg.jpg,Shot Hole Leaf/Spot Leaf_20241103_193733.jpg.jpg,fd3a46f246a3834b2e320dfff8728f626b7c8c4403d3f30f8b02d1f5dc4664e3
1715,universe,Shot Hole Leaf,2,Spot Leaf_20241103_193736.jpg.jpg,Shot Hole Leaf/Spot Leaf_20241103_193736.jpg.jpg,d4b96bce4922dba622226a428fee317e5a31bbaecd79770c55048472eac135c9
1716,universe,Shot Hole Leaf,2,Spot Leaf_20241103_193740.jpg.jpg,Shot Hole Leaf/Spot Leaf_20241103_193740.jpg.jpg,93ff70bda81e9b7997cf073308ed99f0e504de437220efd65aaeee2ad1a52c33
1717,universe,Shot Hole Leaf,2,Spot Leaf_20241103_193746.jpg.jpg,Shot Hole Leaf/Spot Leaf_20241103_193746.jpg.jpg,7960c7a0736ace6d252fb159b2dada5dca98c655734bf7c47735d14495f6cb55
1718,universe,Shot Hole Leaf,2,Spot Leaf_20241103_193749.jpg.jpg,Shot Hole Leaf/Spot Leaf_20241103_193749.jpg.jpg,edebd372ae9eb7a49f5ca27569e90eece891d4ffcc57b2d5aa09245b122aa13d
1719,universe,Shot Hole Leaf,2,Spot Leaf_20241103_193752.jpg.jpg,Shot Hole Leaf/Spot Leaf_20241103_193752.jpg.jpg,fd0cf700bc90176a4ecc61c6caf211818913f90a3957146ade8fd72c438e155e
1720,universe,Shot Hole Leaf,2,Spot Leaf_20241103_193756.jpg.jpg,Shot Hole Leaf/Spot Leaf_20241103_193756.jpg.jpg,0a47cdb895ce11a8fb11dd33ba3f88f1a716b4a7ad1fda3da101ff1353e3db6d
1721,universe,Shot Hole Leaf,2,Spot Leaf_20241103_193803.jpg.jpg,Shot Hole Leaf/Spot Leaf_20241103_193803.jpg.jpg,2e8235ae2768b9ebbcb00d60813354c5de350f5ad83a7520589e3fccdd6aea80
1722,universe,Shot Hole Leaf,2,Spot Leaf_20241103_193806.jpg.jpg,Shot Hole Leaf/Spot Leaf_20241103_193806.jpg.jpg,5990f321098891b113e8430444f248cb562c37603fbab9b3d89e49a01888ee3e
1723,universe,Shot Hole Leaf,2,Spot Leaf_20241103_193810.jpg.jpg,Shot Hole Leaf/Spot Leaf_20241103_193810.jpg.jpg,7b37777c920d6a71f75251b0998f7812ab040cb2f0fae8a0ce91edb906e13f82
1724,universe,Shot Hole Leaf,2,Spot Leaf_20241103_193819.jpg.jpg,Shot Hole Leaf/Spot Leaf_20241103_193819.jpg.jpg,43a3a6896a1436662d39b40e8580bf5a753befe6f732d491205a8e8e2b9a8bcd
1725,universe,Shot Hole Leaf,2,Spot Leaf_20241103_193822.jpg.jpg,Shot Hole Leaf/Spot Leaf_20241103_193822.jpg.jpg,1b6d7c2b823f0d2c6a36de5dabe054d06d452f43b1750b3529c1ad55e490e0d8
1726,universe,Shot Hole Leaf,2,Spot Leaf_20241103_193832.jpg.jpg,Shot Hole Leaf/Spot Leaf_20241103_193832.jpg.jpg,7f8813e37115728039593a8a2ff5ff0be8f5d7038a5d048a459ce3606608f5aa
1727,universe,Shot Hole Leaf,2,Spot Leaf_20241103_193838.jpg.jpg,Shot Hole Leaf/Spot Leaf_20241103_193838.jpg.jpg,a6ba2ca9d4cfea7992a734aff261c181b756d5e2b1dd4ea820bfa54768bf8088
1728,universe,Shot Hole Leaf,2,Spot Leaf_20241103_193842.jpg.jpg,Shot Hole Leaf/Spot Leaf_20241103_193842.jpg.jpg,e57a40716cb617cf9cb567c58e1d7e98bd8e1b1561e4130ae126e6c38dbad278
1729,universe,Shot Hole Leaf,2,Spot Leaf_20241103_193845.jpg.jpg,Shot Hole Leaf/Spot Leaf_20241103_193845.jpg.jpg,cbee0208bc4435744bdd9876f020fd6bfd756b46fc251ba80e214d19eab964ea
1730,universe,Shot Hole Leaf,2,Spot Leaf_20241103_193855.jpg.jpg,Shot Hole Leaf/Spot Leaf_20241103_193855.jpg.jpg,2c45694df098ba95b4e221bb8d75d1a0ec01135725ff70ab08df5b030266de99
1731,universe,Shot Hole Leaf,2,Spot Leaf_20241103_193858.jpg.jpg,Shot Hole Leaf/Spot Leaf_20241103_193858.jpg.jpg,a8f8521219c97ac32e0b66508e6f3fdf85eff76f5e4b46fbb49f20d800b42d6b
1732,universe,Shot Hole Leaf,2,Spot Leaf_20241103_193902.jpg.jpg,Shot Hole Leaf/Spot Leaf_20241103_193902.jpg.jpg,246a50da8a05ef089959b9e01838bbc97cfe7c3ff10b23fd0ffe1b0e338d9a5e
1733,universe,Shot Hole Leaf,2,Spot Leaf_20241103_193908.jpg.jpg,Shot Hole Leaf/Spot Leaf_20241103_193908.jpg.jpg,e05af584262ef4c71f047eeccc73a555f008bdb83e35acf99d35de81a57ac997
1734,universe,Shot Hole Leaf,2,Spot Leaf_20241103_193912.jpg.jpg,Shot Hole Leaf/Spot Leaf_20241103_193912.jpg.jpg,644cc9c5a3e68cabcc8b3cbaf59d0411f0e95b909acde2310c3d2a67987f2114
1735,universe,Shot Hole Leaf,2,Spot Leaf_20241103_193915.jpg.jpg,Shot Hole Leaf/Spot Leaf_20241103_193915.jpg.jpg,ee9693b6ef5279d56379eefed07cfd94405158051ab773c53f8d042a51550bf1
1736,universe,Shot Hole Leaf,2,Spot Leaf_20241103_193933.jpg.jpg,Shot Hole Leaf/Spot Leaf_20241103_193933.jpg.jpg,18a107cd79913a2e7528ea2940f823b5db8764c9f1cd4f19eb994db8e78ef684
1737,universe,Shot Hole Leaf,2,Spot Leaf_20241103_193936.jpg.jpg,Shot Hole Leaf/Spot Leaf_20241103_193936.jpg.jpg,9c8ab18f2cfb079e287760ad12328ebf9ed423162f7aff571797f86f0fc542eb
1738,universe,Shot Hole Leaf,2,Spot Leaf_20241103_193942.jpg.jpg,Shot Hole Leaf/Spot Leaf_20241103_193942.jpg.jpg,833ea5c8a70739ad48517982cde4e6ea39329775207ecff5ab754ff924f1fd94
1739,universe,Shot Hole Leaf,2,Spot Leaf_20241103_193952.jpg.jpg,Shot Hole Leaf/Spot Leaf_20241103_193952.jpg.jpg,1b7023be9696950d81e57a3d84665dd7cf9c0b0808a468296d6aa66a481e4957
1740,universe,Shot Hole Leaf,2,Spot Leaf_20241103_193958.jpg.jpg,Shot Hole Leaf/Spot Leaf_20241103_193958.jpg.jpg,644f2109d7769ef92d9b239be3ce6755c74e623eec1cc04fca10b59b5842c4af
1741,universe,Shot Hole Leaf,2,Spot Leaf_20241103_194003.jpg.jpg,Shot Hole Leaf/Spot Leaf_20241103_194003.jpg.jpg,d6d809ad786c3a6f6cc1bd568d6261c0792247aa76c4d3dd06d7b870fd40ac36
1742,universe,Shot Hole Leaf,2,Spot Leaf_20241103_194015.jpg.jpg,Shot Hole Leaf/Spot Leaf_20241103_194015.jpg.jpg,7e9d871ed61970d819930ceb2ff51dbceea193970d76486f50c60ae8d2149b1b
1743,universe,Shot Hole Leaf,2,Spot Leaf_20241103_194018.jpg.jpg,Shot Hole Leaf/Spot Leaf_20241103_194018.jpg.jpg,eefbb5ce36abab9b981bbcc67dfde1afad5b270a4b9977f2affdf0af81ddf83e
1744,universe,Shot Hole Leaf,2,Spot Leaf_20241103_194022.jpg.jpg,Shot Hole Leaf/Spot Leaf_20241103_194022.jpg.jpg,37973e0257ee53b66c6e833c09fc8062429812125df7629397302d760caf3e34
1745,universe,Shot Hole Leaf,2,Spot Leaf_20241103_194025.jpg.jpg,Shot Hole Leaf/Spot Leaf_20241103_194025.jpg.jpg,197527760bd7356bfdb44f6c00378df68f9db31db8163450ad4eafd53851ab81
1746,universe,Shot Hole Leaf,2,Spot Leaf_20241103_194724.jpg.jpg,Shot Hole Leaf/Spot Leaf_20241103_194724.jpg.jpg,e7ee578ffd9b51d4fecc8f5ecb2a4c1ff8163f26ef300a55feaa8ec1392335a2
1747,universe,Shot Hole Leaf,2,Spot Leaf_20241103_194727.jpg.jpg,Shot Hole Leaf/Spot Leaf_20241103_194727.jpg.jpg,38679c5d9d87c2703612282b652e3ce2c3edd34ae6a132d65788bda6892eb18d
1748,universe,Shot Hole Leaf,2,Spot Leaf_20241103_194730.jpg.jpg,Shot Hole Leaf/Spot Leaf_20241103_194730.jpg.jpg,4f102455b11e1bfdbc0675ee31ea8968a2bf778c4337777e752d0bd78dd58ea6
1749,universe,Shot Hole Leaf,2,Spot Leaf_20241103_194734.jpg.jpg,Shot Hole Leaf/Spot Leaf_20241103_194734.jpg.jpg,fb3abf397f8ce2bba6e01b13d4f3e9a53ab11d9083a958ec675a0ef34273a2d4
1750,universe,Shot Hole Leaf,2,Spot Leaf_20241103_194740.jpg.jpg,Shot Hole Leaf/Spot Leaf_20241103_194740.jpg.jpg,99ec637bdf95b19033f99c0cb54f3cdb39945514484e91a76fbd9e49fabff139
1751,universe,Shot Hole Leaf,2,Spot Leaf_20241103_194743.jpg.jpg,Shot Hole Leaf/Spot Leaf_20241103_194743.jpg.jpg,3446b39fef84fd4c8c42ca56cf122450ba91b1c8f0ef90cbfeed37bca58ce408
1752,universe,Shot Hole Leaf,2,Spot Leaf_20241103_194750.jpg.jpg,Shot Hole Leaf/Spot Leaf_20241103_194750.jpg.jpg,c713128cc0c275c68b8b51c37de3a43ab6ead4b6d0e0c9190710b738958ccb64
1753,universe,Shot Hole Leaf,2,Spot Leaf_20241103_194757.jpg.jpg,Shot Hole Leaf/Spot Leaf_20241103_194757.jpg.jpg,d06541fb98cc57a7884be2507f8d0be55f887e746b75cd8aeaba71291bf00ec4
1754,universe,Shot Hole Leaf,2,Spot Leaf_20241103_194800.jpg.jpg,Shot Hole Leaf/Spot Leaf_20241103_194800.jpg.jpg,6313f7c09ee877a5842b52ca321c519753cdea708dc84b96b36768b566e91a1f
1755,universe,Shot Hole Leaf,2,Spot Leaf_20241103_194803.jpg.jpg,Shot Hole Leaf/Spot Leaf_20241103_194803.jpg.jpg,a612f4d2e1895637eb4d3b2cdd0d70a4531b52094ca5cea39a57b30173d01ccd
1756,universe,Shot Hole Leaf,2,Spot Leaf_20241103_194807.jpg.jpg,Shot Hole Leaf/Spot Leaf_20241103_194807.jpg.jpg,1cce16e367f6bce4cc565e8bae810902b457a20af056ff8f449d34c1f82cf884
1757,universe,Shot Hole Leaf,2,Spot Leaf_20241103_194812.jpg.jpg,Shot Hole Leaf/Spot Leaf_20241103_194812.jpg.jpg,b5060c1d1c99a3d2cf69f5f9b7a6135a27eb04cc7673fb2d0805c84b25b39e9d
1758,universe,Shot Hole Leaf,2,Spot Leaf_20241103_194816.jpg.jpg,Shot Hole Leaf/Spot Leaf_20241103_194816.jpg.jpg,7573eef97f5b9fdee3b050dfb4a1190ec31dedcf5f13a51f2d5cd19061fde054
1759,universe,Shot Hole Leaf,2,Spot Leaf_20241103_194818.jpg.jpg,Shot Hole Leaf/Spot Leaf_20241103_194818.jpg.jpg,c69aeeac00a01a4eacf460922c54745c54d46c84d3438b802510fc463290e2cf
1760,universe,Shot Hole Leaf,2,Spot Leaf_20241103_194822.jpg.jpg,Shot Hole Leaf/Spot Leaf_20241103_194822.jpg.jpg,4b09f6a9e02e9c1132f32895763b37080727ad24d55ab42c1dc653b410621c30
1761,universe,Shot Hole Leaf,2,Spot Leaf_20241103_194829.jpg.jpg,Shot Hole Leaf/Spot Leaf_20241103_194829.jpg.jpg,8ce4c6f15fde51ca96542c225b1e18def1d5f9e8d2690f69a8c0f0a484d5915a
1762,universe,Shot Hole Leaf,2,Spot Leaf_20241103_194835.jpg.jpg,Shot Hole Leaf/Spot Leaf_20241103_194835.jpg.jpg,d4cba57cbfa53549202178d79b530946591b2921934f428eafb37ceceda7ee77
1763,universe,Shot Hole Leaf,2,Spot Leaf_20241103_194838.jpg.jpg,Shot Hole Leaf/Spot Leaf_20241103_194838.jpg.jpg,f62eca509032b097950e8eeb4b5b8ef3ac09eb69dfe7797e5f420731212e32e5
1764,universe,Shot Hole Leaf,2,Spot Leaf_20241103_194844.jpg.jpg,Shot Hole Leaf/Spot Leaf_20241103_194844.jpg.jpg,9269d83dc3152ebfff56fda1c9e03b8692adaedc49d3f1362496d14971d26d90
1765,universe,Shot Hole Leaf,2,Spot Leaf_20241103_194847.jpg.jpg,Shot Hole Leaf/Spot Leaf_20241103_194847.jpg.jpg,6fc1ab946932977417dc23fe790abb2dad733442c06a6247f804250696f72159
1766,universe,Shot Hole Leaf,2,Spot Leaf_20241103_194850.jpg.jpg,Shot Hole Leaf/Spot Leaf_20241103_194850.jpg.jpg,4952398b902fc4e34b2d83ba54bb9bafc9dfb8797ca0474cb32aa6fbba877011
1767,universe,Shot Hole Leaf,2,Spot Leaf_20241103_194854.jpg.jpg,Shot Hole Leaf/Spot Leaf_20241103_194854.jpg.jpg,d07d272681aa48a71edeea876f547879a5d6962d911d7e7b814a1507f6a0b5ea
1768,universe,Shot Hole Leaf,2,Spot Leaf_20241103_194901.jpg.jpg,Shot Hole Leaf/Spot Leaf_20241103_194901.jpg.jpg,b29b7a5f32095efba81f7bcb5f639f5b35165234fc211a480cd44db27cec1a45
1769,universe,Shot Hole Leaf,2,Spot Leaf_20241103_194904.jpg.jpg,Shot Hole Leaf/Spot Leaf_20241103_194904.jpg.jpg,a5f44fc043b7409f90996fdac2309e8795fe92cabc3724f9b070651887eccfe7
1770,universe,Shot Hole Leaf,2,Spot Leaf_20241103_194911.jpg.jpg,Shot Hole Leaf/Spot Leaf_20241103_194911.jpg.jpg,c1ed337e32fcf6d3e4164bc5e1a506a9539be83eb52baba0032a4aa7c4d850a2
1771,universe,Shot Hole Leaf,2,Spot Leaf_20241103_194921.jpg.jpg,Shot Hole Leaf/Spot Leaf_20241103_194921.jpg.jpg,3ea76de3db386926ce96be8cf663058a34a055df4d3b28089dfd2a174e3d9c63
1772,universe,Shot Hole Leaf,2,Spot Leaf_20241103_194924.jpg.jpg,Shot Hole Leaf/Spot Leaf_20241103_194924.jpg.jpg,d07fcfd268b54f8748e7fdabf953e85c4b2af7c6659df9f6d0a49f2e8cfd2bac
1773,universe,Shot Hole Leaf,2,Spot Leaf_20241103_194928.jpg.jpg,Shot Hole Leaf/Spot Leaf_20241103_194928.jpg.jpg,9ccdf3e6d351a01d8330002dbccd03d87cf6a7f3d46363ea26e29b074251eaff
1774,universe,Shot Hole Leaf,2,Spot Leaf_20241103_194935.jpg.jpg,Shot Hole Leaf/Spot Leaf_20241103_194935.jpg.jpg,c856761d752565b7c497e6a6750b8343732bc28779a0d14769cf13d4a5b7c776
1775,universe,Shot Hole Leaf,2,Spot Leaf_20241103_194938.jpg.jpg,Shot Hole Leaf/Spot Leaf_20241103_194938.jpg.jpg,bdaa7abb420eafbae8cf023100be94266a88502d29282c2d41f3515a4360d1bb
1776,universe,Shot Hole Leaf,2,Spot Leaf_20241103_194941.jpg.jpg,Shot Hole Leaf/Spot Leaf_20241103_194941.jpg.jpg,753755bf841db0ad2bb2323c3483eca9706e50dfcd1e45ce790c92ed9242ad23
1777,universe,Shot Hole Leaf,2,Spot Leaf_20241103_194944.jpg.jpg,Shot Hole Leaf/Spot Leaf_20241103_194944.jpg.jpg,d8b2395cec8a74bfc86a442824ff065fa2b9d42f3dfe7bc06d8f0f270343a933
1778,universe,Shot Hole Leaf,2,Spot Leaf_20241103_194953.jpg.jpg,Shot Hole Leaf/Spot Leaf_20241103_194953.jpg.jpg,0bb70252fc9597312845b438a4295644d865541718509df4e8db3334bf320bbf
1779,universe,Shot Hole Leaf,2,Spot Leaf_20241103_194956.jpg.jpg,Shot Hole Leaf/Spot Leaf_20241103_194956.jpg.jpg,b78bfe151fefe65102a918269b8bc5b79136f78fa27c4bcb3f25a3f00df27f95
1780,universe,Shot Hole Leaf,2,Spot Leaf_20241103_194958.jpg.jpg,Shot Hole Leaf/Spot Leaf_20241103_194958.jpg.jpg,cb3a2cdcf6119b74274f6588d9b5dc089a4885bf78bed45ffa669e49ca1c4f02
1781,universe,Shot Hole Leaf,2,Spot Leaf_20241103_195002.jpg.jpg,Shot Hole Leaf/Spot Leaf_20241103_195002.jpg.jpg,f83b26569b9f04b7406fb53569be5a472776b3f39527266a324b674938b6ccbf
1782,universe,Shot Hole Leaf,2,Spot Leaf_20241103_195009.jpg.jpg,Shot Hole Leaf/Spot Leaf_20241103_195009.jpg.jpg,4e659ba112ededf3741253dda37d0b1486af5384400e91f40201a56600feae65
1783,universe,Shot Hole Leaf,2,Spot Leaf_20241103_195012.jpg.jpg,Shot Hole Leaf/Spot Leaf_20241103_195012.jpg.jpg,798836f2d86ef2a1b4ca35574397d631ce5654a396c4a24777046437225b68d9
1784,universe,Shot Hole Leaf,2,Spot Leaf_20241103_195015.jpg.jpg,Shot Hole Leaf/Spot Leaf_20241103_195015.jpg.jpg,c6ab9bde1415f34f30205966a277d6fc1d62f72c4f5a7d3aeb9bb170158fe7b5
1785,universe,Shot Hole Leaf,2,Spot Leaf_20241103_195020.jpg.jpg,Shot Hole Leaf/Spot Leaf_20241103_195020.jpg.jpg,77caabd94d0b90fbdf3bcd177844d11e24618d8de0f11da1940008222d6bda51
1786,universe,Shot Hole Leaf,2,Spot Leaf_20241103_195027.jpg.jpg,Shot Hole Leaf/Spot Leaf_20241103_195027.jpg.jpg,7ccf6891eb395afa079282f216139fa41a905e2c936ab11dd36b89f1ea63a020
1787,universe,Shot Hole Leaf,2,Spot Leaf_20241103_195033.jpg.jpg,Shot Hole Leaf/Spot Leaf_20241103_195033.jpg.jpg,6a769c919ee32a35206b267c337d82ac61fe3bbe7a23d3589a69c7ce9728acd0
1788,universe,Shot Hole Leaf,2,Spot Leaf_20241103_195036.jpg.jpg,Shot Hole Leaf/Spot Leaf_20241103_195036.jpg.jpg,eb4da3396bcd8bc33bfe8db7739c9ec680f0b2d02acf85a30a8a4716c163e83e
1789,universe,Shot Hole Leaf,2,Spot Leaf_20241103_195047.jpg.jpg,Shot Hole Leaf/Spot Leaf_20241103_195047.jpg.jpg,91a7036ad782d83566ac940297756b79e6750b9812130d208c5e4017427a8ce1
1790,universe,Shot Hole Leaf,2,Spot Leaf_20241103_195107.jpg.jpg,Shot Hole Leaf/Spot Leaf_20241103_195107.jpg.jpg,e486ae13a097c4f921bbb49e268bce06e517f86c0d6557962c4ab0ab4e3c0f22
1791,universe,Shot Hole Leaf,2,Spot Leaf_20241103_195110.jpg.jpg,Shot Hole Leaf/Spot Leaf_20241103_195110.jpg.jpg,19a18982ccdde11976766782856aef570746ee19d285d2250b98da70fa69b875
1792,universe,Shot Hole Leaf,2,Spot Leaf_20241103_195113.jpg.jpg,Shot Hole Leaf/Spot Leaf_20241103_195113.jpg.jpg,e220ebfc029bdbfdf2342a3a7ffadd1666cdce7e6bbf1027758313497cc15402
1793,universe,Shot Hole Leaf,2,Spot Leaf_20241103_195116.jpg.jpg,Shot Hole Leaf/Spot Leaf_20241103_195116.jpg.jpg,77cb7b88e7315ac4ec3f4b5288cf6b6af184b944d324ba82a3f9005257814fc1
1794,universe,Shot Hole Leaf,2,Spot Leaf_20241103_195127.jpg.jpg,Shot Hole Leaf/Spot Leaf_20241103_195127.jpg.jpg,67c195671c378d58dd84a1b7a682d23156bebb15ce8c6ad55ece6fcc67b6403b
1795,universe,Shot Hole Leaf,2,Spot Leaf_20241103_195130.jpg.jpg,Shot Hole Leaf/Spot Leaf_20241103_195130.jpg.jpg,8487699653ecb722eb36f2d60533b3bb75ee9dc15f468ad85bc3aed2893b552c
1796,universe,Shot Hole Leaf,2,Spot Leaf_20241103_195135.jpg.jpg,Shot Hole Leaf/Spot Leaf_20241103_195135.jpg.jpg,e15e094fc85a81596f6ec2cd62d9310e469bc2f08cedfca32943178b360405b4
1797,universe,Shot Hole Leaf,2,Spot Leaf_20241103_195138.jpg.jpg,Shot Hole Leaf/Spot Leaf_20241103_195138.jpg.jpg,34853ce951d77466f27214b805e2406978113d63592dde386cf420948fd0f163
1798,universe,Shot Hole Leaf,2,Spot Leaf_20241103_195141.jpg.jpg,Shot Hole Leaf/Spot Leaf_20241103_195141.jpg.jpg,64a81a5255a8404c12451471724f248a041d05c3cde21ebc3aa19e72f1f6a6b0
1799,universe,Shot Hole Leaf,2,Spot Leaf_20241103_195145.jpg.jpg,Shot Hole Leaf/Spot Leaf_20241103_195145.jpg.jpg,84a347ba579375a9d77834c445113797c8d270de345b3a9237e7a69ad375c235
1800,universe,Shot Hole Leaf,2,Spot Leaf_20241103_195201.jpg.jpg,Shot Hole Leaf/Spot Leaf_20241103_195201.jpg.jpg,f1d83144824c374a9da8635b9644dc9fe7a76a6f84243de0610985efe48cacbb
1801,universe,Shot Hole Leaf,2,Spot Leaf_20241103_195205.jpg.jpg,Shot Hole Leaf/Spot Leaf_20241103_195205.jpg.jpg,712a017b565ef46dbe1d89a94537211832d0bfd2e8bdb9ba6774816b13db015d
1802,universe,Shot Hole Leaf,2,Spot Leaf_20241103_195208.jpg.jpg,Shot Hole Leaf/Spot Leaf_20241103_195208.jpg.jpg,2b45529a27d8c0dec4ab22a8526d324d89ae31241e46378b107277264a7b7090
1803,universe,Shot Hole Leaf,2,Spot Leaf_20241103_195211.jpg.jpg,Shot Hole Leaf/Spot Leaf_20241103_195211.jpg.jpg,f2d8af56abede2e04d1ac6e12526ebc539f41ee941d7efb1550c7c1b1cdda193
1804,universe,Shot Hole Leaf,2,Spot Leaf_20241103_195229.jpg.jpg,Shot Hole Leaf/Spot Leaf_20241103_195229.jpg.jpg,21fc8ae8d72f02a6640feb54c38838ee1dfe4c52dd1497bdee1ef256b3225f60
1805,universe,Shot Hole Leaf,2,Spot Leaf_20241103_195232.jpg.jpg,Shot Hole Leaf/Spot Leaf_20241103_195232.jpg.jpg,1713f666f2b05d499d21521818cb8ed3dbedb94b1a81b55af9cf583895ce356b
1806,universe,Shot Hole Leaf,2,Spot Leaf_20241103_195237.jpg.jpg,Shot Hole Leaf/Spot Leaf_20241103_195237.jpg.jpg,07ea99c089c2ba3e36c485d2934f2d7d2d0dc0b2c3ad811993649151e6c5ec86
1807,universe,Shot Hole Leaf,2,Spot Leaf_20241103_195241.jpg.jpg,Shot Hole Leaf/Spot Leaf_20241103_195241.jpg.jpg,3e69d410081344632c8f05df68c503d99a82e4ee2d3c634f478e3038c370acd8
1808,universe,Shot Hole Leaf,2,Spot Leaf_20241103_195300.jpg.jpg,Shot Hole Leaf/Spot Leaf_20241103_195300.jpg.jpg,30e18899f406c723bf1b4f1e6a5a3639ff15d56667db5027155325300d6e5364
1809,universe,Shot Hole Leaf,2,Spot Leaf_20241103_195303.jpg.jpg,Shot Hole Leaf/Spot Leaf_20241103_195303.jpg.jpg,7a805140dcd64a04235848944262cc2adda414c7e9a11f1f9708ee2166dc0c5a
1810,universe,Shot Hole Leaf,2,Spot Leaf_20241103_195305.jpg.jpg,Shot Hole Leaf/Spot Leaf_20241103_195305.jpg.jpg,2e0122be20a838f17cf39a4457caaa24c2ee8ef5f009ac7fd7ddbe1856311e70
1811,universe,Shot Hole Leaf,2,Spot Leaf_20241103_195309.jpg.jpg,Shot Hole Leaf/Spot Leaf_20241103_195309.jpg.jpg,cd03829a813e898ce3b6b73fd2450d9975446d73babc140a6989f8deb01cdb6a
1812,universe,Shot Hole Leaf,2,Spot Leaf_20241103_195317.jpg.jpg,Shot Hole Leaf/Spot Leaf_20241103_195317.jpg.jpg,43bbc0420c2b4e473da95470495e7569a34e3143e840d72fc807b27ffa05871e
1813,universe,Shot Hole Leaf,2,Spot Leaf_20241103_195320.jpg.jpg,Shot Hole Leaf/Spot Leaf_20241103_195320.jpg.jpg,431f5c7ac226f7713788c97b5ff23c84a29e6c5bafb2f3c61607c02e40c90966
1814,universe,Shot Hole Leaf,2,Spot Leaf_20241103_195327.jpg.jpg,Shot Hole Leaf/Spot Leaf_20241103_195327.jpg.jpg,8d0500c197b6156c8e5b54e02a71b56de769e97bb8cb0c58d2f4077bf24a39b3
1815,universe,Shot Hole Leaf,2,Spot Leaf_20241103_195336.jpg.jpg,Shot Hole Leaf/Spot Leaf_20241103_195336.jpg.jpg,22535522cf2d9b891255e2485938033d784f3d7b037e3eb3373cdc6fc12a4222
1816,universe,Shot Hole Leaf,2,Spot Leaf_20241103_195339.jpg.jpg,Shot Hole Leaf/Spot Leaf_20241103_195339.jpg.jpg,d9dc0c00b770be18405e4b3153d6c44a1d4a64f8ecbe7d0b23556d6e4ca2aefa
1817,universe,Shot Hole Leaf,2,Spot Leaf_20241103_195355.jpg.jpg,Shot Hole Leaf/Spot Leaf_20241103_195355.jpg.jpg,a69150096c561dc8d9e177060bfb67d247fae37126916dec848eba9a0c29e3e0
1818,universe,Shot Hole Leaf,2,Spot Leaf_20241103_195358.jpg.jpg,Shot Hole Leaf/Spot Leaf_20241103_195358.jpg.jpg,a30de1dd5423d5fcc25c34fd694a05c068636c369f9d2aa767a7d82ee951b3d5
1819,universe,Shot Hole Leaf,2,Spot Leaf_20241103_195402.jpg.jpg,Shot Hole Leaf/Spot Leaf_20241103_195402.jpg.jpg,8599c0ef770cf9408c09b2b25f24e8ae29916966265ef842ed9bd94147850217
1820,universe,Shot Hole Leaf,2,Spot Leaf_20241103_195408.jpg.jpg,Shot Hole Leaf/Spot Leaf_20241103_195408.jpg.jpg,3eff6c8da43180b346a55280eafc3e9bfa11b2184efc49cc0e4f72ed75a31192
1821,universe,Shot Hole Leaf,2,Spot Leaf_20241103_195411.jpg.jpg,Shot Hole Leaf/Spot Leaf_20241103_195411.jpg.jpg,88ab9bd99a26abced2c037387ae244cbffe01b33d5a6cf03aa936a47033ce287
1822,universe,Shot Hole Leaf,2,Spot Leaf_20241103_195414.jpg.jpg,Shot Hole Leaf/Spot Leaf_20241103_195414.jpg.jpg,25336f5871f87972952a2d97fadaabeed0c3082f1983bcefa283959302c9a8ff
1823,universe,Shot Hole Leaf,2,Spot Leaf_20241103_195418.jpg.jpg,Shot Hole Leaf/Spot Leaf_20241103_195418.jpg.jpg,27cf170424d53db27ab8e4409fee0ca6df0bdfa26ed3a20439e04d8fec0f436c
1824,universe,Shot Hole Leaf,2,Spot Leaf_20241103_195441.jpg.jpg,Shot Hole Leaf/Spot Leaf_20241103_195441.jpg.jpg,559896754619035dbe1a3144286788b48997799dc8a1e3af5d3ca5b15b9f2959
1825,universe,Shot Hole Leaf,2,Spot Leaf_20241103_195444.jpg.jpg,Shot Hole Leaf/Spot Leaf_20241103_195444.jpg.jpg,215e6f496cd482ffb49219679eba611e3cfda20859702bd991634af3289d84f6
1826,universe,Shot Hole Leaf,2,Spot Leaf_20241103_195455.jpg.jpg,Shot Hole Leaf/Spot Leaf_20241103_195455.jpg.jpg,b211ae1cb063ebe79045316e6cc95d8ad2e0260db756d19c5250d04810083b42
1827,universe,Shot Hole Leaf,2,Spot Leaf_20241103_195458.jpg.jpg,Shot Hole Leaf/Spot Leaf_20241103_195458.jpg.jpg,987ee0c3b9a2700f2810145c719a9248aae1816b0b3ee6a515bf784619122011
1828,universe,Shot Hole Leaf,2,Spot Leaf_20241103_195505.jpg.jpg,Shot Hole Leaf/Spot Leaf_20241103_195505.jpg.jpg,64e07dd360f409918a5e46d0b917f39ed6c986d38b1e71e815892229ec6cc393
1829,universe,Shot Hole Leaf,2,Spot Leaf_20241103_195507.jpg.jpg,Shot Hole Leaf/Spot Leaf_20241103_195507.jpg.jpg,35807d79cdefe5993c85449001a798bbebf6f5740ded7f72a064e358e1224231
1830,universe,Shot Hole Leaf,2,Spot Leaf_20241103_195510.jpg.jpg,Shot Hole Leaf/Spot Leaf_20241103_195510.jpg.jpg,fc65415d6e70f1e5aeaaa85465a36f8a42e9d56c249d8e6eb79786cb3aad403b
1831,universe,Shot Hole Leaf,2,Spot Leaf_20241103_195513.jpg.jpg,Shot Hole Leaf/Spot Leaf_20241103_195513.jpg.jpg,504175839941ad85b779dd054bc2428d1be5de9dc7f03e88a2887f6f87eb69f0
1832,universe,Shot Hole Leaf,2,Spot Leaf_20241103_195524.jpg.jpg,Shot Hole Leaf/Spot Leaf_20241103_195524.jpg.jpg,4f1b4f6f49934420739d735d4894f5449cceb1bfd8ffec886c7fadafb931e1bc
1833,universe,Shot Hole Leaf,2,Spot Leaf_20241103_195528.jpg.jpg,Shot Hole Leaf/Spot Leaf_20241103_195528.jpg.jpg,f4ec8fdb171a7d692229e361303635040983636eae7326708541157ab73d3e55
1834,universe,Shot Hole Leaf,2,Spot Leaf_20241103_195533.jpg.jpg,Shot Hole Leaf/Spot Leaf_20241103_195533.jpg.jpg,78aa26934737d45807fec98b6e41199945c1b94a0a9267e0d08afc70cce26d99
1835,universe,Shot Hole Leaf,2,Spot Leaf_20241103_195536.jpg.jpg,Shot Hole Leaf/Spot Leaf_20241103_195536.jpg.jpg,36afcbccfe8aefd34c3a9b09a7135697da83e6e3e26b2cf0c14c79d7a159766a
1836,universe,Shot Hole Leaf,2,Spot Leaf_20241103_195539.jpg.jpg,Shot Hole Leaf/Spot Leaf_20241103_195539.jpg.jpg,adc2f5a22aef8f49d4d8e95911806cf69aea163ceaa63e01bd0510c7a447a0ab
1837,universe,Shot Hole Leaf,2,Spot Leaf_20241103_195542.jpg.jpg,Shot Hole Leaf/Spot Leaf_20241103_195542.jpg.jpg,d15e0b45f3d645316341a573e344efefc757c3a76cc04c81dbaa59d06a51d1e8
1838,universe,Shot Hole Leaf,2,Spot Leaf_20241103_195549.jpg.jpg,Shot Hole Leaf/Spot Leaf_20241103_195549.jpg.jpg,dbd12426e21f6b36bb5f48cb12b110ce0834e3b4372910d5845061e28126ab98
1839,universe,Shot Hole Leaf,2,Spot Leaf_20241103_195554.jpg.jpg,Shot Hole Leaf/Spot Leaf_20241103_195554.jpg.jpg,64161016e67b23d448903c2e98b11b4b1bf570dc59da7df52fdc11625d8d511b
1840,universe,Shot Hole Leaf,2,Spot Leaf_20241103_195558.jpg.jpg,Shot Hole Leaf/Spot Leaf_20241103_195558.jpg.jpg,26e28cbaa6dfc04659724fbe27c4edf1c780856c7a88f92ad94f6151bc290886
1841,universe,Shot Hole Leaf,2,Spot Leaf_20241103_195601.jpg.jpg,Shot Hole Leaf/Spot Leaf_20241103_195601.jpg.jpg,d2acd46c7d2c3c53b35d56791462c44e48b88ad5b7b1869cfb101b2c536f7f87
1842,universe,Shot Hole Leaf,2,Spot Leaf_20241103_195610.jpg.jpg,Shot Hole Leaf/Spot Leaf_20241103_195610.jpg.jpg,576ac3ea3e9b3cf13020529ac1fb01161a8d0ef65b33dd8677834bb69915e2ce
1843,universe,Shot Hole Leaf,2,Spot Leaf_20241103_195614.jpg.jpg,Shot Hole Leaf/Spot Leaf_20241103_195614.jpg.jpg,70b6cb5c95e1c825fd467d8fa680afedb625c6fc2780d18dced2ce0985a37533
1844,universe,Shot Hole Leaf,2,Spot Leaf_20241103_195617.jpg.jpg,Shot Hole Leaf/Spot Leaf_20241103_195617.jpg.jpg,d7840cffa0fb0c1682904a9cdcbb908ceecd2f3439214f27860c0b92333073c2
1845,universe,Shot Hole Leaf,2,Spot Leaf_20241103_195620.jpg.jpg,Shot Hole Leaf/Spot Leaf_20241103_195620.jpg.jpg,1d71f5ec8fc6f99fccac0bb0926d170c6569cd2717cd3d046f12035af5cfb695
1846,universe,Shot Hole Leaf,2,Spot Leaf_20241103_195626.jpg.jpg,Shot Hole Leaf/Spot Leaf_20241103_195626.jpg.jpg,8e542d6e661f957e8abfc66d3829fb45705e4f606b2400303fa9e8f74a188b02
1847,universe,Shot Hole Leaf,2,Spot Leaf_20241103_195628.jpg.jpg,Shot Hole Leaf/Spot Leaf_20241103_195628.jpg.jpg,a2f59102f982f8ed37616d08a9c16ea200209c4f43b74fff217f7cae51320670
1848,universe,Shot Hole Leaf,2,Spot Leaf_20241103_195636.jpg.jpg,Shot Hole Leaf/Spot Leaf_20241103_195636.jpg.jpg,ee5005ada0886214f36717a9b8612ada20b83e25b3ba15acfad7812ed14b6dd3
1849,universe,Shot Hole Leaf,2,Spot Leaf_20241103_195638.jpg.jpg,Shot Hole Leaf/Spot Leaf_20241103_195638.jpg.jpg,458bc53b983dca855f996318cda4297e1ed07361c86cfa70068078a6ee25763f
1850,universe,Shot Hole Leaf,2,Spot Leaf_20241103_195641.jpg.jpg,Shot Hole Leaf/Spot Leaf_20241103_195641.jpg.jpg,1903717968b9bdba82da0e2be9f21eb02f9d71bbccf9a526ef5e33693f02b044
1851,universe,Shot Hole Leaf,2,Spot Leaf_20241103_195644.jpg.jpg,Shot Hole Leaf/Spot Leaf_20241103_195644.jpg.jpg,9f3b64ea80bf37e4eec22960fc467a25f93d87b2926881b21f873b0bb1c33899
1852,universe,Shot Hole Leaf,2,Spot Leaf_20241103_195650.jpg.jpg,Shot Hole Leaf/Spot Leaf_20241103_195650.jpg.jpg,60490ac6a66069a27066ff8bac69c7cfba9fbc2ac928cdb0967d98b7d5000377
1853,universe,Shot Hole Leaf,2,Spot Leaf_20241103_195653.jpg.jpg,Shot Hole Leaf/Spot Leaf_20241103_195653.jpg.jpg,728b7e8565f5925d47dc7f8fa54a5614dd52a98915658bad74121ca583e2f473
1854,universe,Shot Hole Leaf,2,Spot Leaf_20241103_195655.jpg.jpg,Shot Hole Leaf/Spot Leaf_20241103_195655.jpg.jpg,5bdd11bc61cc4f0211c5d29e4c99110caa607c83f8f7a19680f84210205f7837
1855,universe,Shot Hole Leaf,2,Spot Leaf_20241103_195658.jpg.jpg,Shot Hole Leaf/Spot Leaf_20241103_195658.jpg.jpg,4459c15dc49372a495a930500304f1cd40d85158b87c4a3b62659f7f55d1dd89
1856,universe,Shot Hole Leaf,2,Spot Leaf_20241103_195705.jpg.jpg,Shot Hole Leaf/Spot Leaf_20241103_195705.jpg.jpg,e85a5cfa6da97ccae42c812ef32091c211c9c37fbfcd27b7d1be159079b662a0
1857,universe,Shot Hole Leaf,2,Spot Leaf_20241103_195708.jpg.jpg,Shot Hole Leaf/Spot Leaf_20241103_195708.jpg.jpg,1326b84e7b1dde1309dbb73a999af2e526d0709ad4c915dafa5bd4d57a33a8e0
1858,universe,Shot Hole Leaf,2,Spot Leaf_20241103_195710.jpg.jpg,Shot Hole Leaf/Spot Leaf_20241103_195710.jpg.jpg,384a2657fadc84967238c73c6f284a3688adbf943039a5d1b4bd49f5c48c98b1
1859,universe,Shot Hole Leaf,2,Spot Leaf_20241103_195713.jpg.jpg,Shot Hole Leaf/Spot Leaf_20241103_195713.jpg.jpg,28dd18cc862dcd92c23764f05e890012b8c464f1957a1825a00cca64412fe2f6
1860,universe,Shot Hole Leaf,2,Spot Leaf_20241103_195721.jpg.jpg,Shot Hole Leaf/Spot Leaf_20241103_195721.jpg.jpg,69425a05dcd08d3028de81b8aa2b12f3f1a11a56c40633c17575ca510512367d
1861,universe,Shot Hole Leaf,2,Spot Leaf_20241103_195724.jpg.jpg,Shot Hole Leaf/Spot Leaf_20241103_195724.jpg.jpg,ae48eb732b03de3d8f418d5ab84312c6bc9e347671fff69c8caa7f42beee855b
1862,universe,Shot Hole Leaf,2,Spot Leaf_20241103_195727.jpg.jpg,Shot Hole Leaf/Spot Leaf_20241103_195727.jpg.jpg,b1695e0a8ac09dcfa9a9e67f7576079e078e9ed9bf165b484df24c0c11338889
1863,universe,Shot Hole Leaf,2,Spot Leaf_20241103_195734.jpg.jpg,Shot Hole Leaf/Spot Leaf_20241103_195734.jpg.jpg,192577b0af679aea627e75d41e092f9bc4f001b5e495470dafb1c496933e965a
1864,universe,Shot Hole Leaf,2,Spot Leaf_20241103_195736.jpg.jpg,Shot Hole Leaf/Spot Leaf_20241103_195736.jpg.jpg,a743585e648d6858063c4f4199d168a6ab0257e6d2f7a254b6b0f2917805937f
1865,universe,Shot Hole Leaf,2,Spot Leaf_20241103_195739.jpg.jpg,Shot Hole Leaf/Spot Leaf_20241103_195739.jpg.jpg,6700fbc01392852d2426ac8b7cdb5e39643ef0a1f85b9823995e96848f6d7719
1866,universe,Shot Hole Leaf,2,Spot Leaf_20241103_195742.jpg.jpg,Shot Hole Leaf/Spot Leaf_20241103_195742.jpg.jpg,e6278bca93aa854d166b3242ed7c0438eaee5b608b6140beca0d8f2811643c3c
1867,universe,Shot Hole Leaf,2,Spot Leaf_20241103_195755.jpg.jpg,Shot Hole Leaf/Spot Leaf_20241103_195755.jpg.jpg,9149520f5b5c1280f7a50ff5d907a9e3416ce642f0cdab7ba89cd3582ba464ec
1868,universe,Shot Hole Leaf,2,Spot Leaf_20241103_195800.jpg.jpg,Shot Hole Leaf/Spot Leaf_20241103_195800.jpg.jpg,f0f4f55cfed93997f553ee7207281b34d04bb8aabadede51d6ec8427dde278c2
1869,universe,Shot Hole Leaf,2,Spot Leaf_20241103_195802.jpg.jpg,Shot Hole Leaf/Spot Leaf_20241103_195802.jpg.jpg,9cc0c05e9da3866f596575cb578d426b2fd182832ffd0d41e27f73573787e2c5
1870,universe,Shot Hole Leaf,2,Spot Leaf_20241103_195811.jpg.jpg,Shot Hole Leaf/Spot Leaf_20241103_195811.jpg.jpg,8a06c811e06e8e9b7eec905e631de2bed76ba278f13d79badf8789663135bccf
1871,universe,Shot Hole Leaf,2,Spot Leaf_20241103_195814.jpg.jpg,Shot Hole Leaf/Spot Leaf_20241103_195814.jpg.jpg,f0c82818dd3031f7b59ded749eb1542351196e785cb9530a3f071a50734d4c23
1872,universe,Shot Hole Leaf,2,Spot Leaf_20241103_195816.jpg.jpg,Shot Hole Leaf/Spot Leaf_20241103_195816.jpg.jpg,171922e63165c249ab8cd093c89bdafe13ea29c7e2296f4bdfa2aa41695d1939
1873,universe,Shot Hole Leaf,2,Spot Leaf_20241103_195827.jpg.jpg,Shot Hole Leaf/Spot Leaf_20241103_195827.jpg.jpg,6539f3f987359bc271ea3e2f0404871b30f3b9fd29ce589833aacb5fa5863148
1874,universe,Shot Hole Leaf,2,Spot Leaf_20241103_195836.jpg.jpg,Shot Hole Leaf/Spot Leaf_20241103_195836.jpg.jpg,c58f3a9bb6f5e328791c926d7590fca7ad85358854abfa7f9a2b9122fae80c65
1875,universe,Shot Hole Leaf,2,Spot Leaf_20241103_195841.jpg.jpg,Shot Hole Leaf/Spot Leaf_20241103_195841.jpg.jpg,90e369b0b776e42d794957d330fc1653921fa907b1d2020ea66db821bd3c5cdf
1876,universe,Shot Hole Leaf,2,Spot Leaf_20241103_195843.jpg.jpg,Shot Hole Leaf/Spot Leaf_20241103_195843.jpg.jpg,418bc97a8ae29050c47a36df0865e0cb649b20fc49ff1fd95d2d5eef82318dd7
1877,universe,Shot Hole Leaf,2,Spot Leaf_20241103_195849.jpg.jpg,Shot Hole Leaf/Spot Leaf_20241103_195849.jpg.jpg,08dc8a10b7f877820b17c8fe651de8447f70865b7d6f7067cc04cf0c4b5456b0
1878,universe,Shot Hole Leaf,2,Spot Leaf_20241103_195852.jpg.jpg,Shot Hole Leaf/Spot Leaf_20241103_195852.jpg.jpg,10486f97bcdf886165840ce06f8688eba6a736633639163ec7e082428f4a4aa1
1879,universe,Shot Hole Leaf,2,Spot Leaf_20241103_195855.jpg.jpg,Shot Hole Leaf/Spot Leaf_20241103_195855.jpg.jpg,75d60cd25841a9da97b3182299ffc0d086da3f439c49bcde45c0a60b6ce91e6c
1880,universe,Shot Hole Leaf,2,Spot Leaf_20241103_195906.jpg.jpg,Shot Hole Leaf/Spot Leaf_20241103_195906.jpg.jpg,efa4893e88dc2dba75753d1974f419d7254fea96c068613942ab6138e0974891
1881,universe,Shot Hole Leaf,2,Spot Leaf_20241103_195909.jpg.jpg,Shot Hole Leaf/Spot Leaf_20241103_195909.jpg.jpg,5ddafd0a66842387c24fc79d6c804394b1bf0ea489db9f18c37818224019be56
1882,universe,Shot Hole Leaf,2,Spot Leaf_20241103_195911.jpg.jpg,Shot Hole Leaf/Spot Leaf_20241103_195911.jpg.jpg,da43df68930ac288ad04cc8d776a8b9df9209376c996339f78daff143c3d955f
1883,universe,Shot Hole Leaf,2,Spot Leaf_20241103_195917.jpg.jpg,Shot Hole Leaf/Spot Leaf_20241103_195917.jpg.jpg,2d1db080c5dd7c2d2464c46b7ca73ac3fea98c5aad44f8a28a10b7c58d71e63c
1884,universe,Shot Hole Leaf,2,Spot Leaf_20241103_195920.jpg.jpg,Shot Hole Leaf/Spot Leaf_20241103_195920.jpg.jpg,c0d2878d56cbf4bf1a44a378a96af5eab5d0f6e1e70eb1da3c99db07ad0b19f5
1885,universe,Shot Hole Leaf,2,Spot Leaf_20241103_195923.jpg.jpg,Shot Hole Leaf/Spot Leaf_20241103_195923.jpg.jpg,16e4975e0a576d14c69bba9c69964c061f1d8f8c5aafa5fc7efd9d6c0dc7aabf
1886,universe,Shot Hole Leaf,2,Spot Leaf_20241103_195930.jpg.jpg,Shot Hole Leaf/Spot Leaf_20241103_195930.jpg.jpg,f1cc650af399d0a36e798e685cf05b893456d64f80786e74b7aba33cf128bcb1
1887,universe,Shot Hole Leaf,2,Spot Leaf_20241103_195933.jpg.jpg,Shot Hole Leaf/Spot Leaf_20241103_195933.jpg.jpg,9100a596b48497022f755ef3dbecfec3bc93e240fb1ababe6c10ad0467de339a
1888,universe,Shot Hole Leaf,2,Spot Leaf_20241103_195936.jpg.jpg,Shot Hole Leaf/Spot Leaf_20241103_195936.jpg.jpg,b0af3b9b2c3fc6c37689335de0e45810638e9abedeb8507ba5ef0561c885f96f
1889,universe,Shot Hole Leaf,2,Spot Leaf_20241103_195945.jpg.jpg,Shot Hole Leaf/Spot Leaf_20241103_195945.jpg.jpg,c7ecd9f46211b9d4f8fa749f860aade26799821f9a52ccb23a3119f8dfcd2773
1890,universe,Shot Hole Leaf,2,Spot Leaf_20241103_195947.jpg.jpg,Shot Hole Leaf/Spot Leaf_20241103_195947.jpg.jpg,0e3bffd34ae1343236a0e203fa6a9d2ee3b9f67339de475621b46a4336b26b78
1891,universe,Shot Hole Leaf,2,Spot Leaf_20241103_195950.jpg.jpg,Shot Hole Leaf/Spot Leaf_20241103_195950.jpg.jpg,54cd7ea072b57084bfef2804a0a26b8cfaa3ea96ca541673f24ec9a6f05079b6
1892,universe,Shot Hole Leaf,2,Spot Leaf_IMG_20241103_191326.jpg.jpg,Shot Hole Leaf/Spot Leaf_IMG_20241103_191326.jpg.jpg,8d582cb5bec032c0ed10aac2b8c954a403ea6935c31d94501388ee64de48f8c7
1893,universe,Shot Hole Leaf,2,Spot Leaf_IMG_20241103_191336.jpg.jpg,Shot Hole Leaf/Spot Leaf_IMG_20241103_191336.jpg.jpg,019f7126f28a5d77a8d219ff91b7aa7bc006ab71b482e51d4e7319727a86ff72
1894,universe,Shot Hole Leaf,2,Spot Leaf_IMG_20241103_191344.jpg.jpg,Shot Hole Leaf/Spot Leaf_IMG_20241103_191344.jpg.jpg,ca2551e45d4d114fd8a2769f652dd97837568f8e89e65973386e9e4837975c75
1895,universe,Shot Hole Leaf,2,Spot Leaf_IMG_20241103_191346.jpg.jpg,Shot Hole Leaf/Spot Leaf_IMG_20241103_191346.jpg.jpg,65ecf665beb8163982b96e81d921f3a7738ebad8d22e3b5bba76f1b203c205a9
1896,universe,Shot Hole Leaf,2,Spot Leaf_IMG_20241103_191442.jpg.jpg,Shot Hole Leaf/Spot Leaf_IMG_20241103_191442.jpg.jpg,a2cf6faea6ec16a6a6662ac88f70700c9db201307dbaf441fd5a6b8a2970f998
1897,universe,Shot Hole Leaf,2,Spot Leaf_IMG_20241103_191444.jpg.jpg,Shot Hole Leaf/Spot Leaf_IMG_20241103_191444.jpg.jpg,6376b0f835f1da0bd62fbae5dd3af2e9345329781bae167ccf6e19afc7f96929
1898,universe,Shot Hole Leaf,2,Spot Leaf_IMG_20241103_191721.jpg.jpg,Shot Hole Leaf/Spot Leaf_IMG_20241103_191721.jpg.jpg,68972cbe4c816717da5f5939a84a567ef0de4d20a1cc79c9a99618f361b717f1
1899,universe,Shot Hole Leaf,2,Spot Leaf_IMG_20241103_191723.jpg.jpg,Shot Hole Leaf/Spot Leaf_IMG_20241103_191723.jpg.jpg,03e626045244856246415948e824c4696f98a963c2ff10f9894e06dfeafcf349
1900,universe,Shot Hole Leaf,2,Spot Leaf_IMG_20241103_191755.jpg.jpg,Shot Hole Leaf/Spot Leaf_IMG_20241103_191755.jpg.jpg,c72999c67cb27459f8b3cee0f4fca18baa02d5ac1ff1593c204600fa414607e7
1901,universe,Shot Hole Leaf,2,Spot Leaf_IMG_20241103_191756.jpg.jpg,Shot Hole Leaf/Spot Leaf_IMG_20241103_191756.jpg.jpg,23a01a1abbe5718c79f3197a5681cf9aab17a24e505f31c8a3b86feb083804f9
1902,universe,Shot Hole Leaf,2,Spot Leaf_IMG_20241103_191801.jpg.jpg,Shot Hole Leaf/Spot Leaf_IMG_20241103_191801.jpg.jpg,cf1943d3b76f90af9229a1607c4e4a3a9356853441e018ddc464fac38317d619
1903,universe,Shot Hole Leaf,2,Spot Leaf_IMG_20241103_191819.jpg.jpg,Shot Hole Leaf/Spot Leaf_IMG_20241103_191819.jpg.jpg,e77192152cd9fd072da048b55c9feb2633352c1c6c9d28203e177d715aff5cc4
1904,universe,Shot Hole Leaf,2,Spot Leaf_IMG_20241103_191825.jpg.jpg,Shot Hole Leaf/Spot Leaf_IMG_20241103_191825.jpg.jpg,4cdceac7e26fe9a371d317019456bfe269277b08fb6c2dfdbf7c9cdeed572cf1
1905,universe,Shot Hole Leaf,2,Spot Leaf_IMG_20241103_191826.jpg.jpg,Shot Hole Leaf/Spot Leaf_IMG_20241103_191826.jpg.jpg,d4c4818c0c3e51278a633c20a8d5819e362f2c9cdbf00e361d36fe3db7260f6d
1906,universe,Shot Hole Leaf,2,Spot Leaf_IMG_20241103_191835.jpg.jpg,Shot Hole Leaf/Spot Leaf_IMG_20241103_191835.jpg.jpg,5b645f1763364d6239ab70159397ea72becab9ea0cffb7a131337e839557d2f0
1907,universe,Shot Hole Leaf,2,Spot Leaf_IMG_20241103_191846.jpg.jpg,Shot Hole Leaf/Spot Leaf_IMG_20241103_191846.jpg.jpg,73c487d8ac0b44a80348698edd47ca843a4cbafbadaece4dd748e241f41fbad9
1908,universe,Shot Hole Leaf,2,Spot Leaf_IMG_20241103_191853.jpg.jpg,Shot Hole Leaf/Spot Leaf_IMG_20241103_191853.jpg.jpg,ec458f0a1469aee56f9d718cb40c64b71911ec4c24c29025ce6b8dc68631e924
1909,universe,Shot Hole Leaf,2,Spot Leaf_IMG_20241103_191854.jpg.jpg,Shot Hole Leaf/Spot Leaf_IMG_20241103_191854.jpg.jpg,857be5f5d3fb381c44edd18f13bbc39de6f6e4204def6a21d89f04992accb1de
1910,universe,Shot Hole Leaf,2,Spot Leaf_IMG_20241103_191900.jpg.jpg,Shot Hole Leaf/Spot Leaf_IMG_20241103_191900.jpg.jpg,90bf89802b37c4fd386b5f8f6bb6eeab6286d59951384da22b95af15511ee3c3
1911,universe,Shot Hole Leaf,2,Spot Leaf_IMG_20241103_191910.jpg.jpg,Shot Hole Leaf/Spot Leaf_IMG_20241103_191910.jpg.jpg,2a4fa72ed2ad8b0e8c2ec4e8bc33031ea6aabdc5c27c83e9976708d0c95f22ce
1912,universe,Shot Hole Leaf,2,Spot Leaf_IMG_20241103_191916.jpg.jpg,Shot Hole Leaf/Spot Leaf_IMG_20241103_191916.jpg.jpg,fba973d2106f68adc1fb9d0821518c4b668a45bb20ebe5f70c3de18d0699b61f
1913,universe,Shot Hole Leaf,2,Spot Leaf_IMG_20241103_191927.jpg.jpg,Shot Hole Leaf/Spot Leaf_IMG_20241103_191927.jpg.jpg,989a357283b0cd33ed242ead3d2ed50710b19aa70677bdb874c8a100d10ef38b
1914,universe,Shot Hole Leaf,2,Spot Leaf_IMG_20241103_191931.jpg.jpg,Shot Hole Leaf/Spot Leaf_IMG_20241103_191931.jpg.jpg,67dea6f8249f1b26fce3fdffa062635df99b3026af1cb53fa1728e9c549f24d1
1915,universe,Shot Hole Leaf,2,Spot Leaf_IMG_20241103_191933.jpg.jpg,Shot Hole Leaf/Spot Leaf_IMG_20241103_191933.jpg.jpg,8fa19c57163100a360c8c7be6c2718f09341a82887e89c5d41095b3478c82560
1916,universe,Shot Hole Leaf,2,Spot Leaf_IMG_20241103_191939.jpg.jpg,Shot Hole Leaf/Spot Leaf_IMG_20241103_191939.jpg.jpg,c6345779d006b9967110736740608562690d1d04bbbf9d6f5aa070913c36b3ca
1917,universe,Shot Hole Leaf,2,Spot Leaf_IMG_20241103_191942.jpg.jpg,Shot Hole Leaf/Spot Leaf_IMG_20241103_191942.jpg.jpg,d6f9205cceb67755ac28c8c750ff038fd4974178e1dcc8f265b539777b8fa1f5
1918,universe,Shot Hole Leaf,2,Spot Leaf_IMG_20241103_191944.jpg.jpg,Shot Hole Leaf/Spot Leaf_IMG_20241103_191944.jpg.jpg,ad87c791e731dd8968609a1ed4d7ca001009c027cfd3419484b0b1aca4da9714
1919,universe,Shot Hole Leaf,2,Spot Leaf_IMG_20241103_191956.jpg.jpg,Shot Hole Leaf/Spot Leaf_IMG_20241103_191956.jpg.jpg,7f5c6441781ae08c8f842e028c0ea46af5a23163e43ec5407921e7b90494ec92
1920,universe,Shot Hole Leaf,2,Spot Leaf_IMG_20241103_191959.jpg.jpg,Shot Hole Leaf/Spot Leaf_IMG_20241103_191959.jpg.jpg,c9f2c682b436f2bcdda8550ef5fd0e91b9b2d4da7103c8439c3bd1a548d0d98b
1921,universe,Shot Hole Leaf,2,Spot Leaf_IMG_20241103_192010.jpg.jpg,Shot Hole Leaf/Spot Leaf_IMG_20241103_192010.jpg.jpg,8e32bfa8c41c023e5b26873db7c887df7b3089dd62f9310aee2ea68b5a1fb4a7
1922,universe,Shot Hole Leaf,2,Spot Leaf_IMG_20241103_192013.jpg.jpg,Shot Hole Leaf/Spot Leaf_IMG_20241103_192013.jpg.jpg,44093d11cdc92e0d95ad0f378efff57994da0c6e884fb1d6fc979fd26c87910d
1923,universe,Shot Hole Leaf,2,Spot Leaf_IMG_20241103_192024.jpg.jpg,Shot Hole Leaf/Spot Leaf_IMG_20241103_192024.jpg.jpg,359cd4465f58098ec1b44c9cc98ec2cd9bd0cdcd53c1194f3eb945d41590e15b
1924,universe,Shot Hole Leaf,2,Spot Leaf_IMG_20241103_192028.jpg.jpg,Shot Hole Leaf/Spot Leaf_IMG_20241103_192028.jpg.jpg,f61471b44612f40c7f6d9fec11e737029774719e95c46153ab86b9ace3e80e0a
1925,universe,Shot Hole Leaf,2,Spot Leaf_IMG_20241103_192048.jpg.jpg,Shot Hole Leaf/Spot Leaf_IMG_20241103_192048.jpg.jpg,66bb90a91b1cc30e9f85b70e7a724bdc8ea5efe777a3a00640e5a621598a0d76
1926,universe,Shot Hole Leaf,2,Spot Leaf_IMG_20241103_192054.jpg.jpg,Shot Hole Leaf/Spot Leaf_IMG_20241103_192054.jpg.jpg,8df80d68d4d31bcd43dbe98408fb50352bcbaca24c694e32321f2355f87414e1
1927,universe,Shot Hole Leaf,2,Spot Leaf_IMG_20241103_192101.jpg.jpg,Shot Hole Leaf/Spot Leaf_IMG_20241103_192101.jpg.jpg,03dab3ad8a4cfdcf736dfe6802e2e7a71b66eac2bc713779a540d34d0dea7bc9
1928,universe,Shot Hole Leaf,2,Spot Leaf_IMG_20241103_192103.jpg.jpg,Shot Hole Leaf/Spot Leaf_IMG_20241103_192103.jpg.jpg,5b8a80c64d89842f0352920b53e5fb4d4d49fdf6d3c6f0a3cb69179402e401c0
1929,universe,Shot Hole Leaf,2,Spot Leaf_IMG_20241103_192106.jpg.jpg,Shot Hole Leaf/Spot Leaf_IMG_20241103_192106.jpg.jpg,ddffe8d572d70867cb148f7bd32497e1588051df1e1205ab3ee17d5e2a69b16e
1930,universe,Shot Hole Leaf,2,Spot Leaf_IMG_20241103_192112.jpg.jpg,Shot Hole Leaf/Spot Leaf_IMG_20241103_192112.jpg.jpg,88768745947ee41f03deba911e545d5598b8f12bf591a2ce1b90c39e58bc360d
1931,universe,Shot Hole Leaf,2,Spot Leaf_IMG_20241103_192118.jpg.jpg,Shot Hole Leaf/Spot Leaf_IMG_20241103_192118.jpg.jpg,11a44afa0e1dbe7cb8a03cec5eb66504bb7bd5e4f2e03bc5fc12ca1cbd2a327b
1932,universe,Shot Hole Leaf,2,Spot Leaf_IMG_20241103_192124.jpg.jpg,Shot Hole Leaf/Spot Leaf_IMG_20241103_192124.jpg.jpg,9f3ae4b87a17bccea772e97efd5d05d0083ac15c34f16db868455104e76b8ff5
1933,universe,Shot Hole Leaf,2,Spot Leaf_IMG_20241103_192129.jpg.jpg,Shot Hole Leaf/Spot Leaf_IMG_20241103_192129.jpg.jpg,69ad9e87b7dbce6cdb6ce3ca9c76b8fdd8634d969147ecb4454598beb0b4b282
1934,universe,Shot Hole Leaf,2,Spot Leaf_IMG_20241103_192144.jpg.jpg,Shot Hole Leaf/Spot Leaf_IMG_20241103_192144.jpg.jpg,ca841542316bd7b370bfada2abc52594b0e27fc1a2a52f707c5868c7cc14b8d6
1935,universe,Shot Hole Leaf,2,Spot Leaf_IMG_20241103_192148.jpg.jpg,Shot Hole Leaf/Spot Leaf_IMG_20241103_192148.jpg.jpg,8745df62bda756d554bf70d504fa599a238e7482085caade7ac8fac7167401dd
1936,universe,Shot Hole Leaf,2,Spot Leaf_IMG_20241103_192153.jpg.jpg,Shot Hole Leaf/Spot Leaf_IMG_20241103_192153.jpg.jpg,edb443ef6259964eb362b4e5abedfabf408053a6df77bc98d1acd3812ba3c5d8
1937,universe,Shot Hole Leaf,2,Spot Leaf_IMG_20241103_192157.jpg.jpg,Shot Hole Leaf/Spot Leaf_IMG_20241103_192157.jpg.jpg,29f92d93f7e4c850c956de34392ba6e1ecd5556abf80e57840377e5904ed5c90
1938,universe,Shot Hole Leaf,2,Spot Leaf_IMG_20241103_192208.jpg.jpg,Shot Hole Leaf/Spot Leaf_IMG_20241103_192208.jpg.jpg,b5bbf766af35203b714eff939cfef3106ea5eadd843caac8eb18472aa81bfb2e
1939,universe,Shot Hole Leaf,2,Spot Leaf_IMG_20241103_192437.jpg.jpg,Shot Hole Leaf/Spot Leaf_IMG_20241103_192437.jpg.jpg,9c1d28500e6f121e10eced1c215c3145a2964bd08b9860ec3c77035e65bd2e71
1940,universe,Shot Hole Leaf,2,Spot Leaf_IMG_20241103_192441.jpg.jpg,Shot Hole Leaf/Spot Leaf_IMG_20241103_192441.jpg.jpg,16db4927717c8d86a892f112e6710c774b04f3274ad45ba56dd324556aa159ae
1941,universe,Shot Hole Leaf,2,Spot Leaf_IMG_20241103_192444.jpg.jpg,Shot Hole Leaf/Spot Leaf_IMG_20241103_192444.jpg.jpg,d1225b2c0d7b648e68e6fb834495a49e2c60ca4aec5a269b4eaab5e8df4b5979
1942,universe,Shot Hole Leaf,2,Spot Leaf_IMG_20241103_192451.jpg.jpg,Shot Hole Leaf/Spot Leaf_IMG_20241103_192451.jpg.jpg,f744dac1554aaa1bb693a4c85e7f037ed89a435a733e58c9c89e82294a3c64c7
1943,universe,Shot Hole Leaf,2,Spot Leaf_IMG_20241103_192454.jpg.jpg,Shot Hole Leaf/Spot Leaf_IMG_20241103_192454.jpg.jpg,8133816f3dbc14739ee12076e5427baef84b17085dfd27e402de950a20aeca26
1944,universe,Shot Hole Leaf,2,Spot Leaf_IMG_20241103_192457.jpg.jpg,Shot Hole Leaf/Spot Leaf_IMG_20241103_192457.jpg.jpg,31b4f4d9a77f47410a7ca41018aa4961ec028f482a905bcc0e23cc45c5da68cb
1945,universe,Shot Hole Leaf,2,Spot Leaf_IMG_20241103_192548.jpg.jpg,Shot Hole Leaf/Spot Leaf_IMG_20241103_192548.jpg.jpg,869f75df6af800428167c70136273d816399ba8ddbc098f2355f5526a5895051
1946,universe,Shot Hole Leaf,2,Spot Leaf_IMG_20241103_192551.jpg.jpg,Shot Hole Leaf/Spot Leaf_IMG_20241103_192551.jpg.jpg,62830874af2c25fd155b1310055dc5a493a363ae3ebe9135cf9c2a85d33deec4
1947,universe,Shot Hole Leaf,2,Spot Leaf_IMG_20241103_193121.jpg.jpg,Shot Hole Leaf/Spot Leaf_IMG_20241103_193121.jpg.jpg,2ea8cee317abce9ee95355cae9da1b3fedaab786046a39cb4110c1c21e194709
1948,universe,Shot Hole Leaf,2,Spot Leaf_IMG_20241103_193121_1.jpg.jpg,Shot Hole Leaf/Spot Leaf_IMG_20241103_193121_1.jpg.jpg,f7a3c6fbf6bdc243a22b3d83890ca8cb5f32c8e41142ae9361b4f52d78df8619
1949,universe,Shot Hole Leaf,2,Spot Leaf_IMG_20241103_193124.jpg.jpg,Shot Hole Leaf/Spot Leaf_IMG_20241103_193124.jpg.jpg,139223bbdbf3a5c7b6e58dd765adb083af8102809af88d6ce165f8957dfe33a5
1950,universe,Shot Hole Leaf,2,Spot Leaf_IMG_20241103_193127.jpg.jpg,Shot Hole Leaf/Spot Leaf_IMG_20241103_193127.jpg.jpg,b9813a9995b97c583ee76ef9fab1233bf79a9950b241f1997b7d12d2cc894602
1951,universe,Shot Hole Leaf,2,Spot Leaf_IMG_20241103_193145.jpg.jpg,Shot Hole Leaf/Spot Leaf_IMG_20241103_193145.jpg.jpg,e61f34fb1d2aa9c8209d04cb71d2c7ee8eb5fcfe5eb7c39e86ae1ce6f54db849
1952,universe,Shot Hole Leaf,2,Spot Leaf_IMG_20241103_193147.jpg.jpg,Shot Hole Leaf/Spot Leaf_IMG_20241103_193147.jpg.jpg,5d3d1e09ce6651bc914613b503c3e4789bf8fdfa426071e6b1ec9b9ddac38ff0
1953,universe,Shot Hole Leaf,2,Spot Leaf_IMG_20241103_193150.jpg.jpg,Shot Hole Leaf/Spot Leaf_IMG_20241103_193150.jpg.jpg,74a7d119cab039763b06cc7d9ccf5d7be739096cb029d53403c7a06b6c088cd5
1954,universe,Shot Hole Leaf,2,Spot Leaf_IMG_20241103_193155.jpg.jpg,Shot Hole Leaf/Spot Leaf_IMG_20241103_193155.jpg.jpg,a56405e079d24549e057231f1a8b188b920db3f8b426451cf038160847f75b9d
1955,universe,Shot Hole Leaf,2,Spot Leaf_IMG_20241103_193220.jpg.jpg,Shot Hole Leaf/Spot Leaf_IMG_20241103_193220.jpg.jpg,b1d69f954ca308c55e3e1e768b641f31324acc15c0c2f6c8676f3bbc70ce0609
1956,universe,Shot Hole Leaf,2,Spot Leaf_IMG_20241103_193223.jpg.jpg,Shot Hole Leaf/Spot Leaf_IMG_20241103_193223.jpg.jpg,2e197ea77e6c66fd8056f1ea146cd86414e7763d9733f277f7a870a71c0a548a
1957,universe,Shot Hole Leaf,2,Spot Leaf_IMG_20241103_193240.jpg.jpg,Shot Hole Leaf/Spot Leaf_IMG_20241103_193240.jpg.jpg,3682a88ca8f44cb74be4e416003ad294b109b3a366a09d4b33b07ba77519efa7
1958,universe,Shot Hole Leaf,2,Spot Leaf_IMG_20241103_193242.jpg.jpg,Shot Hole Leaf/Spot Leaf_IMG_20241103_193242.jpg.jpg,d000bd64133f0d7fe8b7c71931b17005deacbebbce9a99fe5ef563e7fefdad4f
1959,universe,Shot Hole Leaf,2,Spot Leaf_IMG_20241103_193245.jpg.jpg,Shot Hole Leaf/Spot Leaf_IMG_20241103_193245.jpg.jpg,3a81070d4a25eff46cae3b7850d733b255cf1567c042671607e9920292330d4d
1960,universe,Shot Hole Leaf,2,Spot Leaf_IMG_20241103_193402.jpg.jpg,Shot Hole Leaf/Spot Leaf_IMG_20241103_193402.jpg.jpg,0a79c491f0b24ae77ce9217de8e9736cfbcce8f1ca7d1b6443b7459fb041717e
1961,universe,Shot Hole Leaf,2,Spot Leaf_IMG_20241103_193405.jpg.jpg,Shot Hole Leaf/Spot Leaf_IMG_20241103_193405.jpg.jpg,50737da390bc10227d5019ec1c7989a069fb285d711802886927327b70f8656f
1962,universe,Shot Hole Leaf,2,Spot Leaf_IMG_20241103_193408.jpg.jpg,Shot Hole Leaf/Spot Leaf_IMG_20241103_193408.jpg.jpg,1e49086136a5d75bc6ee4122ad11ef783b31c74c3df550362ab8f900a10834c1
1963,universe,Shot Hole Leaf,2,Spot Leaf_IMG_20241103_193416.jpg.jpg,Shot Hole Leaf/Spot Leaf_IMG_20241103_193416.jpg.jpg,1648a01427b06c65d64aacf5dd0e043ffc88e72212ed5e4be20ee4e05df9db73
1964,universe,Shot Hole Leaf,2,Spot Leaf_IMG_20241103_193418.jpg.jpg,Shot Hole Leaf/Spot Leaf_IMG_20241103_193418.jpg.jpg,f476c864d64bb38ce9aa4f155a6e58a23834f2a7c97ff7977d50ceffa721cf01
1965,universe,Shot Hole Leaf,2,Spot Leaf_IMG_20241103_193420.jpg.jpg,Shot Hole Leaf/Spot Leaf_IMG_20241103_193420.jpg.jpg,464bbdf0f0589378b8ed38d8a315961dbeedae6ef797eb72dea060afc11b4959
1966,universe,Shot Hole Leaf,2,Spot Leaf_IMG_20241103_193425.jpg.jpg,Shot Hole Leaf/Spot Leaf_IMG_20241103_193425.jpg.jpg,2d394afeaee285f7d25078cc46f6f4c71012455951f0de5b7eeab7cad8e4da96
1967,universe,Shot Hole Leaf,2,Spot Leaf_IMG_20241103_193427.jpg.jpg,Shot Hole Leaf/Spot Leaf_IMG_20241103_193427.jpg.jpg,21d130369f6677c6680163ca428c423cd34f1bf4a2fde76b620464f5cf84a9b6
1968,universe,Shot Hole Leaf,2,Spot Leaf_IMG_20241103_193429.jpg.jpg,Shot Hole Leaf/Spot Leaf_IMG_20241103_193429.jpg.jpg,cc8aaf163bd96477306cc9ce69b77845ee56cf33a18f59512a5c8602311cff68
1969,universe,Shot Hole Leaf,2,Spot Leaf_IMG_20241103_193434.jpg.jpg,Shot Hole Leaf/Spot Leaf_IMG_20241103_193434.jpg.jpg,500f78038a9e53ab4002053f384e2e03f237110d6d1f504abb92aa3286146f21
1970,universe,Shot Hole Leaf,2,Spot Leaf_IMG_20241103_193435.jpg.jpg,Shot Hole Leaf/Spot Leaf_IMG_20241103_193435.jpg.jpg,7ac21bfeb529e89ca00096eb32bdace9b47f57d8f9e225eba590eff260788977
1971,universe,Shot Hole Leaf,2,Spot Leaf_IMG_20241103_193438.jpg.jpg,Shot Hole Leaf/Spot Leaf_IMG_20241103_193438.jpg.jpg,9414e1116336892f105120a1ea91c26b08b05343b64790fc1124f8643051c3f5
1972,universe,Shot Hole Leaf,2,Spot Leaf_IMG_20241103_193442.jpg.jpg,Shot Hole Leaf/Spot Leaf_IMG_20241103_193442.jpg.jpg,3f5ea8608d26c3c2a03b88180eeee00f9ad45d6f6874959930978a16e6b40b62
1973,universe,Shot Hole Leaf,2,Spot Leaf_IMG_20241103_193445.jpg.jpg,Shot Hole Leaf/Spot Leaf_IMG_20241103_193445.jpg.jpg,9eb18c83512ca9cde6ed118381a756c29384308747161752f01c00ddd8127a07
1974,universe,Shot Hole Leaf,2,Spot Leaf_IMG_20241103_193447.jpg.jpg,Shot Hole Leaf/Spot Leaf_IMG_20241103_193447.jpg.jpg,4295af1b800f25d1586b298f539106a9e1bb6d087b5393cc9dc993510c914c9a
1975,universe,Shot Hole Leaf,2,Spot Leaf_IMG_20241103_193458.jpg.jpg,Shot Hole Leaf/Spot Leaf_IMG_20241103_193458.jpg.jpg,80c27d707857aa8b5ec365c4827bb063371593b757d5b7241f028e623dad3f97
1976,universe,Shot Hole Leaf,2,Spot Leaf_IMG_20241103_193501.jpg.jpg,Shot Hole Leaf/Spot Leaf_IMG_20241103_193501.jpg.jpg,7da107d44bea0368ec48b8f837c7dbe2dd4851468f6c8ee3f40e5d3900d6e051
1977,universe,Shot Hole Leaf,2,Spot Leaf_IMG_20241103_193505.jpg.jpg,Shot Hole Leaf/Spot Leaf_IMG_20241103_193505.jpg.jpg,eef32d488ce85b411d8ac50034e687fca8ef3aad12908be4c7cc34c972a286b1
1978,universe,Shot Hole Leaf,2,Spot Leaf_IMG_20241103_193507.jpg.jpg,Shot Hole Leaf/Spot Leaf_IMG_20241103_193507.jpg.jpg,6cf7d91494387585ca3da2a59cc2233b62f44e3cf08f7b18243100ba65ab2d16
1979,universe,Shot Hole Leaf,2,Spot Leaf_IMG_20241103_193509.jpg.jpg,Shot Hole Leaf/Spot Leaf_IMG_20241103_193509.jpg.jpg,6937273d0910ed8261e085fe9af9345f366af2fbfacb5322e2e5f78b66bec56a
1980,universe,Shot Hole Leaf,2,Spot Leaf_IMG_20241103_193513.jpg.jpg,Shot Hole Leaf/Spot Leaf_IMG_20241103_193513.jpg.jpg,614a8b12e7935baf0f676cc76921c7282ee6bd7c2ae9432d98d4f487b6d58baa
1981,universe,Shot Hole Leaf,2,Spot Leaf_IMG_20241103_193515.jpg.jpg,Shot Hole Leaf/Spot Leaf_IMG_20241103_193515.jpg.jpg,6b64943e14b83fa64654a3a1830c92437342e814f6f94f3113c0f4820084b301
1982,universe,Shot Hole Leaf,2,Spot Leaf_IMG_20241103_193517.jpg.jpg,Shot Hole Leaf/Spot Leaf_IMG_20241103_193517.jpg.jpg,879b1cc1459858226d760d827cfc438ab5890d6883751adefd45b43d90a4f8c1
1983,universe,Shot Hole Leaf,2,Spot Leaf_IMG_20241103_193807.jpg.jpg,Shot Hole Leaf/Spot Leaf_IMG_20241103_193807.jpg.jpg,6629b40b34a5ad7a2fcad7019b5554e128499c9cc72edaf5a26bee65ad2c7b61
1984,universe,Shot Hole Leaf,2,Spot Leaf_IMG_20241103_193809.jpg.jpg,Shot Hole Leaf/Spot Leaf_IMG_20241103_193809.jpg.jpg,0a7b4dc2e8430b9f316d77fe1d63150c553389ad633321d35b3674b6b73b1ad5
1985,universe,Shot Hole Leaf,2,Spot Leaf_IMG_20241103_193810.jpg.jpg,Shot Hole Leaf/Spot Leaf_IMG_20241103_193810.jpg.jpg,2ea25becd60338bd21342af2e5d844658165aa49bb76394e623d220cf04f8dd5
1986,universe,Shot Hole Leaf,2,Spot Leaf_IMG_20241103_193818.jpg.jpg,Shot Hole Leaf/Spot Leaf_IMG_20241103_193818.jpg.jpg,3bbd7ff19c1f740c459bffdb3cf1897511d60b2eb1be0ca5db977dfcf8f12052
1987,universe,Shot Hole Leaf,2,Spot Leaf_IMG_20241103_193821.jpg.jpg,Shot Hole Leaf/Spot Leaf_IMG_20241103_193821.jpg.jpg,1cb9948bcda2440cbad4e3611ba1c4738b48395fffec4227adc72767d347e46f
1988,universe,Shot Hole Leaf,2,Spot Leaf_IMG_20241103_193822.jpg.jpg,Shot Hole Leaf/Spot Leaf_IMG_20241103_193822.jpg.jpg,e64e921a01086c2b4c04f0cff189c589d6d99116211458a6e73748430c1b2650
1989,universe,Shot Hole Leaf,2,Spot Leaf_IMG_20241103_193824.jpg.jpg,Shot Hole Leaf/Spot Leaf_IMG_20241103_193824.jpg.jpg,6d2f05e95d6e7152b6ae81ec770135d3e47ffa1f46cd785c11fe75688ea9f131
1990,universe,Shot Hole Leaf,2,Spot Leaf_IMG_20241103_193837.jpg.jpg,Shot Hole Leaf/Spot Leaf_IMG_20241103_193837.jpg.jpg,6e6d06168041cbca9872345fd8a4df1c4ea2bd791e1251ef91e19a6e4def157d
1991,universe,Shot Hole Leaf,2,Spot Leaf_IMG_20241103_193840.jpg.jpg,Shot Hole Leaf/Spot Leaf_IMG_20241103_193840.jpg.jpg,32c4b785a10d0b9f6ca19e4d76eb100e4954ba5c858225ecd1212745ee72d3ad
1992,universe,Shot Hole Leaf,2,Spot Leaf_IMG_20241103_193842.jpg.jpg,Shot Hole Leaf/Spot Leaf_IMG_20241103_193842.jpg.jpg,b11fe28277e8b08379275c59eee5deed04be68a30bd12f4d30c2ffd3255375c9
1993,universe,Shot Hole Leaf,2,Spot Leaf_IMG_20241103_193849.jpg.jpg,Shot Hole Leaf/Spot Leaf_IMG_20241103_193849.jpg.jpg,413768260bfbf3b60c5557c1124c6696704d0a179d6f1a4f90db20f80af670ce
1994,universe,Shot Hole Leaf,2,Spot Leaf_IMG_20241103_193853.jpg.jpg,Shot Hole Leaf/Spot Leaf_IMG_20241103_193853.jpg.jpg,be9ac383a4a646751dc0bf61ea3782a01b51962e487f88143aea1b29d7c30dd3
1995,universe,Shot Hole Leaf,2,Spot Leaf_IMG_20241103_193857.jpg.jpg,Shot Hole Leaf/Spot Leaf_IMG_20241103_193857.jpg.jpg,ce593680a36cbf17e2452638785070b3177e0f71506109c787f40e6ae5995c54
1996,universe,Shot Hole Leaf,2,Spot Leaf_IMG_20241103_193900.jpg.jpg,Shot Hole Leaf/Spot Leaf_IMG_20241103_193900.jpg.jpg,a4eb731bc00d0ce294930ed58e27e40bba725b99810772f77c2c269946e2d360
1997,universe,Shot Hole Leaf,2,Spot Leaf_IMG_20241103_193904.jpg.jpg,Shot Hole Leaf/Spot Leaf_IMG_20241103_193904.jpg.jpg,b520553852dafc89994af59ace372d8d5431e5754575f572d70da776426a479a
1998,universe,Shot Hole Leaf,2,Spot Leaf_IMG_20241103_193912.jpg.jpg,Shot Hole Leaf/Spot Leaf_IMG_20241103_193912.jpg.jpg,6f8282be9211393e6467bbd7b4270c18965b5e981cac46378a8ff1c292cb2d50
1999,universe,Shot Hole Leaf,2,Spot Leaf_IMG_20241103_193914.jpg.jpg,Shot Hole Leaf/Spot Leaf_IMG_20241103_193914.jpg.jpg,1cd34a1cf40b665e3c75fe57f5f4e76d85d48cac5621f5b80df6ccb1d597684e
2000,universe,Shot Hole Leaf,2,Spot Leaf_IMG_20241103_193916.jpg.jpg,Shot Hole Leaf/Spot Leaf_IMG_20241103_193916.jpg.jpg,7b29456718a71681a959b7ecb181404a98d29403004f6e0367226f3cbec7ce1d
2001,universe,Shot Hole Leaf,2,Spot Leaf_IMG_20241103_193919.jpg.jpg,Shot Hole Leaf/Spot Leaf_IMG_20241103_193919.jpg.jpg,a8326802e063fca5f9f690f309f1713136a6d51b2cb359406c41ffb24dc51651
2002,universe,Shot Hole Leaf,2,Spot Leaf_IMG_20241103_193922.jpg.jpg,Shot Hole Leaf/Spot Leaf_IMG_20241103_193922.jpg.jpg,92f08afc2c7c873ed0cd9581748a1a1811fbb1e156ea489f74b5a760b36de71f
2003,universe,Shot Hole Leaf,2,Spot Leaf_IMG_20241103_193929.jpg.jpg,Shot Hole Leaf/Spot Leaf_IMG_20241103_193929.jpg.jpg,865c26f22375d8e0ecf0d7234bed78ece387cc8d5f75e2a32714dc9e8b51d4eb
2004,universe,Shot Hole Leaf,2,Spot Leaf_IMG_20241103_193931.jpg.jpg,Shot Hole Leaf/Spot Leaf_IMG_20241103_193931.jpg.jpg,401cb256d73dfbc06696668986f865e8e00634badb688bddcd1e3cf86d6876b7
2005,universe,Shot Hole Leaf,2,Spot Leaf_IMG_20241103_194807.jpg.jpg,Shot Hole Leaf/Spot Leaf_IMG_20241103_194807.jpg.jpg,7cc0377343f7af6240a809f63a74a23017a79e80d43b961e0994e3424eb23c77
2006,universe,Shot Hole Leaf,2,Spot Leaf_IMG_20241103_194817.jpg.jpg,Shot Hole Leaf/Spot Leaf_IMG_20241103_194817.jpg.jpg,bac70776ef025c2cf979a813b9ac4f281d2de9d68f07756d6b59d6a8907e2eb8
2007,universe,Shot Hole Leaf,2,Spot Leaf_IMG_20241103_194818.jpg.jpg,Shot Hole Leaf/Spot Leaf_IMG_20241103_194818.jpg.jpg,dbd6f2ee47688d54948af37fbabd9d102b9ab3af7df88798c7cb660f188b9f33
2008,universe,Shot Hole Leaf,2,Spot Leaf_IMG_20241103_194820.jpg.jpg,Shot Hole Leaf/Spot Leaf_IMG_20241103_194820.jpg.jpg,61bd25803d7b2fccae1529e68688b7865b3b0a8cdc257bc209e9ce0745cfae2c
2009,universe,Shot Hole Leaf,2,Spot Leaf_IMG_20241103_194822.jpg.jpg,Shot Hole Leaf/Spot Leaf_IMG_20241103_194822.jpg.jpg,689512ac0f1f4cda3059a034b8aa8e3bc467843e06fa4bc42ae6244c3d89aefa
2010,universe,Shot Hole Leaf,2,Spot Leaf_IMG_20241103_194827.jpg.jpg,Shot Hole Leaf/Spot Leaf_IMG_20241103_194827.jpg.jpg,8cd58f0c3113f0e3acce45d962cbe1bacfcbf63df445f6a380876ac8c6def620
2011,universe,Shot Hole Leaf,2,Spot Leaf_IMG_20241103_194829.jpg.jpg,Shot Hole Leaf/Spot Leaf_IMG_20241103_194829.jpg.jpg,1462c2eff8ee9261efa4897e421c3bb283fedc5095c00f5d4281d23d3ba04b99
2012,universe,Shot Hole Leaf,2,Spot Leaf_IMG_20241103_194856.jpg.jpg,Shot Hole Leaf/Spot Leaf_IMG_20241103_194856.jpg.jpg,4e257b1688cc338c1905ceaf2ad8d26a351405a4b499bcd4ad6919fbd8acde8f
2013,universe,Shot Hole Leaf,2,Spot Leaf_IMG_20241103_194858.jpg.jpg,Shot Hole Leaf/Spot Leaf_IMG_20241103_194858.jpg.jpg,9b2b4854d6960c374bff7abd0fe8f03de8d9faaa1fcc43e768de8d9753943bd2
2014,universe,Shot Hole Leaf,2,Spot Leaf_IMG_20241103_194905.jpg.jpg,Shot Hole Leaf/Spot Leaf_IMG_20241103_194905.jpg.jpg,8385b3c17e97dd6df6dd0887a17c21943bb62e0979d2f4baca856dae8604c1b3
2015,universe,Shot Hole Leaf,2,Spot Leaf_IMG_20241103_194907.jpg.jpg,Shot Hole Leaf/Spot Leaf_IMG_20241103_194907.jpg.jpg,ac7516434aa41be9ea3302ef9f58d944153986aaea817a3f7d61dc2a1efe4fb9
2016,universe,Shot Hole Leaf,2,Spot Leaf_IMG_20241103_194908.jpg.jpg,Shot Hole Leaf/Spot Leaf_IMG_20241103_194908.jpg.jpg,1f901a6f8b497869df78ba8d1a3e7b46386beb21e177af4344ee1302b52bf41d
2017,universe,Shot Hole Leaf,2,Spot Leaf_IMG_20241103_194910.jpg.jpg,Shot Hole Leaf/Spot Leaf_IMG_20241103_194910.jpg.jpg,1f0446ecb9bbacc8a4fdc50812344d1a259d9c34f6fcf167dc5f1c13d9cf3dca
2018,universe,Shot Hole Leaf,2,Spot Leaf_IMG_20241103_194917.jpg.jpg,Shot Hole Leaf/Spot Leaf_IMG_20241103_194917.jpg.jpg,1ac2069cd5b35da27961228994df560bf3b40cd2a0c4ced049387fe396faf152
2019,universe,Shot Hole Leaf,2,Spot Leaf_IMG_20241103_194925.jpg.jpg,Shot Hole Leaf/Spot Leaf_IMG_20241103_194925.jpg.jpg,12e85e9783edb4178e1caa3b66b8bee72255b253af85f77acb3b3541605c7373
2020,universe,Shot Hole Leaf,2,Spot Leaf_IMG_20241103_194926.jpg.jpg,Shot Hole Leaf/Spot Leaf_IMG_20241103_194926.jpg.jpg,8345b78ac2528f9154072dd00c4cadbeca3ad5f297e7f8a40663e31016a62cf3
2021,universe,Shot Hole Leaf,2,Spot Leaf_IMG_20241103_194928.jpg.jpg,Shot Hole Leaf/Spot Leaf_IMG_20241103_194928.jpg.jpg,765a110e4285c3b5822314374ad1682528c4bf79adb061585ed1cbef852ccda3
2022,universe,Shot Hole Leaf,2,Spot Leaf_IMG_20241103_194936.jpg.jpg,Shot Hole Leaf/Spot Leaf_IMG_20241103_194936.jpg.jpg,63187141f674c530a6a68662d4e74eaa772c04b76c68d18ca87e1c2849a3d5e9
2023,universe,Shot Hole Leaf,2,Spot Leaf_IMG_20241103_194937.jpg.jpg,Shot Hole Leaf/Spot Leaf_IMG_20241103_194937.jpg.jpg,7a0d5f8370d1fd27c22cda234fe629c7f29d16fa3d51ce0ef6f2228a6985ab96
2024,universe,Shot Hole Leaf,2,Spot Leaf_IMG_20241103_194939.jpg.jpg,Shot Hole Leaf/Spot Leaf_IMG_20241103_194939.jpg.jpg,db3fc9a3c21dd7fd2446f0303884b211a92d5464124882f6511c8a8c4f18a3a8
2025,universe,Shot Hole Leaf,2,Spot Leaf_IMG_20241103_194941.jpg.jpg,Shot Hole Leaf/Spot Leaf_IMG_20241103_194941.jpg.jpg,0b57e044d73f66151e963da96ad050b269817dca9ce615a35e5ae6d194e4a009
2026,universe,Shot Hole Leaf,2,Spot Leaf_IMG_20241103_194943.jpg.jpg,Shot Hole Leaf/Spot Leaf_IMG_20241103_194943.jpg.jpg,83793407555c3797298503dd841571e332d9cfcedcfe845cafa3280dbe2c1c34
2027,universe,Shot Hole Leaf,2,Spot Leaf_IMG_20241103_194945.jpg.jpg,Shot Hole Leaf/Spot Leaf_IMG_20241103_194945.jpg.jpg,d6f07b1511ff8ea867c59344ebf8df4294bdb7cc49765fc29da1f86c31da4616
2028,universe,Shot Hole Leaf,2,Spot Leaf_IMG_20241103_194949.jpg.jpg,Shot Hole Leaf/Spot Leaf_IMG_20241103_194949.jpg.jpg,564b995c909f781c6855e762ce8a66a1638fb49bfa2d218ffeb5af453a395166
2029,universe,Shot Hole Leaf,2,Spot Leaf_IMG_20241103_194953.jpg.jpg,Shot Hole Leaf/Spot Leaf_IMG_20241103_194953.jpg.jpg,22e71a5163440839c520ed2d542ea11af40f25085e1164246847c2e31f19f84d
2030,universe,Shot Hole Leaf,2,Spot Leaf_IMG_20241103_194955.jpg.jpg,Shot Hole Leaf/Spot Leaf_IMG_20241103_194955.jpg.jpg,04caf30f8b5f0b0559daf48cdcd1979591237a005d927b787d16bbd77d660a45
2031,universe,Shot Hole Leaf,2,Spot Leaf_IMG_20241103_194956.jpg.jpg,Shot Hole Leaf/Spot Leaf_IMG_20241103_194956.jpg.jpg,7fa1bc88a776db302804c06ea5731c1a0e46ae51300d8bf033a9e96158099aba
2032,universe,Shot Hole Leaf,2,Spot Leaf_IMG_20241103_194958.jpg.jpg,Shot Hole Leaf/Spot Leaf_IMG_20241103_194958.jpg.jpg,81beec258aa479593c6756aa59158584ceef4faf69d99682bacbd3e25cd4b475
2033,universe,Shot Hole Leaf,2,Spot Leaf_IMG_20241103_195009.jpg.jpg,Shot Hole Leaf/Spot Leaf_IMG_20241103_195009.jpg.jpg,7e475a043c3bf498b772ee47d938e1fbc2300e6390bbffad35de253b105803e6
2034,universe,Shot Hole Leaf,2,Spot Leaf_IMG_20241103_195013.jpg.jpg,Shot Hole Leaf/Spot Leaf_IMG_20241103_195013.jpg.jpg,9fa7fcae2de41785be24a035ef29620b17fa20d3ae4debbd763bac303802d17c
2035,universe,Shot Hole Leaf,2,Spot Leaf_IMG_20241103_195018.jpg.jpg,Shot Hole Leaf/Spot Leaf_IMG_20241103_195018.jpg.jpg,024041b8d2bd68c90121163207ad4fbfe2e225408b345adc75fd706dc1eecd7a
2036,universe,Shot Hole Leaf,2,Spot Leaf_IMG_20241103_195020.jpg.jpg,Shot Hole Leaf/Spot Leaf_IMG_20241103_195020.jpg.jpg,1a485727a77744874f6ac4b06afcc24e0ab41c61359547a25e7775be4522e3e8
2037,universe,Shot Hole Leaf,2,Spot Leaf_IMG_20241103_195024.jpg.jpg,Shot Hole Leaf/Spot Leaf_IMG_20241103_195024.jpg.jpg,cc511a12b53da7904ddffb47fcddbd8bf5aaa40b7b72a83c8e148b8e9a7dc0e6
2038,universe,Shot Hole Leaf,2,Spot Leaf_IMG_20241103_195028.jpg.jpg,Shot Hole Leaf/Spot Leaf_IMG_20241103_195028.jpg.jpg,c4e64ea2dfcea2a84d769d087d64ca07eb9e6959ef9c95ae53165ae1418f898d
2039,universe,Shot Hole Leaf,2,Spot Leaf_IMG_20241103_195033.jpg.jpg,Shot Hole Leaf/Spot Leaf_IMG_20241103_195033.jpg.jpg,186ad1878023769913e806a75203367d72840accde07a3f22c6b1c5a0906466b
2040,universe,Shot Hole Leaf,2,Spot Leaf_IMG_20241103_195039.jpg.jpg,Shot Hole Leaf/Spot Leaf_IMG_20241103_195039.jpg.jpg,ea025144939c8605948da3455b64c855abc92f69748704490d88e5172e297784
2041,universe,Shot Hole Leaf,2,Spot Leaf_IMG_20241103_195043.jpg.jpg,Shot Hole Leaf/Spot Leaf_IMG_20241103_195043.jpg.jpg,d8de3513fff3671f829f3abe6bb593528c4bc49dc76ceec4f3de33632416203e
2042,universe,Shot Hole Leaf,2,Spot Leaf_IMG_20241103_195045.jpg.jpg,Shot Hole Leaf/Spot Leaf_IMG_20241103_195045.jpg.jpg,ae52de678bb556b1c72aa104535a4bfb67b556b271d5fd253df7a7ae8d36869f
2043,universe,Shot Hole Leaf,2,Spot Leaf_IMG_20241103_195047.jpg.jpg,Shot Hole Leaf/Spot Leaf_IMG_20241103_195047.jpg.jpg,39622312190f948b9c69eddcc7e96d10ddc028d31ec4a3605870413fae8a9151
2044,universe,Shot Hole Leaf,2,Spot Leaf_IMG_20241103_195052.jpg.jpg,Shot Hole Leaf/Spot Leaf_IMG_20241103_195052.jpg.jpg,11089613d3ae3c296a116cde50f0f4d055cd10366a254223d85a236d2d5d3edc
2045,universe,Shot Hole Leaf,2,Spot Leaf_IMG_20241103_195057.jpg.jpg,Shot Hole Leaf/Spot Leaf_IMG_20241103_195057.jpg.jpg,09621dc90de1d49c523253190c0e5378e00ca10b4b59750d2e9b0479404ffc65
2046,universe,Shot Hole Leaf,2,Spot Leaf_IMG_20241103_195059.jpg.jpg,Shot Hole Leaf/Spot Leaf_IMG_20241103_195059.jpg.jpg,14888c35d1e5807442c1d89dbe6604bae1d58c52aa275964f2134b69c9dd15c0
2047,universe,Shot Hole Leaf,2,Spot Leaf_IMG_20241103_195201.jpg.jpg,Shot Hole Leaf/Spot Leaf_IMG_20241103_195201.jpg.jpg,74dc7bf75f6719b68e0df2c2346e219a7186c3c8ede234bb85f8176fbcdf51b7
2048,universe,Shot Hole Leaf,2,Spot Leaf_IMG_20241103_195203.jpg.jpg,Shot Hole Leaf/Spot Leaf_IMG_20241103_195203.jpg.jpg,22efc9fa616a23a72b407f7d60af7975dfedf86a9b01ceae7bf084afb764e33d
2049,universe,Shot Hole Leaf,2,Spot Leaf_IMG_20241103_195205.jpg.jpg,Shot Hole Leaf/Spot Leaf_IMG_20241103_195205.jpg.jpg,aa121a6c7a5da9ac32195e8699d78ecdaed16cda3a6fa0803d66ec6002873728
2050,universe,Shot Hole Leaf,2,Spot Leaf_IMG_20241103_195210.jpg.jpg,Shot Hole Leaf/Spot Leaf_IMG_20241103_195210.jpg.jpg,30f62c151271039579a655ca6f692cb55abdfc4d4bb5bacbc064bbea6bcf4859
2051,universe,Shot Hole Leaf,2,Spot Leaf_IMG_20241103_195212.jpg.jpg,Shot Hole Leaf/Spot Leaf_IMG_20241103_195212.jpg.jpg,c8e1612657f10d5870a89c48e774551016d4275fe33c1814cb7aba4d20170ee6
2052,universe,Shot Hole Leaf,2,Spot Leaf_IMG_20241103_195215.jpg.jpg,Shot Hole Leaf/Spot Leaf_IMG_20241103_195215.jpg.jpg,a8f39cb9ca979e088fb0ce9167e5cdf0c40741845e271bb2a0cd9d8f8e4ffcb5
2053,universe,Shot Hole Leaf,2,Spot Leaf_IMG_20241103_195217.jpg.jpg,Shot Hole Leaf/Spot Leaf_IMG_20241103_195217.jpg.jpg,4b66b40ac47ad7327cce76dea157c502fccd253b42c2a7e09e4302a81e386b6c
2054,universe,Shot Hole Leaf,2,Spot Leaf_IMG_20241103_195225.jpg.jpg,Shot Hole Leaf/Spot Leaf_IMG_20241103_195225.jpg.jpg,de926c62606ed592614ba606ad951f5f73d19c7f044edc2db7d768d8cf843a30
2055,universe,Shot Hole Leaf,2,Spot Leaf_IMG_20241103_195227.jpg.jpg,Shot Hole Leaf/Spot Leaf_IMG_20241103_195227.jpg.jpg,f6aa4d6b9a46b23710f321d79de25eb5ba95333730e07132e04dbfb184005cf7
2056,universe,Shot Hole Leaf,2,Spot Leaf_IMG_20241103_195230.jpg.jpg,Shot Hole Leaf/Spot Leaf_IMG_20241103_195230.jpg.jpg,ecdf29c401d033ca7cc45d6f54eddcb1102e9c4b6e1d662b70ef6ead959721c1
2057,universe,Shot Hole Leaf,2,Spot Leaf_IMG_20241103_195237.jpg.jpg,Shot Hole Leaf/Spot Leaf_IMG_20241103_195237.jpg.jpg,16b92b9f0cc3e101cd171b9627be6c23baf0e1130cd43d81075ed1004b3efa80
2058,universe,Shot Hole Leaf,2,Spot Leaf_IMG_20241103_195239.jpg.jpg,Shot Hole Leaf/Spot Leaf_IMG_20241103_195239.jpg.jpg,e564fff17bf4eb4f4557059103305429a9a3fadca03daa7750607d10b2db9868
2059,universe,Shot Hole Leaf,2,Spot Leaf_IMG_20241103_195241.jpg.jpg,Shot Hole Leaf/Spot Leaf_IMG_20241103_195241.jpg.jpg,a8a8e2dc7b245b1db8dddc2ae82df9699890df47b679131c77a72eb78c4ba27b
2060,universe,Shot Hole Leaf,2,Spot Leaf_IMG_20241103_195244.jpg.jpg,Shot Hole Leaf/Spot Leaf_IMG_20241103_195244.jpg.jpg,8897ef4ee8d884c7f62af52a7ffbcd8f928f761b1acc674a057870e76d229df8
2061,universe,Shot Hole Leaf,2,Spot Leaf_IMG_20241103_195250.jpg.jpg,Shot Hole Leaf/Spot Leaf_IMG_20241103_195250.jpg.jpg,43eaa28c8ab783a395fbb4afdefed2fb34434f68b0ccb1fbc1330df0f2bf108c
2062,universe,Shot Hole Leaf,2,Spot Leaf_IMG_20241103_195252.jpg.jpg,Shot Hole Leaf/Spot Leaf_IMG_20241103_195252.jpg.jpg,5c8df1fda18550e01ec552f9303bb57f143506ca66c2f27c182da1dd7df58259
2063,universe,Shot Hole Leaf,2,Spot Leaf_IMG_20241103_195255.jpg.jpg,Shot Hole Leaf/Spot Leaf_IMG_20241103_195255.jpg.jpg,4f464b1b723af4c6523fd259c7142a2d05d08301fdb38027e80eb0dfb587c062
2064,universe,Shot Hole Leaf,2,Spot Leaf_IMG_20241103_195258.jpg.jpg,Shot Hole Leaf/Spot Leaf_IMG_20241103_195258.jpg.jpg,ceeedd91796b016dbee5ed10f448a7ced73423a86de2bee10a07472f04e79c8e
2065,universe,Shot Hole Leaf,2,Spot Leaf_IMG_20241103_195306.jpg.jpg,Shot Hole Leaf/Spot Leaf_IMG_20241103_195306.jpg.jpg,96d9bdefa67bab27cad99d892405da74b6f501b5222c330c16b62b56feefbc73
2066,universe,Shot Hole Leaf,2,Spot Leaf_IMG_20241103_195308.jpg.jpg,Shot Hole Leaf/Spot Leaf_IMG_20241103_195308.jpg.jpg,5497e8ce4cab690a2a06f86e8b2b5cab8e1bbcee1728569b7a1698f2be24a34e
2067,universe,Shot Hole Leaf,2,Spot Leaf_IMG_20241103_195318.jpg.jpg,Shot Hole Leaf/Spot Leaf_IMG_20241103_195318.jpg.jpg,57a6bc0f389046399ecfb8b96572161d6f8dd92e93443a345b9e55023bec154b
2068,universe,Shot Hole Leaf,2,Spot Leaf_IMG_20241103_195320.jpg.jpg,Shot Hole Leaf/Spot Leaf_IMG_20241103_195320.jpg.jpg,bf9099f756445cf5a414ff7a1073406679e170e695d295f4e319373c6005f2fc
2069,universe,Shot Hole Leaf,2,Spot Leaf_IMG_20241103_195324.jpg.jpg,Shot Hole Leaf/Spot Leaf_IMG_20241103_195324.jpg.jpg,ea256b11845aa6033abb9a59b660c9853ce34fc89a67df6dccb7cac011726c8f
2070,universe,Shot Hole Leaf,2,Spot Leaf_IMG_20241103_195331.jpg.jpg,Shot Hole Leaf/Spot Leaf_IMG_20241103_195331.jpg.jpg,1025175ba55750ea0cb41f7904530a4361892ec2d13311d3afdf3ca54b183bc2
2071,universe,Shot Hole Leaf,2,Spot Leaf_IMG_20241103_195332.jpg.jpg,Shot Hole Leaf/Spot Leaf_IMG_20241103_195332.jpg.jpg,1565d6e5ba0119ff9a01c50b35a994c32f0f021dad3329209e58e88237e6df11
2072,universe,Shot Hole Leaf,2,Spot Leaf_IMG_20241103_195339.jpg.jpg,Shot Hole Leaf/Spot Leaf_IMG_20241103_195339.jpg.jpg,4473901b3e53baee90e13748b2be07f15c465d2362406b53a97480c144d99dd8
2073,universe,Shot Hole Leaf,2,Spot Leaf_IMG_20241103_195341.jpg.jpg,Shot Hole Leaf/Spot Leaf_IMG_20241103_195341.jpg.jpg,db10278add49d4c8e8b78f0b09cdd4b42dbe2583f2b3b3d9a228a16a9ce22d70
2074,universe,Shot Hole Leaf,2,Spot Leaf_IMG_20241103_195344.jpg.jpg,Shot Hole Leaf/Spot Leaf_IMG_20241103_195344.jpg.jpg,9caa9bd3dc4721942bc9cbfd3c7f6de62eadc08c807836f8379851a3e59283a6
2075,universe,Shot Hole Leaf,2,Spot Leaf_IMG_20241103_195348.jpg.jpg,Shot Hole Leaf/Spot Leaf_IMG_20241103_195348.jpg.jpg,743ba402b8ddfeffd36ded39bd48d0ab0ef6c573125bd6f2f2c6047fe0e111d0
2076,universe,Shot Hole Leaf,2,Spot Leaf_IMG_20241103_195349.jpg.jpg,Shot Hole Leaf/Spot Leaf_IMG_20241103_195349.jpg.jpg,87b0af08686b2f783fe0c9257685c7870f0cdf4f8ff8d834d47b641320fbe921
2077,universe,Shot Hole Leaf,2,Spot Leaf_IMG_20241103_195350.jpg.jpg,Shot Hole Leaf/Spot Leaf_IMG_20241103_195350.jpg.jpg,11daf0b676986cbf5a3e20a96eac304b5b262fb80165c497e7cd27d62264b69a
2078,universe,Shot Hole Leaf,2,Spot Leaf_IMG_20241103_195356.jpg.jpg,Shot Hole Leaf/Spot Leaf_IMG_20241103_195356.jpg.jpg,4d910a0c0fc69129f289f577f6bb3d8dadecfd0c3b06935bdabdbf128a40992b
2079,universe,Shot Hole Leaf,2,Spot Leaf_IMG_20241103_195357.jpg.jpg,Shot Hole Leaf/Spot Leaf_IMG_20241103_195357.jpg.jpg,3989559e4e26a7c81514063b29173ec6084d07a803fdcf116c4039a13fb1d2cf
2080,universe,Shot Hole Leaf,2,Spot Leaf_IMG_20241103_195358.jpg.jpg,Shot Hole Leaf/Spot Leaf_IMG_20241103_195358.jpg.jpg,e33ba375424f89a069182e866836325be1cf044bd9d6a266ba6cd3fb1b5fff93
2081,universe,Shot Hole Leaf,2,Spot Leaf_IMG_20241103_195359.jpg.jpg,Shot Hole Leaf/Spot Leaf_IMG_20241103_195359.jpg.jpg,6f5f0ba4cd4e8d1b0d7d2359e1b29d5d102076f09346e89ab097fb5c0a9fd3c1
2082,universe,Shot Hole Leaf,2,Spot Leaf_IMG_20241103_195403.jpg.jpg,Shot Hole Leaf/Spot Leaf_IMG_20241103_195403.jpg.jpg,aaee1e0fd19721fed154f48fcc1f06ade1e4a9b9bad78a0a33636a41ca6c2c61
2083,universe,Shot Hole Leaf,2,Spot Leaf_IMG_20241103_195404.jpg.jpg,Shot Hole Leaf/Spot Leaf_IMG_20241103_195404.jpg.jpg,d2ad332002939aa2e8ddff3ac9a81a1a778ceb95be0db858d2dfcde8cc38ca13
2084,universe,Shot Hole Leaf,2,Spot Leaf_IMG_20241103_195407.jpg.jpg,Shot Hole Leaf/Spot Leaf_IMG_20241103_195407.jpg.jpg,d7a4c93588247119ec17f927a36be0bbf880b78c94bddb3fb46bd6bce937ec2d
2085,universe,Shot Hole Leaf,2,Spot Leaf_IMG_20241103_195411.jpg.jpg,Shot Hole Leaf/Spot Leaf_IMG_20241103_195411.jpg.jpg,05c66e752d9b1eb165a771ba249dfac7293f9cb198cc3480fb83edab60eba546
2086,universe,Shot Hole Leaf,2,Spot Leaf_IMG_20241103_195412.jpg.jpg,Shot Hole Leaf/Spot Leaf_IMG_20241103_195412.jpg.jpg,9f3f34b9b7f94c6f8514a1fd03a30dc088c6eec2a2c3b2778dc068e8c0e41117
2087,universe,Shot Hole Leaf,2,Spot Leaf_IMG_20241103_195417.jpg.jpg,Shot Hole Leaf/Spot Leaf_IMG_20241103_195417.jpg.jpg,0fa9e1cc4eb1c7cdc04045df353a64035346dd39f5a9c3c985d6532fcdaf7f4c
2088,universe,Shot Hole Leaf,2,Spot Leaf_IMG_20241103_195418.jpg.jpg,Shot Hole Leaf/Spot Leaf_IMG_20241103_195418.jpg.jpg,468883baa8bae299a25e0c7027447ac83f2f3acacb06b14b3e02d25e331ea6f2
2089,universe,Shot Hole Leaf,2,Spot Leaf_IMG_20241103_195420.jpg.jpg,Shot Hole Leaf/Spot Leaf_IMG_20241103_195420.jpg.jpg,5e49997a004ea42f9c95e5512b1cdfc9acc96f39a1ddbac700aa80ffc915db69
2090,universe,Shot Hole Leaf,2,Spot Leaf_IMG_20241103_195421.jpg.jpg,Shot Hole Leaf/Spot Leaf_IMG_20241103_195421.jpg.jpg,20e729baa414c3406e1b2bda00c71aeb63442e380e36854306fdf55984488a4b
2091,universe,Shot Hole Leaf,2,Spot Leaf_IMG_20241103_195426.jpg.jpg,Shot Hole Leaf/Spot Leaf_IMG_20241103_195426.jpg.jpg,e0068f727adf99f843f54eb88a64f773ba71a1b19013cfe777ed2adb9b1503fe
2092,universe,Shot Hole Leaf,2,Spot Leaf_IMG_20241103_195427.jpg.jpg,Shot Hole Leaf/Spot Leaf_IMG_20241103_195427.jpg.jpg,f040b8307cea4173b39ff092833a15066953528aa24d1e1d81a425fd337eaf79
2093,universe,Shot Hole Leaf,2,Spot Leaf_IMG_20241103_195428.jpg.jpg,Shot Hole Leaf/Spot Leaf_IMG_20241103_195428.jpg.jpg,7b84c421d9f8c5dd87115ec6fcfcf033965b1b6ff102b6145b504b11ea3ebca7
2094,universe,Shot Hole Leaf,2,Spot Leaf_IMG_20241103_195430.jpg.jpg,Shot Hole Leaf/Spot Leaf_IMG_20241103_195430.jpg.jpg,57ff995ade01e7146f13fe49b1ed1add1053fcb43ac67fd1d931c2d219beb700
2095,universe,Shot Hole Leaf,2,Spot Leaf_IMG_20241103_195443.jpg.jpg,Shot Hole Leaf/Spot Leaf_IMG_20241103_195443.jpg.jpg,ca0fdb37a86493d29c7654ba2253f5b2531dab4b425fc63ae99933e7d2c80ac7
2096,universe,Shot Hole Leaf,2,Spot Leaf_IMG_20241103_195444.jpg.jpg,Shot Hole Leaf/Spot Leaf_IMG_20241103_195444.jpg.jpg,a60c96558230930d0a527e3e19f4088d3589a2503d44be30019ea8eb9ee4a810
2097,universe,Shot Hole Leaf,2,Spot Leaf_IMG_20241103_195445.jpg.jpg,Shot Hole Leaf/Spot Leaf_IMG_20241103_195445.jpg.jpg,7173327957cf3bb1f399146ada4ccac5c81fc9875572ae9cd1bbfbe7f4f0692f
2098,universe,Shot Hole Leaf,2,Spot Leaf_IMG_20241103_195447.jpg.jpg,Shot Hole Leaf/Spot Leaf_IMG_20241103_195447.jpg.jpg,00bac4ef4fad5d3c3db00172e54fbe6cb9d2d6e8dc90b7627f86875642bb9fea
2099,universe,Shot Hole Leaf,2,Spot Leaf_IMG_20241103_195451.jpg.jpg,Shot Hole Leaf/Spot Leaf_IMG_20241103_195451.jpg.jpg,fdda8dff3527b607ba97d70e5f185bd28e516612ed2955be8030f47ef7f32dc8
2100,universe,Shot Hole Leaf,2,Spot Leaf_IMG_20241103_195452.jpg.jpg,Shot Hole Leaf/Spot Leaf_IMG_20241103_195452.jpg.jpg,19f1ab230123b870338c3b30d57fb8be55755c89dcf4199f2875f29d30dd6f1b
2101,universe,Shot Hole Leaf,2,Spot Leaf_IMG_20241103_195453.jpg.jpg,Shot Hole Leaf/Spot Leaf_IMG_20241103_195453.jpg.jpg,4452793f8da30ece2631d490d22c114278970bafa86bd69857aced7d6d25b6d1
2102,universe,Shot Hole Leaf,2,Spot Leaf_IMG_20241103_195454.jpg.jpg,Shot Hole Leaf/Spot Leaf_IMG_20241103_195454.jpg.jpg,4bdfea1704429344e23c467dd8dd643edf24410d6402a3a860b2d6ad99f16923
2103,universe,Shot Hole Leaf,2,Spot Leaf_IMG_20241103_195458.jpg.jpg,Shot Hole Leaf/Spot Leaf_IMG_20241103_195458.jpg.jpg,1b4c2f4fd7cd4c897c0f1fe151589a35c9a7d6f0eaf5c511df3c62a7f2c1b034
2104,universe,Shot Hole Leaf,2,Spot Leaf_IMG_20241103_195459.jpg.jpg,Shot Hole Leaf/Spot Leaf_IMG_20241103_195459.jpg.jpg,0a11359703a3c1e2d1ab40e5f158f72ce7e06ca341d903ba68941791571f3d96
2105,universe,Shot Hole Leaf,2,Spot Leaf_IMG_20241103_195500.jpg.jpg,Shot Hole Leaf/Spot Leaf_IMG_20241103_195500.jpg.jpg,c45a752ec3a63d2cfa3ab51a2423f129adfce2c590c9cd674a2ebc6694ea05f5
2106,universe,Shot Hole Leaf,2,Spot Leaf_IMG_20241103_195505.jpg.jpg,Shot Hole Leaf/Spot Leaf_IMG_20241103_195505.jpg.jpg,c79792b82ad2a08c62a47b93bf0b52366feef1304a1adc726a0df1698797e5ec
2107,universe,Shot Hole Leaf,2,Spot Leaf_IMG_20241103_195507.jpg.jpg,Shot Hole Leaf/Spot Leaf_IMG_20241103_195507.jpg.jpg,eb0db399b67586d95ff1ab3eb378c71404f27919ce3a9a3f9baeb593c53cdb62
2108,universe,Shot Hole Leaf,2,Spot Leaf_IMG_20241103_195508.jpg.jpg,Shot Hole Leaf/Spot Leaf_IMG_20241103_195508.jpg.jpg,6098b8fd888aca6bb51b4ada3feb36c5dfebc2994deca56b8a94759843c952b6
2109,universe,Shot Hole Leaf,2,Spot Leaf_IMG_20241103_195512.jpg.jpg,Shot Hole Leaf/Spot Leaf_IMG_20241103_195512.jpg.jpg,a705069c49f8a2dc13427e612cba64ed11f29ee05035fd2a0973e0ec048f237c
2110,universe,Shot Hole Leaf,2,Spot Leaf_IMG_20241103_195514.jpg.jpg,Shot Hole Leaf/Spot Leaf_IMG_20241103_195514.jpg.jpg,93ccaf334dac1e3a6f9c02b5658a16ee624fc929dab84095e748a13e3205bdb3
2111,universe,Shot Hole Leaf,2,Spot Leaf_IMG_20241103_195515.jpg.jpg,Shot Hole Leaf/Spot Leaf_IMG_20241103_195515.jpg.jpg,0ec988980bf4fd2b1b5764d8940e1bc906d3a1773d0af9125af79d95d3d500a8
2112,universe,Shot Hole Leaf,2,Spot Leaf_IMG_20241103_195520.jpg.jpg,Shot Hole Leaf/Spot Leaf_IMG_20241103_195520.jpg.jpg,b60119e690c43307d24b1515dc673b805e0a6f1e5f7d697bfbb836d99b0ceab7
2113,universe,Shot Hole Leaf,2,Spot Leaf_IMG_20241103_195523.jpg.jpg,Shot Hole Leaf/Spot Leaf_IMG_20241103_195523.jpg.jpg,388bb02f0c78cb62fa521f9897e4736157885bb1ad2bdece30ff29bd7ff11e60
2114,universe,Shot Hole Leaf,2,Spot Leaf_IMG_20241103_195527.jpg.jpg,Shot Hole Leaf/Spot Leaf_IMG_20241103_195527.jpg.jpg,07fd9e804ae4d72ad5a249abf74f1faf6f9fe534095723a7204bf2d8d73ec1fa
2115,universe,Shot Hole Leaf,2,Spot Leaf_IMG_20241103_195528.jpg.jpg,Shot Hole Leaf/Spot Leaf_IMG_20241103_195528.jpg.jpg,2b882dba68d1df45080d1bd21a11adea39ce1947e742f97f825fba24cd0d3c8a
2116,universe,Shot Hole Leaf,2,Spot Leaf_IMG_20241103_195529.jpg.jpg,Shot Hole Leaf/Spot Leaf_IMG_20241103_195529.jpg.jpg,0f6efa478239e0bdb4105c90e5da533db9628defbec8b83a4fc2b946732046f8
2117,universe,Shot Hole Leaf,2,Spot Leaf_IMG_20241103_195530.jpg.jpg,Shot Hole Leaf/Spot Leaf_IMG_20241103_195530.jpg.jpg,1acd76a1ac920362d8f9d50a86bbdd660ead199906057df9c1c131b827ad0d4d
2118,universe,Shot Hole Leaf,2,Spot Leaf_IMG_20241103_195535.jpg.jpg,Shot Hole Leaf/Spot Leaf_IMG_20241103_195535.jpg.jpg,5e6eb3f26ad68214a66a596bea5ebf1432afcd56c35252fa4f6f7f7c9986d241
2119,universe,Shot Hole Leaf,2,Spot Leaf_IMG_20241103_195536.jpg.jpg,Shot Hole Leaf/Spot Leaf_IMG_20241103_195536.jpg.jpg,2aec3f63ed7f4205059b071ba27ef6ced0eefcf0819aede9f30afdd2a882d71f
2120,universe,Shot Hole Leaf,2,Spot Leaf_IMG_20241103_195537.jpg.jpg,Shot Hole Leaf/Spot Leaf_IMG_20241103_195537.jpg.jpg,5e98ac3d09f0cb6f1ca9a1999ce4020769175bfce7f1fd2b1ae8ebcaecb7e45c
2121,universe,Shot Hole Leaf,2,Spot Leaf_IMG_20241103_195538.jpg.jpg,Shot Hole Leaf/Spot Leaf_IMG_20241103_195538.jpg.jpg,e0aa4ae6caf565d090a51c749fc7d02d66e28166fc33c2de152569fce3f380b2
2122,universe,Shot Hole Leaf,2,Spot Leaf_IMG_20241103_195543.jpg.jpg,Shot Hole Leaf/Spot Leaf_IMG_20241103_195543.jpg.jpg,14a6f38f6ad6f81a7e3ea537c8f03dfe942d1bb6b7d5ca709ec5f7cc30b04915
2123,universe,Shot Hole Leaf,2,Spot Leaf_IMG_20241103_195544.jpg.jpg,Shot Hole Leaf/Spot Leaf_IMG_20241103_195544.jpg.jpg,632bcca791dedf5f5036d713fd7c32c14f9497606b899a19b724e7019894be12
2124,universe,Shot Hole Leaf,2,Spot Leaf_IMG_20241103_195545.jpg.jpg,Shot Hole Leaf/Spot Leaf_IMG_20241103_195545.jpg.jpg,b538c8d8c47d00713e47340e90f2ef8505a7b3d9212060ef1b3a566bd2d8d461
2125,universe,Shot Hole Leaf,2,Spot Leaf_IMG_20241103_195546.jpg.jpg,Shot Hole Leaf/Spot Leaf_IMG_20241103_195546.jpg.jpg,675a29b734a57fb75c943cafc22be17077757072d06418e614b2df3f856f9ee2
2126,universe,Shot Hole Leaf,2,Spot Leaf_IMG_20241103_195551.jpg.jpg,Shot Hole Leaf/Spot Leaf_IMG_20241103_195551.jpg.jpg,965a186a9e3fe95e4c34a35c734476e88fc5c2a904de929f7030e1ed3e5b6719
2127,universe,Shot Hole Leaf,2,Spot Leaf_IMG_20241103_195552.jpg.jpg,Shot Hole Leaf/Spot Leaf_IMG_20241103_195552.jpg.jpg,5c1b29a6673b597fcdf437ed909f9ea725ba4ff87a4f1e991d779342f8732dd2
2128,universe,Shot Hole Leaf,2,Spot Leaf_IMG_20241103_195555.jpg.jpg,Shot Hole Leaf/Spot Leaf_IMG_20241103_195555.jpg.jpg,ba22620358ee8c7f72c4bead3311f75b56cc55088be3d9eccf83892e3d245c7e
2129,universe,Shot Hole Leaf,2,Spot Leaf_IMG_20241103_195559.jpg.jpg,Shot Hole Leaf/Spot Leaf_IMG_20241103_195559.jpg.jpg,f43ab5ee3aa0b4909fbe29a2d3e83e952557a72d950432f990f320987cc5ff2c
2130,universe,Shot Hole Leaf,2,Spot Leaf_IMG_20241103_195601.jpg.jpg,Shot Hole Leaf/Spot Leaf_IMG_20241103_195601.jpg.jpg,dfb6c79d0faeb353318f5753a0d3c4a1c43157b5169c9077ab8245bbfa23fc01
2131,universe,Shot Hole Leaf,2,Spot Leaf_IMG_20241103_195602.jpg.jpg,Shot Hole Leaf/Spot Leaf_IMG_20241103_195602.jpg.jpg,078df027a768ee6133c2c0c4235d8b8e8bacf1f5c08059819c0ac13e2f1f6c3b
2132,universe,Shot Hole Leaf,2,Spot Leaf_IMG_20241103_195608.jpg.jpg,Shot Hole Leaf/Spot Leaf_IMG_20241103_195608.jpg.jpg,f6101ed90c5973ec449625f651ba45e40ea257ffb15c41d9168b98fc48a34272
2133,universe,Shot Hole Leaf,2,Spot Leaf_IMG_20241103_195612.jpg.jpg,Shot Hole Leaf/Spot Leaf_IMG_20241103_195612.jpg.jpg,95ef7b0ee1cd8072df54bb1a9cf1f171c6116ceddf96f094feda37a1f045cb02
2134,universe,Shot Hole Leaf,2,Spot Leaf_IMG_20241103_195614.jpg.jpg,Shot Hole Leaf/Spot Leaf_IMG_20241103_195614.jpg.jpg,b91bcf32ac099816d5b6ec66c43399afbc4e802042ae5803f34cd4178ecb61f6
2135,universe,Shot Hole Leaf,2,Spot Leaf_IMG_20241103_195615.jpg.jpg,Shot Hole Leaf/Spot Leaf_IMG_20241103_195615.jpg.jpg,bec5a88692db10dc48a698d528e4f10d294e193cb0a67e7a4dd267358244d0d2
2136,universe,Shot Hole Leaf,2,Spot Leaf_IMG_20241103_195620.jpg.jpg,Shot Hole Leaf/Spot Leaf_IMG_20241103_195620.jpg.jpg,605b9dac54a9e5b8bbad42c406513feee0a67923a86cc7a7dba9f1f7b9c235eb
2137,universe,Shot Hole Leaf,2,Spot Leaf_IMG_20241103_195621.jpg.jpg,Shot Hole Leaf/Spot Leaf_IMG_20241103_195621.jpg.jpg,5f0bf84f0243306ffb41170cfbcfadf28e49bc4b2493de8ec6ab76e43e0d0dd1
2138,universe,Shot Hole Leaf,2,Spot Leaf_IMG_20241103_195622.jpg.jpg,Shot Hole Leaf/Spot Leaf_IMG_20241103_195622.jpg.jpg,82b93cb9dc4a0777af203aca032623db637c241e4df51a988429a5556409a249
2139,universe,Shot Hole Leaf,2,Spot Leaf_IMG_20241103_195623.jpg.jpg,Shot Hole Leaf/Spot Leaf_IMG_20241103_195623.jpg.jpg,3031be0bf2c31f7c435028d65b6bff8f744f83c91535dcccc1f7743d1c89bf82
2140,universe,Shot Hole Leaf,2,Spot Leaf_IMG_20241103_195628.jpg.jpg,Shot Hole Leaf/Spot Leaf_IMG_20241103_195628.jpg.jpg,e0a6b5f76b902d8992f01e27ea2680695175bdb19ba97a24c46499a96ecc246a
2141,universe,Shot Hole Leaf,2,Spot Leaf_IMG_20241103_195633.jpg.jpg,Shot Hole Leaf/Spot Leaf_IMG_20241103_195633.jpg.jpg,2774e9660a85e7553370280775994ea39189812805390e1f263869ea5007c6fd
2142,universe,Shot Hole Leaf,2,Spot Leaf_IMG_20241103_195640.jpg.jpg,Shot Hole Leaf/Spot Leaf_IMG_20241103_195640.jpg.jpg,183ebbfb97653afb1d81081acbbc77a93707db940752a24d9d4c35b654923ed2
2143,universe,Shot Hole Leaf,2,Spot Leaf_IMG_20241103_195644.jpg.jpg,Shot Hole Leaf/Spot Leaf_IMG_20241103_195644.jpg.jpg,841ebf4e3eb482b30fc1bc8c8a2cc6b4815db86a170dca70efd240f4d24e4173
2144,universe,Shot Hole Leaf,2,Spot Leaf_IMG_20241103_195650.jpg.jpg,Shot Hole Leaf/Spot Leaf_IMG_20241103_195650.jpg.jpg,f7b428ee2b33f05ee94ae68d9dec874654c44c28542e51e2920646409b4aaf71
2145,universe,Shot Hole Leaf,2,Spot Leaf_IMG_20241103_195653.jpg.jpg,Shot Hole Leaf/Spot Leaf_IMG_20241103_195653.jpg.jpg,6bad8a1a24000f6e04b219eb36ec5cab2380d32848d188a18593abc5d264760d
2146,universe,Shot Hole Leaf,2,Spot Leaf_IMG_20241103_195654.jpg.jpg,Shot Hole Leaf/Spot Leaf_IMG_20241103_195654.jpg.jpg,2f93c85a4b560cc48f59355901b593f928d3484bd7b79c29cc697755a60e1419
2147,universe,Shot Hole Leaf,2,Spot Leaf_IMG_20241103_195700.jpg.jpg,Shot Hole Leaf/Spot Leaf_IMG_20241103_195700.jpg.jpg,55ad2da4faea2d1a06283b99b946ce6a4749acf84acf6eb27ac3ecb2ffe2f450
2148,universe,Shot Hole Leaf,2,Spot Leaf_IMG_20241103_195702.jpg.jpg,Shot Hole Leaf/Spot Leaf_IMG_20241103_195702.jpg.jpg,d64349501615938de4398cdba4bc4b342d25ecd1474e75d4b9f164f0b54ccc38
2149,universe,Shot Hole Leaf,2,Spot Leaf_IMG_20241103_195703.jpg.jpg,Shot Hole Leaf/Spot Leaf_IMG_20241103_195703.jpg.jpg,b8c6b236ec7a105921696bc694b1a913ac9cf372cd37dd4f527a157e24d5b120
2150,universe,Shot Hole Leaf,2,Spot Leaf_IMG_20241103_195707.jpg.jpg,Shot Hole Leaf/Spot Leaf_IMG_20241103_195707.jpg.jpg,0528757fbb4df2147fb783959c469c159c6565c6cff8979731700b302a7eaa30
2151,universe,Shot Hole Leaf,2,Spot Leaf_IMG_20241103_195708.jpg.jpg,Shot Hole Leaf/Spot Leaf_IMG_20241103_195708.jpg.jpg,5f72fbbdd0b0c67022dd340573ba37c71588ba9356e15163be76703419380f62
2152,universe,Shot Hole Leaf,2,Spot Leaf_IMG_20241103_195709.jpg.jpg,Shot Hole Leaf/Spot Leaf_IMG_20241103_195709.jpg.jpg,00d7f3236096ab5b7a44d7eb0abdba9d3f623703c502c4b15377912e4fba39b1
2153,universe,Shot Hole Leaf,2,Spot Leaf_IMG_20241103_195713.jpg.jpg,Shot Hole Leaf/Spot Leaf_IMG_20241103_195713.jpg.jpg,00980d8768c6b74f9d433b8fc126f1b8af6890b6908be735171152d2dbb25d34
2154,universe,Shot Hole Leaf,2,Spot Leaf_IMG_20241103_195714.jpg.jpg,Shot Hole Leaf/Spot Leaf_IMG_20241103_195714.jpg.jpg,2d533ef8090f0b97f001bc5352af00c61339e2f95d236c935576db7244e9f680
2155,universe,Shot Hole Leaf,2,Spot Leaf_IMG_20241103_195715.jpg.jpg,Shot Hole Leaf/Spot Leaf_IMG_20241103_195715.jpg.jpg,44fc5bc67342a9e5b3baedb41d9ec5c982a9e9debf35935ff3ca0c5d9a5be303
2156,universe,Shot Hole Leaf,2,Spot Leaf_IMG_20241103_195716.jpg.jpg,Shot Hole Leaf/Spot Leaf_IMG_20241103_195716.jpg.jpg,df0df1b5ad5488b60ec82ea79f3316c3c290d395f9864265e8706921260affe9
2157,universe,Shot Hole Leaf,2,Spot Leaf_IMG_20241103_195721.jpg.jpg,Shot Hole Leaf/Spot Leaf_IMG_20241103_195721.jpg.jpg,c4f84e458297fb1cd00b26b97fa83e52774ee32a5a7d532519f403ab72393de8
2158,universe,Shot Hole Leaf,2,Spot Leaf_IMG_20241103_195722.jpg.jpg,Shot Hole Leaf/Spot Leaf_IMG_20241103_195722.jpg.jpg,75efddc944c4bc86364090f93a11ab49a3005cdfbb42a268c5fcf24ba91ebdeb
2159,universe,Shot Hole Leaf,2,Spot Leaf_IMG_20241103_195724.jpg.jpg,Shot Hole Leaf/Spot Leaf_IMG_20241103_195724.jpg.jpg,26bf2ceeee2bc82ce00b0b4f82c4baffe4418b6240491a9d25e4204a8ad78911
2160,universe,Shot Hole Leaf,2,Spot Leaf_IMG_20241103_195728.jpg.jpg,Shot Hole Leaf/Spot Leaf_IMG_20241103_195728.jpg.jpg,ddd10da9a5c280b70e0e441b1b39088379f8cac99107ce6a439daca5d1ec8dc4
2161,universe,Shot Hole Leaf,2,Spot Leaf_IMG_20241103_195729.jpg.jpg,Shot Hole Leaf/Spot Leaf_IMG_20241103_195729.jpg.jpg,c350d38f32e774ec26a82bba53a5a123d8307155cc42e0858f6a30b547370db8
2162,universe,Shot Hole Leaf,2,Spot Leaf_IMG_20241103_195730.jpg.jpg,Shot Hole Leaf/Spot Leaf_IMG_20241103_195730.jpg.jpg,d67339bf3a7d262ac7725999e1681bf13c2c461edb1ad017219313ee1b64645d
2163,universe,Shot Hole Leaf,2,Spot Leaf_IMG_20241103_195733.jpg.jpg,Shot Hole Leaf/Spot Leaf_IMG_20241103_195733.jpg.jpg,379907d269be083f1f81e2a7169aa10e7207daf50da4e5ab3c9dbec3ca4c8dee
2164,universe,Shot Hole Leaf,2,Spot Leaf_IMG_20241103_195735.jpg.jpg,Shot Hole Leaf/Spot Leaf_IMG_20241103_195735.jpg.jpg,d4160b3815a9d6d41e6f490942d59c3a4e0821244d9b2840f8f41a0613e8747c
2165,universe,Shot Hole Leaf,2,Spot Leaf_IMG_20241103_195736.jpg.jpg,Shot Hole Leaf/Spot Leaf_IMG_20241103_195736.jpg.jpg,a4d92f14c062931faf115abc4963cf0b9353722573d8e3b65a0aa96278f2102a
2166,universe,Shot Hole Leaf,2,Spot Leaf_IMG_20241103_195739.jpg.jpg,Shot Hole Leaf/Spot Leaf_IMG_20241103_195739.jpg.jpg,0b72db9d192042ad3fb10ad449c9af1c34f6dfafb8840db748ebbb92baee5f52
2167,universe,Shot Hole Leaf,2,Spot Leaf_IMG_20241103_195740.jpg.jpg,Shot Hole Leaf/Spot Leaf_IMG_20241103_195740.jpg.jpg,3846d44a5db0ab8a169fdb22162e4f598efb7bb81177f3eb288b529b1f77e8f8
2168,universe,Shot Hole Leaf,2,Spot Leaf_IMG_20241103_195741.jpg.jpg,Shot Hole Leaf/Spot Leaf_IMG_20241103_195741.jpg.jpg,b069d1f0b601abdafb8da52016401149c890e90ae1007f87e04aacdd2a3fb9a3
2169,universe,Shot Hole Leaf,2,Spot Leaf_IMG_20241103_195742.jpg.jpg,Shot Hole Leaf/Spot Leaf_IMG_20241103_195742.jpg.jpg,54d6011aa99c61e5dc2b5dceb3d039590e3566e7df56f071d6a77d042838dcea
2170,universe,Shot Hole Leaf,2,Spot Leaf_IMG_20241103_195747.jpg.jpg,Shot Hole Leaf/Spot Leaf_IMG_20241103_195747.jpg.jpg,dfcf5abef04a20c21ac1bef75b0f1a7a27eaae9d63015e2465317d0fbb65e18b
2171,universe,Shot Hole Leaf,2,Spot Leaf_IMG_20241103_195753.jpg.jpg,Shot Hole Leaf/Spot Leaf_IMG_20241103_195753.jpg.jpg,dc0449cdb3722645f5d25c5315f30014728d202a57cb02fe871d7bea604b3002
2172,universe,Shot Hole Leaf,2,Spot Leaf_IMG_20241103_195754.jpg.jpg,Shot Hole Leaf/Spot Leaf_IMG_20241103_195754.jpg.jpg,cca130025420f9dd993fe1cfdd10bfb22f73187939a2dfe45b95aed9eb587278
2173,universe,Shot Hole Leaf,2,Spot Leaf_IMG_20241103_195755.jpg.jpg,Shot Hole Leaf/Spot Leaf_IMG_20241103_195755.jpg.jpg,a810c3e1472f1c95eb98e8aacd70145d17690427241e9047702df056cd062911
2174,universe,Shot Hole Leaf,2,Spot Leaf_IMG_20241103_195756.jpg.jpg,Shot Hole Leaf/Spot Leaf_IMG_20241103_195756.jpg.jpg,79bfe914106f1eda3d08b1952be3f237a042f6fbaf73dbce242fcd79dcd0d641
2175,universe,Shot Hole Leaf,2,Spot Leaf_IMG_20241103_195800.jpg.jpg,Shot Hole Leaf/Spot Leaf_IMG_20241103_195800.jpg.jpg,da3c3ca17824caafd696917a9f27f01965a942f628ff0f7dfa170c756068c068
2176,universe,Shot Hole Leaf,2,Spot Leaf_IMG_20241103_195801.jpg.jpg,Shot Hole Leaf/Spot Leaf_IMG_20241103_195801.jpg.jpg,b4201b4a6f883df1f78c7cbed84aeadaed386b4f58edef352128c293d62269c3
2177,universe,Shot Hole Leaf,2,Spot Leaf_IMG_20241103_195802.jpg.jpg,Shot Hole Leaf/Spot Leaf_IMG_20241103_195802.jpg.jpg,0a5c7b78c7af997fe22f4df0625276d5ff59453033395a092c5a167f76425efb
2178,universe,Shot Hole Leaf,2,Spot Leaf_IMG_20241103_195806.jpg.jpg,Shot Hole Leaf/Spot Leaf_IMG_20241103_195806.jpg.jpg,421718944fcffa52162db9016ad50e115c65c1f75a7acd9eb4fa0cfd532a9bc3
2179,universe,Shot Hole Leaf,2,Spot Leaf_IMG_20241103_195807.jpg.jpg,Shot Hole Leaf/Spot Leaf_IMG_20241103_195807.jpg.jpg,a762268ca0534c00670b14b7a238fc134dff9d1ccc22dbd37689309e4b67c2be
2180,universe,Shot Hole Leaf,2,Spot Leaf_IMG_20241103_195808.jpg.jpg,Shot Hole Leaf/Spot Leaf_IMG_20241103_195808.jpg.jpg,9a0e37f0ddf76b223c39e45dc01cb1a5f4d575c15ab80f65df00670009e7301f
2181,universe,Shot Hole Leaf,2,Spot Leaf_IMG_20241103_195815.jpg.jpg,Shot Hole Leaf/Spot Leaf_IMG_20241103_195815.jpg.jpg,8f1389d3db77549a6da3d9f17354202cb440d8cc1676b586d259754d3d33d978
2182,universe,Shot Hole Leaf,2,Spot Leaf_IMG_20241103_195816.jpg.jpg,Shot Hole Leaf/Spot Leaf_IMG_20241103_195816.jpg.jpg,33a1ada9eb7ffa9f46db5ae73f9ef24b9e1f9cf5cc99cbfeedf1bd545e093f16
2183,universe,Shot Hole Leaf,2,Spot Leaf_IMG_20241103_195817.jpg.jpg,Shot Hole Leaf/Spot Leaf_IMG_20241103_195817.jpg.jpg,2c61c08a4d43895e63d5cc5d098c6fde61d3e1aed7e9a07d357bf0e83783d6e5
2184,universe,Shot Hole Leaf,2,Spot Leaf_IMG_20241103_195818.jpg.jpg,Shot Hole Leaf/Spot Leaf_IMG_20241103_195818.jpg.jpg,ad6fdef51f3a0ebf5596d6eccfdaa4be857a50909973f55df396865a297a38e1
2185,universe,Shot Hole Leaf,2,Spot Leaf_IMG_20241103_195822.jpg.jpg,Shot Hole Leaf/Spot Leaf_IMG_20241103_195822.jpg.jpg,c0131bf3ceeae540f7aae8eccc2fd08a04fd78c8b0bc8728eab0094dd877a419
2186,universe,Shot Hole Leaf,2,Spot Leaf_IMG_20241103_195823.jpg.jpg,Shot Hole Leaf/Spot Leaf_IMG_20241103_195823.jpg.jpg,07351773c217ad6f5fb5aebb048eb46d0a73ebe80ee70eb84ec3b6ad088f260a
2187,universe,Shot Hole Leaf,2,Spot Leaf_IMG_20241108_192722.jpg.jpg,Shot Hole Leaf/Spot Leaf_IMG_20241108_192722.jpg.jpg,2ff176839566c61410f0d4508890c52aeacc066b4c4c980538db107f94a2d72c
2188,universe,Shot Hole Leaf,2,Spot Leaf_IMG_20241108_192725.jpg.jpg,Shot Hole Leaf/Spot Leaf_IMG_20241108_192725.jpg.jpg,314420b01495ddd8f067bd1f23f22eb72692a13ba1f3c0ddc51210d315d85403
2189,universe,Shot Hole Leaf,2,Spot Leaf_IMG_20241108_192729.jpg.jpg,Shot Hole Leaf/Spot Leaf_IMG_20241108_192729.jpg.jpg,d4a8ed15e8b73b317657304d37c5e326594824c9b1714c62b0a34021aff84a62
2190,universe,Shot Hole Leaf,2,Spot Leaf_IMG_20241108_192731.jpg.jpg,Shot Hole Leaf/Spot Leaf_IMG_20241108_192731.jpg.jpg,69d0fcfd4dc4d6b95c1139fb74b2f93ba8de608b6be898c7f868f51c142a4f09
2191,universe,Shot Hole Leaf,2,Spot Leaf_IMG_20241108_192738.jpg.jpg,Shot Hole Leaf/Spot Leaf_IMG_20241108_192738.jpg.jpg,a5cea566b076b31648179451267c653c6ea911385bbc2de27ea1f3341bd7e635
2192,universe,Shot Hole Leaf,2,Spot Leaf_IMG_20241108_192743.jpg.jpg,Shot Hole Leaf/Spot Leaf_IMG_20241108_192743.jpg.jpg,9cac50dbcc67594fa0f45246ee75373945007ec9eef12c7ffce6c3a2581d3be0
2193,universe,Shot Hole Leaf,2,Spot Leaf_IMG_20241108_192748.jpg.jpg,Shot Hole Leaf/Spot Leaf_IMG_20241108_192748.jpg.jpg,d59dcdefbf421420f496c41fe81a646ed820ac88255d2d2167b6683f550119e9
2194,universe,Shot Hole Leaf,2,Spot Leaf_IMG_20241108_192754.jpg.jpg,Shot Hole Leaf/Spot Leaf_IMG_20241108_192754.jpg.jpg,4612e43ce1f97fa9db88f22633c3767bbdde3414492432d0d808a619372283ab
2195,universe,Shot Hole Leaf,2,Spot Leaf_IMG_20241108_192757.jpg.jpg,Shot Hole Leaf/Spot Leaf_IMG_20241108_192757.jpg.jpg,391cd1b49e3e1a74d1df94408247643e1ca43443c155c4094dd43ee6fa8eba67
2196,universe,Shot Hole Leaf,2,Spot Leaf_IMG_20241108_192802.jpg.jpg,Shot Hole Leaf/Spot Leaf_IMG_20241108_192802.jpg.jpg,b13dc7915aa64272c796457069f3c1550a3fed618c4f350757322e7a9293aa5c
2197,universe,Shot Hole Leaf,2,Spot Leaf_IMG_20241108_192818.jpg.jpg,Shot Hole Leaf/Spot Leaf_IMG_20241108_192818.jpg.jpg,4579f785561e997ebde009c2d391d392389cdcc33019ad2466690f93db3b6707
2198,universe,Shot Hole Leaf,2,Spot Leaf_IMG_20241108_192824.jpg.jpg,Shot Hole Leaf/Spot Leaf_IMG_20241108_192824.jpg.jpg,8d112359337e494c6fb977238f83d706417c524910ef0e6bf4c7235b97ff4609
2199,universe,Shot Hole Leaf,2,Spot Leaf_IMG_20241108_192830.jpg.jpg,Shot Hole Leaf/Spot Leaf_IMG_20241108_192830.jpg.jpg,12c2589fa02353c42c79d4032490920180a98604c6d1fc836a021bd286059c11
2200,universe,Shot Hole Leaf,2,Spot Leaf_IMG_20241108_192835.jpg.jpg,Shot Hole Leaf/Spot Leaf_IMG_20241108_192835.jpg.jpg,a2adeb689d90bf0fd385e9a1022f092adfa939ccb4b632898fc813caa64fa10d
2201,universe,Shot Hole Leaf,2,Spot Leaf_IMG_20241108_192838.jpg.jpg,Shot Hole Leaf/Spot Leaf_IMG_20241108_192838.jpg.jpg,6b2198d152f4f76925fb5459ae3eacf88ce1beb396b0a02670033a87e32a99b3
2202,universe,Shot Hole Leaf,2,Spot Leaf_IMG_20241108_192840.jpg.jpg,Shot Hole Leaf/Spot Leaf_IMG_20241108_192840.jpg.jpg,5afdc96d2dba0f0e2cb8bae7ff06c4becac101624debc53c47ba1aac0bee122f
2203,universe,Shot Hole Leaf,2,Spot Leaf_IMG_20241108_192903.jpg.jpg,Shot Hole Leaf/Spot Leaf_IMG_20241108_192903.jpg.jpg,2494f4923dafdb38af40c59d4d5a51199a9d3a0b4a00a0becc623edc545d9372
2204,universe,Shot Hole Leaf,2,Spot Leaf_IMG_20241108_192923.jpg.jpg,Shot Hole Leaf/Spot Leaf_IMG_20241108_192923.jpg.jpg,00e7083ca3dd495af6115a8a22b96597a932092dec23349425cc14270d2feb64
2205,universe,Shot Hole Leaf,2,Spot Leaf_IMG_20241108_192925.jpg.jpg,Shot Hole Leaf/Spot Leaf_IMG_20241108_192925.jpg.jpg,8d9ec30fe0f91a4f79fb5f729518b0d0da3516060d029e576177849b066ed924
2206,universe,Shot Hole Leaf,2,Spot Leaf_IMG_20241108_192928.jpg.jpg,Shot Hole Leaf/Spot Leaf_IMG_20241108_192928.jpg.jpg,d2c685c52de635da175b4c983e80afc3ee20e5b9959af734e5f31ebe7062dfc8
2207,universe,Shot Hole Leaf,2,Spot Leaf_IMG_20241108_192931.jpg.jpg,Shot Hole Leaf/Spot Leaf_IMG_20241108_192931.jpg.jpg,40ee60a9d3b296c1a7083e91091a7dd1de0c3bedf4ed4b65ecc5da100bfb746c
2208,universe,Shot Hole Leaf,2,Spot Leaf_IMG_20241108_192939.jpg.jpg,Shot Hole Leaf/Spot Leaf_IMG_20241108_192939.jpg.jpg,899a6df0b595885879c3eeb1a267131ad7d6e9cef9659f8de04f99726b6ce0bb
2209,universe,Shot Hole Leaf,2,Spot Leaf_IMG_20241108_192946.jpg.jpg,Shot Hole Leaf/Spot Leaf_IMG_20241108_192946.jpg.jpg,77e1b6ede6a5449d6a0b734660f820e814728a87d0e77efbe23ee729e87b4c02
2210,universe,Shot Hole Leaf,2,Spot Leaf_IMG_20241108_192953.jpg.jpg,Shot Hole Leaf/Spot Leaf_IMG_20241108_192953.jpg.jpg,441c30b7f414e38cea23f356665344ebb5ec088b93e9e5e0a13aa75bd42a5e95
2211,universe,Shot Hole Leaf,2,Spot Leaf_IMG_20241108_192957.jpg.jpg,Shot Hole Leaf/Spot Leaf_IMG_20241108_192957.jpg.jpg,da239b98fe1c8e44ba7e86e6ab62d147c64666c74004571bb9a1853b0c32d2b9
2212,universe,Shot Hole Leaf,2,Spot Leaf_IMG_20241108_193000.jpg.jpg,Shot Hole Leaf/Spot Leaf_IMG_20241108_193000.jpg.jpg,994e508cad26c151d5ad88223ae33494c5451897e689fbe9d83d4cc90b6dff0e
2213,universe,Shot Hole Leaf,2,Spot Leaf_IMG_20241108_193005.jpg.jpg,Shot Hole Leaf/Spot Leaf_IMG_20241108_193005.jpg.jpg,3b9b51be789145d43c80a63550976c76bf2720d4606995cfb12a8703d86ce99c
2214,universe,Shot Hole Leaf,2,Spot Leaf_IMG_20241108_193011.jpg.jpg,Shot Hole Leaf/Spot Leaf_IMG_20241108_193011.jpg.jpg,dc47953c6dd93cd300c8a665bb7df9d55737cf0dc04b5a3fd22b0092a3b0e665
2215,universe,Shot Hole Leaf,2,Spot Leaf_IMG_20241108_193019.jpg.jpg,Shot Hole Leaf/Spot Leaf_IMG_20241108_193019.jpg.jpg,4376c3fd321b487231d4ad0d33e21a493cdee4d469374d5461cc97c08205fe37
2216,universe,Shot Hole Leaf,2,Spot Leaf_IMG_20241108_193031.jpg.jpg,Shot Hole Leaf/Spot Leaf_IMG_20241108_193031.jpg.jpg,7b231cdf9f7425e4b286d2d3517fdbabaabf6166adccc39241591d6d19a0d4ba
2217,universe,Shot Hole Leaf,2,Spot Leaf_IMG_20241108_193034.jpg.jpg,Shot Hole Leaf/Spot Leaf_IMG_20241108_193034.jpg.jpg,96d32576e89b635737e696cc5a7039a7f4ee6570c22f5ad82c4e5048293dd4cd
2218,universe,Shot Hole Leaf,2,Spot Leaf_IMG_20241108_193056.jpg.jpg,Shot Hole Leaf/Spot Leaf_IMG_20241108_193056.jpg.jpg,044fdf6c3172e19aa52d4a8a0da72d9ab9e67f4ca9b858e01d08eba619ebd5d0
2219,universe,Shot Hole Leaf,2,Spot Leaf_IMG_20241108_193058.jpg.jpg,Shot Hole Leaf/Spot Leaf_IMG_20241108_193058.jpg.jpg,f582178ad5c772e752a3a2df0d4cf37e4a230fb8019b1a954996f3d3b827e4c8
2220,universe,Shot Hole Leaf,2,Spot Leaf_IMG_20241108_193106.jpg.jpg,Shot Hole Leaf/Spot Leaf_IMG_20241108_193106.jpg.jpg,9df24ee6e7a275b77cc8ebb7b376182738a3ce4bed04a938be882696a01b79f7
2221,universe,Shot Hole Leaf,2,Spot Leaf_IMG_20241108_193117.jpg.jpg,Shot Hole Leaf/Spot Leaf_IMG_20241108_193117.jpg.jpg,78422a45b328a99ca7d8b863a588bca395e04c429c5053dfd8d9f39a9aa06a43
2222,universe,Shot Hole Leaf,2,Spot Leaf_IMG_20241108_193121.jpg.jpg,Shot Hole Leaf/Spot Leaf_IMG_20241108_193121.jpg.jpg,3221cde6637a98f266a659e952b2697e8e5c313c524e2be06cb8d52c05cdd8af
2223,universe,Shot Hole Leaf,2,Spot Leaf_IMG_20241108_193128.jpg.jpg,Shot Hole Leaf/Spot Leaf_IMG_20241108_193128.jpg.jpg,175daaedabf84eb8cbcba8d041d13debcdb440b2f1669b1dd97e2d168a4f32da
2224,universe,Shot Hole Leaf,2,Spot Leaf_IMG_20241108_193131.jpg.jpg,Shot Hole Leaf/Spot Leaf_IMG_20241108_193131.jpg.jpg,f7960e54413beed91ea0b9e59f213aa6fe3c98d829eda6a28e76fd13d2712e60
2225,universe,Shot Hole Leaf,2,Spot Leaf_IMG_20241108_193135.jpg.jpg,Shot Hole Leaf/Spot Leaf_IMG_20241108_193135.jpg.jpg,e745c4c17d4deb838ecfc84af2066af0ae3724af18ef8a9ae8bf61081a2c6041
2226,universe,Shot Hole Leaf,2,Spot Leaf_IMG_20241108_193137.jpg.jpg,Shot Hole Leaf/Spot Leaf_IMG_20241108_193137.jpg.jpg,a5cc2440b614fd313d4d72a5471a281e4d8f0daea2f02e39d31e4a28de5a25f6
2227,universe,Shot Hole Leaf,2,Spot Leaf_IMG_20241108_193142.jpg.jpg,Shot Hole Leaf/Spot Leaf_IMG_20241108_193142.jpg.jpg,5c3bb55a816e04e019db142dad424efc1e4fee0286497de2f43bdbbcc1fcad9d
2228,universe,Shot Hole Leaf,2,Spot Leaf_IMG_20241108_193144.jpg.jpg,Shot Hole Leaf/Spot Leaf_IMG_20241108_193144.jpg.jpg,92208f597328ad563bbb86539cc323c130d90190087b00b5e472ff6e06921f95
2229,universe,Shot Hole Leaf,2,Spot Leaf_IMG_20241108_193159.jpg.jpg,Shot Hole Leaf/Spot Leaf_IMG_20241108_193159.jpg.jpg,c44c4c6903ec3a8c922ad7e086037f097b90ab84a90ce327946a4169b26806b1
2230,universe,Shot Hole Leaf,2,Spot Leaf_IMG_20241108_193202.jpg.jpg,Shot Hole Leaf/Spot Leaf_IMG_20241108_193202.jpg.jpg,9d8faf659b3e84ed1114dacc9c7bc8e816dc3ae7d0e8215d576e0d6a57fc59fd
2231,universe,Shot Hole Leaf,2,Spot Leaf_IMG_20241108_193210.jpg.jpg,Shot Hole Leaf/Spot Leaf_IMG_20241108_193210.jpg.jpg,e25a5c7b9ddf1d7378ed12bff69f5d0d67137628e082901cece9e6221480bd82
2232,universe,Shot Hole Leaf,2,Spot Leaf_IMG_20241108_193220.jpg.jpg,Shot Hole Leaf/Spot Leaf_IMG_20241108_193220.jpg.jpg,b94c4d9075374a98e3872606493730f995c388f5f15dd93792698712678c82d3
2233,universe,Shot Hole Leaf,2,Spot Leaf_IMG_20241108_193222.jpg.jpg,Shot Hole Leaf/Spot Leaf_IMG_20241108_193222.jpg.jpg,2af4581e8a8980a20c77dc4b53d2a8a860dced0ceab06a7c8be9bc2ee63c7168
2234,universe,Shot Hole Leaf,2,Spot Leaf_IMG_20241108_193227.jpg.jpg,Shot Hole Leaf/Spot Leaf_IMG_20241108_193227.jpg.jpg,65da9105f948d8a82d2c2d7788a17f39c5385f49064efcc5d83109587291f991
2235,universe,Shot Hole Leaf,2,Spot Leaf_IMG_20241108_193231.jpg.jpg,Shot Hole Leaf/Spot Leaf_IMG_20241108_193231.jpg.jpg,f790b07976122bbb36a9cc47585e22a15edbeb4c3ed498658f6edde70656344a
2236,universe,Shot Hole Leaf,2,Spot Leaf_IMG_20241108_193236.jpg.jpg,Shot Hole Leaf/Spot Leaf_IMG_20241108_193236.jpg.jpg,7358490784422652a1a8a80ba8cdb881d04df61acd69261994724e6c36c2df41
2237,universe,Shot Hole Leaf,2,Spot Leaf_IMG_20241108_193240.jpg.jpg,Shot Hole Leaf/Spot Leaf_IMG_20241108_193240.jpg.jpg,e7d99b2175855a49335ebc1683a6203e4996c8e5b1783bcdd13bc2c72259fdd4
2238,universe,Shot Hole Leaf,2,Spot Leaf_IMG_20241108_193245.jpg.jpg,Shot Hole Leaf/Spot Leaf_IMG_20241108_193245.jpg.jpg,454d62d9a6f729f914cfee60d60a3a77be23997a8b031990679cc58fb85bbf5f
2239,universe,Shot Hole Leaf,2,Spot Leaf_IMG_20241108_193248.jpg.jpg,Shot Hole Leaf/Spot Leaf_IMG_20241108_193248.jpg.jpg,8abe003093e75f99606b3e149ec5497364807ecac4d63427cf24310783032259
2240,universe,Shot Hole Leaf,2,Spot Leaf_IMG_20241108_193300.jpg.jpg,Shot Hole Leaf/Spot Leaf_IMG_20241108_193300.jpg.jpg,5cfa2e45f7b7d851465b3c62463dd69b2c1d3d4dfe35611f76bb761cc3c7214d
2241,universe,Shot Hole Leaf,2,Spot Leaf_IMG_20241108_193313.jpg.jpg,Shot Hole Leaf/Spot Leaf_IMG_20241108_193313.jpg.jpg,d251103761b9292c0e8fb1b76568a7f853d6968432f32de8a05276b77daa4047
2242,universe,Shot Hole Leaf,2,Spot Leaf_IMG_20241108_193322.jpg.jpg,Shot Hole Leaf/Spot Leaf_IMG_20241108_193322.jpg.jpg,21f76881689551bc9b1f073355d24825a6450b1fdbb813a3790bc08e7ec91b6e
2243,universe,Shot Hole Leaf,2,Spot Leaf_IMG_20241108_193325.jpg.jpg,Shot Hole Leaf/Spot Leaf_IMG_20241108_193325.jpg.jpg,6d03f54b219d1d02fd781fddab468796b117401eea4ef375c81a3015d2049b6d
2244,universe,Shot Hole Leaf,2,Spot Leaf_IMG_20241108_193402.jpg.jpg,Shot Hole Leaf/Spot Leaf_IMG_20241108_193402.jpg.jpg,b857674a2b91903f3ea37dbc54800f168a9ff1529383d03b786afc73a425f272
2245,universe,Shot Hole Leaf,2,Spot Leaf_IMG_20241108_193404.jpg.jpg,Shot Hole Leaf/Spot Leaf_IMG_20241108_193404.jpg.jpg,3ebbc913036d19814dedabc035ee80f153d81ad287b50e39d3cc1a6398b9d084
2246,universe,Shot Hole Leaf,2,Spot Leaf_IMG_20241108_193409.jpg.jpg,Shot Hole Leaf/Spot Leaf_IMG_20241108_193409.jpg.jpg,e64a6acd4e3c6569d3ca1b8d9f4f2f98eb218692b43b63319638d4cde4c4286c
2247,universe,Shot Hole Leaf,2,Spot Leaf_IMG_20241108_193413.jpg.jpg,Shot Hole Leaf/Spot Leaf_IMG_20241108_193413.jpg.jpg,24ae4a72966c6ead029e0a41dde026c56458a0570a4e3efb717a8964e6a7f06c
2248,universe,Shot Hole Leaf,2,Spot Leaf_IMG_20241108_193416.jpg.jpg,Shot Hole Leaf/Spot Leaf_IMG_20241108_193416.jpg.jpg,18ec060bf1b325702667ae0a04cf7bde94c2457eb3fe9fdb478b0e87fb52338e
2249,universe,Shot Hole Leaf,2,Spot Leaf_IMG_20241108_193422.jpg.jpg,Shot Hole Leaf/Spot Leaf_IMG_20241108_193422.jpg.jpg,563716fa26541139500575394e4190d0452ec9d84854fced326e8c00ef223811
2250,universe,Shot Hole Leaf,2,Spot Leaf_IMG_20241108_193431.jpg.jpg,Shot Hole Leaf/Spot Leaf_IMG_20241108_193431.jpg.jpg,f1180bc931b9dcb5581ba375ca1905fb2919d3f890fe29da1c581afcb709d94f
2251,universe,Shot Hole Leaf,2,Spot Leaf_IMG_20241108_193437.jpg.jpg,Shot Hole Leaf/Spot Leaf_IMG_20241108_193437.jpg.jpg,3ff4cacd1d6d92720c33cfe186eba56613ebb231fb2428baa1f490159c9dd962
2252,universe,Shot Hole Leaf,2,Spot Leaf_IMG_20241108_193442.jpg.jpg,Shot Hole Leaf/Spot Leaf_IMG_20241108_193442.jpg.jpg,c64ce86705e8bdde91004e9655ad1a97a920d68735203693d764b5e21ea3ae0c
2253,universe,Shot Hole Leaf,2,Spot Leaf_IMG_20241108_193500.jpg.jpg,Shot Hole Leaf/Spot Leaf_IMG_20241108_193500.jpg.jpg,d2a13e244b20b4a055cab61b6d6ecfd891fa99ad65408298964ad494989fc33c
2254,universe,Shot Hole Leaf,2,Spot Leaf_IMG_20241108_193503.jpg.jpg,Shot Hole Leaf/Spot Leaf_IMG_20241108_193503.jpg.jpg,e69e2ba587bfaaf03dd85bbf8afb6cb91a10de8a966e72dd9cb0e53e7f511cdf
2255,universe,Shot Hole Leaf,2,Spot Leaf_IMG_20241108_193613.jpg.jpg,Shot Hole Leaf/Spot Leaf_IMG_20241108_193613.jpg.jpg,1ae21deb782354c6d76d2aa851328925e4c3b8f38b3181344d1a874ff2d93302
2256,universe,Shot Hole Leaf,2,Spot Leaf_IMG_20241108_193617.jpg.jpg,Shot Hole Leaf/Spot Leaf_IMG_20241108_193617.jpg.jpg,d44d9b34638daa8ae2e7515a62791d5ba33de68c14bb720fdaa80086e1d94c6c
2257,universe,Shot Hole Leaf,2,Spot Leaf_IMG_20241108_193623.jpg.jpg,Shot Hole Leaf/Spot Leaf_IMG_20241108_193623.jpg.jpg,7c609af5514ea36e1c98a20f43c143a6dca763d2c99681f91cf9825e8e526aee
2258,universe,Shot Hole Leaf,2,Spot Leaf_IMG_20241108_193627.jpg.jpg,Shot Hole Leaf/Spot Leaf_IMG_20241108_193627.jpg.jpg,47c9357f71e86981f37d3d2ab7c4e568bd0909631055d789bb50f9ebf91b9a04
2259,universe,Shot Hole Leaf,2,Spot Leaf_IMG_20241108_193632.jpg.jpg,Shot Hole Leaf/Spot Leaf_IMG_20241108_193632.jpg.jpg,933a1edc0f49019ed34dea100be8159139fa53de5ceac5fb16145604d225568f
2260,universe,Shot Hole Leaf,2,Spot Leaf_IMG_20241108_193634.jpg.jpg,Shot Hole Leaf/Spot Leaf_IMG_20241108_193634.jpg.jpg,3067bd937c4f3f4727402db6898eadf2fb93f5180b01683abc16fb52fc0b3611
2261,universe,Shot Hole Leaf,2,Spot Leaf_IMG_20241108_193639.jpg.jpg,Shot Hole Leaf/Spot Leaf_IMG_20241108_193639.jpg.jpg,86a9d6066f70490a9899f6215c84366469f35b4744c094f756827a8b4e1de8d0
2262,universe,Shot Hole Leaf,2,Spot Leaf_IMG_20241108_193641.jpg.jpg,Shot Hole Leaf/Spot Leaf_IMG_20241108_193641.jpg.jpg,8d9917585f3091668dcb49358bf8dee0a79c752ee81cea12b8ab255458cb6e93
2263,universe,Shot Hole Leaf,2,Spot Leaf_IMG_20241108_193646.jpg.jpg,Shot Hole Leaf/Spot Leaf_IMG_20241108_193646.jpg.jpg,96c4e7f143407d5cc8612812f745cdbe7e11cd2b579ac7e326a2c51273a95758
2264,universe,Shot Hole Leaf,2,Spot Leaf_IMG_20241108_193649.jpg.jpg,Shot Hole Leaf/Spot Leaf_IMG_20241108_193649.jpg.jpg,f609ed951558b81d322761e8937ef5d4cff9b82d51831fb098480998be545419
2265,universe,Shot Hole Leaf,2,Spot Leaf_IMG_20241108_193658.jpg.jpg,Shot Hole Leaf/Spot Leaf_IMG_20241108_193658.jpg.jpg,dafeae8f743f9c06c3015073904f979d06339029fc17c1183d1d8f6cda018291
2266,universe,Shot Hole Leaf,2,Spot Leaf_IMG_20241108_193701.jpg.jpg,Shot Hole Leaf/Spot Leaf_IMG_20241108_193701.jpg.jpg,54004b2567b18ab284d3ec45117f59bd0d49b4cf70c901a171fe7b16aa293c72
2267,universe,Shot Hole Leaf,2,Spot Leaf_IMG_20241108_193706.jpg.jpg,Shot Hole Leaf/Spot Leaf_IMG_20241108_193706.jpg.jpg,dee79b999d995c72c4a954dbd8fadb1fb9822e1d20a2606e4b8f6cd30b2191bb
2268,universe,Shot Hole Leaf,2,Spot Leaf_IMG_20241108_193710.jpg.jpg,Shot Hole Leaf/Spot Leaf_IMG_20241108_193710.jpg.jpg,dbc1e4e8cf9b54a728b3fa9fad9dc27a59d7efd9e77330a33943fa592ef9b4ad
2269,universe,Shot Hole Leaf,2,Spot Leaf_IMG_20241108_193715.jpg.jpg,Shot Hole Leaf/Spot Leaf_IMG_20241108_193715.jpg.jpg,2fd9e701a2dcbc17f9b6da4e129b6fcf8286fc3ed386f6293aaaad599e85ab3e
2270,universe,Shot Hole Leaf,2,Spot Leaf_IMG_20241108_193718.jpg.jpg,Shot Hole Leaf/Spot Leaf_IMG_20241108_193718.jpg.jpg,23b2e1c94823e2d87f6ef5ab1c0a1846c32427374416132cab2c31886abca0a7
2271,universe,Shot Hole Leaf,2,Spot Leaf_IMG_20241108_193722.jpg.jpg,Shot Hole Leaf/Spot Leaf_IMG_20241108_193722.jpg.jpg,7cd6a2557ca5e2defdfeee7cc3552d1fc2e7f490a2741f4dec30fc2f412aae9c
2272,universe,Shot Hole Leaf,2,Spot Leaf_IMG_20241108_193725.jpg.jpg,Shot Hole Leaf/Spot Leaf_IMG_20241108_193725.jpg.jpg,00f073566be323222cd04538eefd5269e527699d9adab5764562a4b1e98774d7
2273,universe,Shot Hole Leaf,2,Spot Leaf_IMG_20241108_193727.jpg.jpg,Shot Hole Leaf/Spot Leaf_IMG_20241108_193727.jpg.jpg,2aa66012f04009edf938d3f400e2a28fe47d1ff9f9eda5fc037e1790b6fded55
2274,universe,Shot Hole Leaf,2,Spot Leaf_IMG_20241108_193733.jpg.jpg,Shot Hole Leaf/Spot Leaf_IMG_20241108_193733.jpg.jpg,abc85e7681798a6c1ca6bb2f0d8f526777cef1c5b28609f2496905b4283c4109
2275,universe,Shot Hole Leaf,2,Spot Leaf_IMG_20241108_193740.jpg.jpg,Shot Hole Leaf/Spot Leaf_IMG_20241108_193740.jpg.jpg,299296de24d2bac65800c14a16205259d25f4ad016ec6677d41fef6c4d95a658
2276,universe,Shot Hole Leaf,2,Spot Leaf_IMG_20241108_193745.jpg.jpg,Shot Hole Leaf/Spot Leaf_IMG_20241108_193745.jpg.jpg,a7336b3b2a06652864a6df473039e8fd86f1d482d4a9b36e79b836d20a0e1058
2277,universe,Shot Hole Leaf,2,Spot Leaf_IMG_20241108_193752.jpg.jpg,Shot Hole Leaf/Spot Leaf_IMG_20241108_193752.jpg.jpg,547fb9dd1b59145480d94769c7f0cd28de9c2a5088116d5953242a765c5b28cc
2278,universe,Shot Hole Leaf,2,Spot Leaf_IMG_20241108_193759.jpg.jpg,Shot Hole Leaf/Spot Leaf_IMG_20241108_193759.jpg.jpg,3d47be29b117e2e6f726b2c6f5bc61cc0c690ad64e258f9c4efceedabe23a4c9
2279,universe,Shot Hole Leaf,2,Spot Leaf_IMG_20241108_193811.jpg.jpg,Shot Hole Leaf/Spot Leaf_IMG_20241108_193811.jpg.jpg,b306ed7d98c3bf6eeb597a66f696f9691edf265e895ab80ccd43e353179edded
2280,universe,Shot Hole Leaf,2,Spot Leaf_IMG_20241108_193818.jpg.jpg,Shot Hole Leaf/Spot Leaf_IMG_20241108_193818.jpg.jpg,84439738d69ff4c0751b6d0f86b60e1b423f59f5cedcfad2351f1346671bd58f
2281,universe,Shot Hole Leaf,2,Spot Leaf_IMG_20241108_193820.jpg.jpg,Shot Hole Leaf/Spot Leaf_IMG_20241108_193820.jpg.jpg,2a1c90c497a8bbe9c4e84cc7bbfc993661db898f30612b7336cabb0e96638a49
2282,universe,Shot Hole Leaf,2,Spot Leaf_IMG_20241108_193913.jpg.jpg,Shot Hole Leaf/Spot Leaf_IMG_20241108_193913.jpg.jpg,ddfceb6a1f27436543b903aed78e19aa5cc9d877e54769cb2820a464bebacef1
2283,universe,Shot Hole Leaf,2,Spot Leaf_IMG_20241108_193921.jpg.jpg,Shot Hole Leaf/Spot Leaf_IMG_20241108_193921.jpg.jpg,3a7b7e037472ed953fe3d3241d89ed37b16abc247c4bca517f7c71dfadd31ad2
2284,universe,Shot Hole Leaf,2,Spot Leaf_IMG_20241108_193924.jpg.jpg,Shot Hole Leaf/Spot Leaf_IMG_20241108_193924.jpg.jpg,fafa01558c84801482ab9ed33b76888a81ba1243c0cb61c49a1e40bf1b82336f
2285,universe,Shot Hole Leaf,2,Spot Leaf_IMG_20241108_193928.jpg.jpg,Shot Hole Leaf/Spot Leaf_IMG_20241108_193928.jpg.jpg,c1a17a27ca767cf236383554cea7876950785fffb378f80dc6afae22f398e7bf
2286,universe,Shot Hole Leaf,2,Spot Leaf_IMG_20241108_193932.jpg.jpg,Shot Hole Leaf/Spot Leaf_IMG_20241108_193932.jpg.jpg,e09def7cf067a06c076e3b9e8f338dd63ebb9d18f071b35956ca51682a2de6cd
2287,universe,Shot Hole Leaf,2,Spot Leaf_IMG_20241108_193936.jpg.jpg,Shot Hole Leaf/Spot Leaf_IMG_20241108_193936.jpg.jpg,39eff6f5c3cc8d10922511f515b6a0bb1903d4bc896f06050eb62fd1de0d8214
2288,universe,Shot Hole Leaf,2,Spot Leaf_IMG_20241108_193942.jpg.jpg,Shot Hole Leaf/Spot Leaf_IMG_20241108_193942.jpg.jpg,340053b242bc61cec122de76028a1ee732902a927d7f11c9583187295fa65fe8
2289,universe,Shot Hole Leaf,2,Spot Leaf_IMG_20241108_193953.jpg.jpg,Shot Hole Leaf/Spot Leaf_IMG_20241108_193953.jpg.jpg,2a1b76e206df9b87f9e559d75f1da6f38d761e9ece64f7e94e4c95635a77bfaf
2290,universe,Shot Hole Leaf,2,Spot Leaf_IMG_20241108_193958.jpg.jpg,Shot Hole Leaf/Spot Leaf_IMG_20241108_193958.jpg.jpg,c17cf7c63be7f53087714cd650ef33a6f5b166edd643b6549f764a0cef52a0f9
2291,universe,Shot Hole Leaf,2,Spot Leaf_IMG_20241108_194001.jpg.jpg,Shot Hole Leaf/Spot Leaf_IMG_20241108_194001.jpg.jpg,44ed884d13461f47046bfd43121c7805b5499a8162ba710d6bd8ec505c25dfb4
2292,universe,Shot Hole Leaf,2,Spot Leaf_IMG_20241108_194013.jpg.jpg,Shot Hole Leaf/Spot Leaf_IMG_20241108_194013.jpg.jpg,292cefb3e896647a944a4f1085145bb58f7331924ce5f5dea8299469e7009ae5
2293,universe,Shot Hole Leaf,2,Spot Leaf_IMG_20241108_194018.jpg.jpg,Shot Hole Leaf/Spot Leaf_IMG_20241108_194018.jpg.jpg,baecab22319af7ba9e2d47ba7681b00238e8878b794ddcebe9f3a97108cadb60
2294,universe,Shot Hole Leaf,2,Spot Leaf_IMG_20241108_194025.jpg.jpg,Shot Hole Leaf/Spot Leaf_IMG_20241108_194025.jpg.jpg,d4ef49e5e69125c4ac2d2496cd7f424cc1b4a028013d2f7f26f6f3902e19ba76
2295,universe,Shot Hole Leaf,2,Spot Leaf_IMG_20241108_194032.jpg.jpg,Shot Hole Leaf/Spot Leaf_IMG_20241108_194032.jpg.jpg,cc5181c35e52b91d81fa1278d0adfbb1851c775d379fbc74de0b673750500db2
2296,universe,Shot Hole Leaf,2,Spot Leaf_IMG_20241108_194037.jpg.jpg,Shot Hole Leaf/Spot Leaf_IMG_20241108_194037.jpg.jpg,80f823787f3e56eb440f3745f30d364a627f9ab58ee194dddb90fff066402337
2297,universe,Shot Hole Leaf,2,Spot Leaf_IMG_20241108_194043.jpg.jpg,Shot Hole Leaf/Spot Leaf_IMG_20241108_194043.jpg.jpg,05d0f074d9f6214a71de9e9e7fee6ad1ae22caa7f704a004f0fcd3b3bb825ac5
2298,universe,Shot Hole Leaf,2,Spot Leaf_IMG_20241108_194144.jpg.jpg,Shot Hole Leaf/Spot Leaf_IMG_20241108_194144.jpg.jpg,a92eafbc09e9b661f64322e5b187a772457d29aa93b7b5fea29b470b9b6c3fd1
2299,universe,Shot Hole Leaf,2,Spot Leaf_IMG_20241108_194152.jpg.jpg,Shot Hole Leaf/Spot Leaf_IMG_20241108_194152.jpg.jpg,ee5014d700faaeadc29b117e565bf904150f526612f777a6dd125e8733f4ad4b
2300,universe,Shot Hole Leaf,2,Spot Leaf_IMG_20241108_194202.jpg.jpg,Shot Hole Leaf/Spot Leaf_IMG_20241108_194202.jpg.jpg,9dd85857cbacc9b97d0708c8a8e0852624118e42bb689a7a83c9576e5f9d9c37
2301,universe,Shot Hole Leaf,2,Spot Leaf_IMG_20241108_194209.jpg.jpg,Shot Hole Leaf/Spot Leaf_IMG_20241108_194209.jpg.jpg,f60e777ea5f78cfde544fe43aaa788cdb19cdc50d8234e1495633428a5869754
2302,universe,Shot Hole Leaf,2,Spot Leaf_IMG_20241108_194218.jpg.jpg,Shot Hole Leaf/Spot Leaf_IMG_20241108_194218.jpg.jpg,39fb574c47d91be692714e3aab10971c018803f5c71ec90ab08a02f20fe63376
2303,universe,Shot Hole Leaf,2,Spot Leaf_IMG_20241108_194222.jpg.jpg,Shot Hole Leaf/Spot Leaf_IMG_20241108_194222.jpg.jpg,36b65d66d0e0754cd52fe287a355927afb7cbf05d411e0393d5676e0748c3d00
2304,universe,Shot Hole Leaf,2,Spot Leaf_IMG_20241108_194225.jpg.jpg,Shot Hole Leaf/Spot Leaf_IMG_20241108_194225.jpg.jpg,97419fc6853006a7ff2a512d5594ea9f189872863501790b584177782c074c58
2305,universe,Shot Hole Leaf,2,Spot Leaf_IMG_20241108_194231.jpg.jpg,Shot Hole Leaf/Spot Leaf_IMG_20241108_194231.jpg.jpg,b5662149a9ea2f0a898bbe736399eb0f39794564ec6301c569b7809e246489fa
2306,universe,Shot Hole Leaf,2,Spot Leaf_IMG_20241108_194234.jpg.jpg,Shot Hole Leaf/Spot Leaf_IMG_20241108_194234.jpg.jpg,857b8ed14e44f28d4dbe17f6aa89adb42dd629fde96e998b2966b23022fb035d
2307,universe,Shot Hole Leaf,2,Spot Leaf_IMG_20241108_194237.jpg.jpg,Shot Hole Leaf/Spot Leaf_IMG_20241108_194237.jpg.jpg,df3e4820c5e5a758fdafb39f07ff3f88c13e60c03cbaab57c11b896b75b12856
2308,universe,Shot Hole Leaf,2,Spot Leaf_IMG_20241108_194248.jpg.jpg,Shot Hole Leaf/Spot Leaf_IMG_20241108_194248.jpg.jpg,c81c74e2e8fcd89a1b15e7ae87856ca977df0d08a2ebb621374c7207e030478e
2309,universe,Shot Hole Leaf,2,Spot Leaf_IMG_20241108_194254.jpg.jpg,Shot Hole Leaf/Spot Leaf_IMG_20241108_194254.jpg.jpg,1c0db05684e92d8312da3fd1ccebd76176741e9e2f837d754cd3c4e412afd3f2
2310,universe,Shot Hole Leaf,2,Spot Leaf_IMG_20241108_194301.jpg.jpg,Shot Hole Leaf/Spot Leaf_IMG_20241108_194301.jpg.jpg,85d89a13a0cfc12cf60be3a3e8d45fd890e9ca2194620b75418db244e5d3671a
2311,universe,Shot Hole Leaf,2,Spot Leaf_IMG_20241108_194337.jpg.jpg,Shot Hole Leaf/Spot Leaf_IMG_20241108_194337.jpg.jpg,a45ae56ccb99091486e3d17556911c53f7ec6ba1bc38965f4c582c32b0b8cf88
2312,universe,Shot Hole Leaf,2,Spot Leaf_IMG_20241108_194339.jpg.jpg,Shot Hole Leaf/Spot Leaf_IMG_20241108_194339.jpg.jpg,b2008a8d893af344de135e4be1fea689e86c39b82e317719185bd24260281a20
2313,universe,Shot Hole Leaf,2,Spot Leaf_IMG_20241108_194341.jpg.jpg,Shot Hole Leaf/Spot Leaf_IMG_20241108_194341.jpg.jpg,fdc8c3b56444a48a1c40cf5fd4bb1e500675380a19ff32392dcab7ca6ed5f813
2314,universe,Shot Hole Leaf,2,Spot Leaf_IMG_20241108_194348.jpg.jpg,Shot Hole Leaf/Spot Leaf_IMG_20241108_194348.jpg.jpg,3586c36f2953b34c2c50dae14ffbc245de6ed14b68d2a9340e8c8dead661a9a4
2315,universe,Shot Hole Leaf,2,Spot Leaf_IMG_20241108_194350.jpg.jpg,Shot Hole Leaf/Spot Leaf_IMG_20241108_194350.jpg.jpg,3117c53f010089d1516ceb6026f42a1df820a7d729f16982f24dacda78bff1b4
2316,universe,Shot Hole Leaf,2,Spot Leaf_IMG_20241108_194353.jpg.jpg,Shot Hole Leaf/Spot Leaf_IMG_20241108_194353.jpg.jpg,5381e848ff0a9f1b9e539e5bc2874295fd4f9a0d0b8cc7c41fe5596f614a462f
2317,universe,Shot Hole Leaf,2,Spot Leaf_IMG_20241108_194355.jpg.jpg,Shot Hole Leaf/Spot Leaf_IMG_20241108_194355.jpg.jpg,ea8835b37ae9c2501cb32b8afd104da35cebccfd47461edeafdd3da08e97eda9
2318,universe,Shot Hole Leaf,2,Spot Leaf_IMG_20241108_194403.jpg.jpg,Shot Hole Leaf/Spot Leaf_IMG_20241108_194403.jpg.jpg,984f866f3a33d684400f775f07feeba1da4f88b839b49ab74f5b90e7006bd7b6
2319,universe,Shot Hole Leaf,2,Spot Leaf_IMG_20241108_194407.jpg.jpg,Shot Hole Leaf/Spot Leaf_IMG_20241108_194407.jpg.jpg,c7e6380b3d5d1ace6284b60b72b0267e6b554788e4af6301e930e0825739af2a
2320,universe,Shot Hole Leaf,2,Spot Leaf_IMG_20241108_194410.jpg.jpg,Shot Hole Leaf/Spot Leaf_IMG_20241108_194410.jpg.jpg,86599d0083a7d51b64fb2cdc112272abb7c1185d746fcb58437208f0bf546df8
2321,universe,Shot Hole Leaf,2,Spot Leaf_IMG_20241108_194415.jpg.jpg,Shot Hole Leaf/Spot Leaf_IMG_20241108_194415.jpg.jpg,ddd2fa6edb0a869935aa1cbcfb1cc2356329bc03e74b51c3ffcd5d85f73a694c
2322,universe,Shot Hole Leaf,2,Spot Leaf_IMG_20241108_194418.jpg.jpg,Shot Hole Leaf/Spot Leaf_IMG_20241108_194418.jpg.jpg,fcce543982534a3337c30aad562295e67e13c92722fb201d2aaca73a04c0221e
2323,universe,Shot Hole Leaf,2,Spot Leaf_IMG_20241108_194421.jpg.jpg,Shot Hole Leaf/Spot Leaf_IMG_20241108_194421.jpg.jpg,cbd8b7be39b365f04fe1f765225c0cdf652728dafb196e7482340f8e67c626e9
2324,universe,Shot Hole Leaf,2,Spot Leaf_IMG_20241108_194424.jpg.jpg,Shot Hole Leaf/Spot Leaf_IMG_20241108_194424.jpg.jpg,ab712fbb79a0404853076a4ae82d09fcbd5c3c3b27c32903a9d1e723f889b7c5
2325,universe,Shot Hole Leaf,2,Spot Leaf_IMG_20241108_194543.jpg.jpg,Shot Hole Leaf/Spot Leaf_IMG_20241108_194543.jpg.jpg,8b6a34fb98d777ffe561b380748440c0d5f5bca3be4f5b7d79b44d102c285621
2326,universe,Shot Hole Leaf,2,Spot Leaf_IMG_20241108_194546.jpg.jpg,Shot Hole Leaf/Spot Leaf_IMG_20241108_194546.jpg.jpg,38eeb611ed30dd95ee7757e3c30e6dde51648c2b4bfef023a8d3c3b801bbd502
2327,universe,Shot Hole Leaf,2,Spot Leaf_IMG_20241108_194549.jpg.jpg,Shot Hole Leaf/Spot Leaf_IMG_20241108_194549.jpg.jpg,e3c351a80fb2819d91317f00d81cbec7267aeb458826906369ca0c1a23b257ab
2328,universe,Shot Hole Leaf,2,Spot Leaf_IMG_20241108_194552.jpg.jpg,Shot Hole Leaf/Spot Leaf_IMG_20241108_194552.jpg.jpg,8d1297f5839765089e708fa44f3c833c56779f3a6b8bf0c615ff674643d5c17c
2329,universe,Shot Hole Leaf,2,Spot Leaf_IMG_20241108_194557.jpg.jpg,Shot Hole Leaf/Spot Leaf_IMG_20241108_194557.jpg.jpg,77169ea84bdbd45fc8ef341315e5b0378d6399dbaedc2e6277e59331f8a3b9de
2330,universe,Shot Hole Leaf,2,Spot Leaf_IMG_20241108_194622.jpg.jpg,Shot Hole Leaf/Spot Leaf_IMG_20241108_194622.jpg.jpg,6cb6203c3f35e9d1022141deeedd0859232360b5e7051a87546a1f0734950240
2331,universe,Shot Hole Leaf,2,Spot Leaf_IMG_20241108_194627.jpg.jpg,Shot Hole Leaf/Spot Leaf_IMG_20241108_194627.jpg.jpg,6e50dbede7b4b904f18cd4a8c51e075b7037fbd4ddef0d9c93e68c4d5232c608
2332,universe,Shot Hole Leaf,2,Spot Leaf_IMG_20241108_194702.jpg.jpg,Shot Hole Leaf/Spot Leaf_IMG_20241108_194702.jpg.jpg,9a30f4bb5534f094786f14a30ed93e938b4ec56e668760c3c82cadcb0d450770
2333,universe,Shot Hole Leaf,2,Spot Leaf_IMG_20241108_194705.jpg.jpg,Shot Hole Leaf/Spot Leaf_IMG_20241108_194705.jpg.jpg,de954da2d0b1875af1ed78bbf587a453597d37708609d9c70f82d38f1e6ef6dc
2334,universe,Yellow Leaf,3,Yellow Leaf_20241103_200141.jpg.jpg,Yellow Leaf/Yellow Leaf_20241103_200141.jpg.jpg,050c88376cb91f4fc8102680a60442dd98c077655be026865f63444d5692ba1c
2335,universe,Yellow Leaf,3,Yellow Leaf_20241103_200144.jpg.jpg,Yellow Leaf/Yellow Leaf_20241103_200144.jpg.jpg,606502807666154ff9747d45c57299d30b3f4cfac07d6ebd1b2edc73a23d7d3f
2336,universe,Yellow Leaf,3,Yellow Leaf_20241103_200146.jpg.jpg,Yellow Leaf/Yellow Leaf_20241103_200146.jpg.jpg,2fe179b6086e3223ef321302930cac7fd9b8c3c9172d6e7fe9723965a40155ba
2337,universe,Yellow Leaf,3,Yellow Leaf_20241103_200155.jpg.jpg,Yellow Leaf/Yellow Leaf_20241103_200155.jpg.jpg,5be821945c12a4af801177174aba2660968f9b27a0b46969b555a1ef2036463e
2338,universe,Yellow Leaf,3,Yellow Leaf_20241103_200158.jpg.jpg,Yellow Leaf/Yellow Leaf_20241103_200158.jpg.jpg,b46f74d9a5d4d6276a0616c6b2eb13220ad464dbf7b3836a6a74ef577ba392ce
2339,universe,Yellow Leaf,3,Yellow Leaf_20241103_200201.jpg.jpg,Yellow Leaf/Yellow Leaf_20241103_200201.jpg.jpg,38888cf0f9763bdc9721c9dc4e0750bb2c836e32ff524cae4127910f64895411
2340,universe,Yellow Leaf,3,Yellow Leaf_20241103_200207.jpg.jpg,Yellow Leaf/Yellow Leaf_20241103_200207.jpg.jpg,0d102ca3d62721abd47e5dc007174105cd227cf0dc92acb8e328f4c91cbe50ce
2341,universe,Yellow Leaf,3,Yellow Leaf_20241103_200209.jpg.jpg,Yellow Leaf/Yellow Leaf_20241103_200209.jpg.jpg,f234051623eabb85d0a6c24776105fac17dac80650f83124cbac607dea92d368
2342,universe,Yellow Leaf,3,Yellow Leaf_20241103_200212.jpg.jpg,Yellow Leaf/Yellow Leaf_20241103_200212.jpg.jpg,ecf3522811c4457690027fcf6fc2c8ac8540bbe30a8d5e017b28a421d619b77c
2343,universe,Yellow Leaf,3,Yellow Leaf_20241103_200217.jpg.jpg,Yellow Leaf/Yellow Leaf_20241103_200217.jpg.jpg,af0c7a532ec1d5d3cc0710c7c4666bbbc11b2978deea6bfb1e8e2ce88b6ed300
2344,universe,Yellow Leaf,3,Yellow Leaf_20241103_200223.jpg.jpg,Yellow Leaf/Yellow Leaf_20241103_200223.jpg.jpg,9fa784e48d4c0f74746df35ed0b5a81c95dd5c4fee95f6e20f5a9037c25363b6
2345,universe,Yellow Leaf,3,Yellow Leaf_20241103_200234.jpg.jpg,Yellow Leaf/Yellow Leaf_20241103_200234.jpg.jpg,1343e727e9cbc801f00c4f5039364c44a4087f5a38d0dea17684abb32af7ad88
2346,universe,Yellow Leaf,3,Yellow Leaf_20241103_200245.jpg.jpg,Yellow Leaf/Yellow Leaf_20241103_200245.jpg.jpg,78c217f9c637e8db5db0566690b963c02caa35419b7baf9577a2f0e32dd4ca74
2347,universe,Yellow Leaf,3,Yellow Leaf_20241103_200248.jpg.jpg,Yellow Leaf/Yellow Leaf_20241103_200248.jpg.jpg,bafb30a38855b60dfc3816dd06da9992d295789fc2c8e78e83963a6c8d86de63
2348,universe,Yellow Leaf,3,Yellow Leaf_20241103_200301.jpg.jpg,Yellow Leaf/Yellow Leaf_20241103_200301.jpg.jpg,59e19257bc021aadd732d25e75d87d626f0a74ea1c88352471bea310af85bb80
2349,universe,Yellow Leaf,3,Yellow Leaf_20241103_200304.jpg.jpg,Yellow Leaf/Yellow Leaf_20241103_200304.jpg.jpg,b88c9de8da2487dc99c55f8548d5d8592c91432ad4f146052ed081cf40ec6a08
2350,universe,Yellow Leaf,3,Yellow Leaf_20241103_200318.jpg.jpg,Yellow Leaf/Yellow Leaf_20241103_200318.jpg.jpg,006df1bb3a73a95bb6c5c501a70f7085683ae12d94b9025c883ab698a9ca1c35
2351,universe,Yellow Leaf,3,Yellow Leaf_20241103_200322.jpg.jpg,Yellow Leaf/Yellow Leaf_20241103_200322.jpg.jpg,90cc8d0098d1adc4c15759d0af9d84f097c41544b9d72c26d4e06cf4d821d3fd
2352,universe,Yellow Leaf,3,Yellow Leaf_20241103_200325.jpg.jpg,Yellow Leaf/Yellow Leaf_20241103_200325.jpg.jpg,46d6d16fdd1e71c3623dc6dfc01126fb857b8eff0fd5baf0764402c92ccaa3c2
2353,universe,Yellow Leaf,3,Yellow Leaf_20241103_200328.jpg.jpg,Yellow Leaf/Yellow Leaf_20241103_200328.jpg.jpg,8ce9209894cacd7f37bd0204ae543e54a5320b9e03835104b4f2a9757a419935
2354,universe,Yellow Leaf,3,Yellow Leaf_20241103_200339.jpg.jpg,Yellow Leaf/Yellow Leaf_20241103_200339.jpg.jpg,e2cc469794c6a882f4eccde185bcee7f183e64a7544a3053491e82dcd3a14002
2355,universe,Yellow Leaf,3,Yellow Leaf_20241103_200345.jpg.jpg,Yellow Leaf/Yellow Leaf_20241103_200345.jpg.jpg,878dba82930b8c208a4eb4487ca73197ec7844cc171793f43bd5948afbbaf6eb
2356,universe,Yellow Leaf,3,Yellow Leaf_20241103_200352.jpg.jpg,Yellow Leaf/Yellow Leaf_20241103_200352.jpg.jpg,369890401a4d03e384dad33594280845e543067848027759446c5a4cdde435bf
2357,universe,Yellow Leaf,3,Yellow Leaf_20241103_200355.jpg.jpg,Yellow Leaf/Yellow Leaf_20241103_200355.jpg.jpg,4100816610f9dc9d253faf46deef40b2ca7d114d32ba8a8de95572b7c2624836
2358,universe,Yellow Leaf,3,Yellow Leaf_20241103_200358.jpg.jpg,Yellow Leaf/Yellow Leaf_20241103_200358.jpg.jpg,70843228fe1df3aed68f26902c23ad1ba7f29eb89e9fd051c5547a2ba94adf3c
2359,universe,Yellow Leaf,3,Yellow Leaf_20241103_200406.jpg.jpg,Yellow Leaf/Yellow Leaf_20241103_200406.jpg.jpg,843197e20df0cacd8da9edcdac030ddfce3551b4382617ece380a658a557d978
2360,universe,Yellow Leaf,3,Yellow Leaf_20241103_200416.jpg.jpg,Yellow Leaf/Yellow Leaf_20241103_200416.jpg.jpg,b5168a3e1cc43a1f24bfe205fc722e32bcc974864d7149f35bfc934886521326
2361,universe,Yellow Leaf,3,Yellow Leaf_20241103_200422.jpg.jpg,Yellow Leaf/Yellow Leaf_20241103_200422.jpg.jpg,c897fc5ecc2000ec961a78f2e35ab8aa001c5e0cfe2c2c5b020790e2a651ec79
2362,universe,Yellow Leaf,3,Yellow Leaf_20241103_200431.jpg.jpg,Yellow Leaf/Yellow Leaf_20241103_200431.jpg.jpg,2eb5229d3cd1699eb8a67b8e88c70cca698d39ed3d6309ce5976c622ecec460b
2363,universe,Yellow Leaf,3,Yellow Leaf_20241103_200437.jpg.jpg,Yellow Leaf/Yellow Leaf_20241103_200437.jpg.jpg,82983a8e2731423b251808aca609dffa96a2973dbbccd9db8c9f6fd184eb49c7
2364,universe,Yellow Leaf,3,Yellow Leaf_20241103_200444.jpg.jpg,Yellow Leaf/Yellow Leaf_20241103_200444.jpg.jpg,f5c275667886162c80d7fad23c3205e15840290375c0309b76ee6540f29bbcf8
2365,universe,Yellow Leaf,3,Yellow Leaf_20241103_200506.jpg.jpg,Yellow Leaf/Yellow Leaf_20241103_200506.jpg.jpg,641f5f125f9f3c0591bce4b5cb8a6c2794069cc579edbe0251dcc191719b6b9f
2366,universe,Yellow Leaf,3,Yellow Leaf_20241103_200509.jpg.jpg,Yellow Leaf/Yellow Leaf_20241103_200509.jpg.jpg,699758252ab0082e1b95ab7ed67652813f3bdda5032cfefa4ad904e2f96f26e8
2367,universe,Yellow Leaf,3,Yellow Leaf_20241103_200511.jpg.jpg,Yellow Leaf/Yellow Leaf_20241103_200511.jpg.jpg,61be9811e48d110b64686ec62346fa9e5dfc0824441db41eb09f49ce98f877c2
2368,universe,Yellow Leaf,3,Yellow Leaf_20241103_200518.jpg.jpg,Yellow Leaf/Yellow Leaf_20241103_200518.jpg.jpg,48b69d43d9e3b6bb6a52d0fd2f017ff46b40997bf6c68ee9a9ac25b4730967a8
2369,universe,Yellow Leaf,3,Yellow Leaf_20241103_200523.jpg.jpg,Yellow Leaf/Yellow Leaf_20241103_200523.jpg.jpg,6f8bf228c7101ce57464a6f5acff90f76b23702393981e0f4b0ad46078f4d323
2370,universe,Yellow Leaf,3,Yellow Leaf_20241103_200532.jpg.jpg,Yellow Leaf/Yellow Leaf_20241103_200532.jpg.jpg,493cef8a1f1a7b4f3cee728a74aaf177d7242f80bfcc3d04d177ce279d61a48a
2371,universe,Yellow Leaf,3,Yellow Leaf_20241103_200534.jpg.jpg,Yellow Leaf/Yellow Leaf_20241103_200534.jpg.jpg,95050533a3bca519ceec24fa5fa85f6db61b46a9ff8e8e020fef5f6a36473974
2372,universe,Yellow Leaf,3,Yellow Leaf_20241103_200537.jpg.jpg,Yellow Leaf/Yellow Leaf_20241103_200537.jpg.jpg,b3b3e38aa63a2263bf86cb5f7031fc093190ec8a4047a2879ce577b864652699
2373,universe,Yellow Leaf,3,Yellow Leaf_20241103_200550.jpg.jpg,Yellow Leaf/Yellow Leaf_20241103_200550.jpg.jpg,bcf949fc4d5a43208017c1877132e15cafeb649fe37e2b2ec042d51e3619b966
2374,universe,Yellow Leaf,3,Yellow Leaf_20241103_200553.jpg.jpg,Yellow Leaf/Yellow Leaf_20241103_200553.jpg.jpg,61aed8ad7c28025f4b3e59cc61b696dc6ee76e7a1bfcfb0d4f560ad5b3ec2e4b
2375,universe,Yellow Leaf,3,Yellow Leaf_20241103_200723.jpg.jpg,Yellow Leaf/Yellow Leaf_20241103_200723.jpg.jpg,d16ba05de500321aae3423df84c194af97fb023271fbe0aa99d9441121911688
2376,universe,Yellow Leaf,3,Yellow Leaf_20241103_200726.jpg.jpg,Yellow Leaf/Yellow Leaf_20241103_200726.jpg.jpg,c89aa3135031788b14c1c1f079f0cfe32519008b66380e9921c59147a75d3c4f
2377,universe,Yellow Leaf,3,Yellow Leaf_20241103_200729.jpg.jpg,Yellow Leaf/Yellow Leaf_20241103_200729.jpg.jpg,da9664cd077c107297db026421961ea51cbc0a38d1a7ae083ceab8f1bf0d715e
2378,universe,Yellow Leaf,3,Yellow Leaf_20241103_200736.jpg.jpg,Yellow Leaf/Yellow Leaf_20241103_200736.jpg.jpg,ce9a64058ecf6fa17def829b2116a920e91545fb736101dee1e00dc5455784b8
2379,universe,Yellow Leaf,3,Yellow Leaf_20241103_200742.jpg.jpg,Yellow Leaf/Yellow Leaf_20241103_200742.jpg.jpg,51cbbdf583ceaff5165b5734176fc4419b0bd6f16b90145df76c343e5c0834e9
2380,universe,Yellow Leaf,3,Yellow Leaf_20241103_200748.jpg.jpg,Yellow Leaf/Yellow Leaf_20241103_200748.jpg.jpg,ccb49111656309143a6f19800602abbebb5d5d0ede0f29db0bac3f8b9098980b
2381,universe,Yellow Leaf,3,Yellow Leaf_20241103_200754.jpg.jpg,Yellow Leaf/Yellow Leaf_20241103_200754.jpg.jpg,dc64f9668b0d993be2a4274fc07cae9bab56c4388c42eed82811f4af01974329
2382,universe,Yellow Leaf,3,Yellow Leaf_20241103_200805.jpg.jpg,Yellow Leaf/Yellow Leaf_20241103_200805.jpg.jpg,c94bcb3789533881cb73d6daa94194c2c1ee483caefd23a1d2740377c4cbb8a3
2383,universe,Yellow Leaf,3,Yellow Leaf_20241103_200807.jpg.jpg,Yellow Leaf/Yellow Leaf_20241103_200807.jpg.jpg,3b1936d4563b7fa362b6d13d3495aaa5031e8ec763b43939af2f9981c50583c6
2384,universe,Yellow Leaf,3,Yellow Leaf_20241103_200811.jpg.jpg,Yellow Leaf/Yellow Leaf_20241103_200811.jpg.jpg,c4e283e16f2988549de4424e6ad8ef03457da865a4de1751df1fd718699a8a9a
2385,universe,Yellow Leaf,3,Yellow Leaf_20241103_200818.jpg.jpg,Yellow Leaf/Yellow Leaf_20241103_200818.jpg.jpg,8f0163a87d6b671bdb2f135dccbc2d61a90b3495837853d9247b98de9d822c48
2386,universe,Yellow Leaf,3,Yellow Leaf_20241103_200821.jpg.jpg,Yellow Leaf/Yellow Leaf_20241103_200821.jpg.jpg,9ac9cc120d4d0a45de0cb7b3a8bd2cbc14b248fcf5fa356dd5e44e03a95089ea
2387,universe,Yellow Leaf,3,Yellow Leaf_20241103_200824.jpg.jpg,Yellow Leaf/Yellow Leaf_20241103_200824.jpg.jpg,7af823581eef078c25a6abc9d4daf80fdcbb1804af449e04cee4c0e84cc5429f
2388,universe,Yellow Leaf,3,Yellow Leaf_20241103_200837.jpg.jpg,Yellow Leaf/Yellow Leaf_20241103_200837.jpg.jpg,9e567d100fdbb13d89a086d9d7a6870c60b6c53865a8795e266747d6de2dba3b
2389,universe,Yellow Leaf,3,Yellow Leaf_20241103_200847.jpg.jpg,Yellow Leaf/Yellow Leaf_20241103_200847.jpg.jpg,852d4cfdec50f7dae6431d24631d8e2ab44e72bf1334f6f5cb545dcc100d9f17
2390,universe,Yellow Leaf,3,Yellow Leaf_20241103_200850.jpg.jpg,Yellow Leaf/Yellow Leaf_20241103_200850.jpg.jpg,6b71fdc610c33767e9fb608dd236ce3a6d0a047146d50cfda00fb18dd91690f7
2391,universe,Yellow Leaf,3,Yellow Leaf_20241103_200857.jpg.jpg,Yellow Leaf/Yellow Leaf_20241103_200857.jpg.jpg,1edd7e9e546d50356f5fb8a81506fefaec036f96a981afb6aeb7bb875a359fc0
2392,universe,Yellow Leaf,3,Yellow Leaf_20241103_200916.jpg.jpg,Yellow Leaf/Yellow Leaf_20241103_200916.jpg.jpg,f8122cd88b5b5c6cd2038d49bc739de4b47da2b377565b4000853eadcbff5ef4
2393,universe,Yellow Leaf,3,Yellow Leaf_20241103_200918.jpg.jpg,Yellow Leaf/Yellow Leaf_20241103_200918.jpg.jpg,5c6f421b884e1e0b1cafdec6e69ade2b839c74b5a14d8bff03700c0ca11d02df
2394,universe,Yellow Leaf,3,Yellow Leaf_20241103_200921.jpg.jpg,Yellow Leaf/Yellow Leaf_20241103_200921.jpg.jpg,8d31534b4a223e5f77a83a35f730cc05b8c74d6e94ac923145bafca425b89469
2395,universe,Yellow Leaf,3,Yellow Leaf_20241103_201021.jpg.jpg,Yellow Leaf/Yellow Leaf_20241103_201021.jpg.jpg,1cca4be88def5acf0a26ad875690f18df6d81b519b19dd1c33ae9bda71e796c7
2396,universe,Yellow Leaf,3,Yellow Leaf_20241103_201023.jpg.jpg,Yellow Leaf/Yellow Leaf_20241103_201023.jpg.jpg,c0673f48825f5cdaa9bc5377b94d2041dddc52b8c22398887111d6c8db3392d2
2397,universe,Yellow Leaf,3,Yellow Leaf_20241103_201026.jpg.jpg,Yellow Leaf/Yellow Leaf_20241103_201026.jpg.jpg,54de7a755284536dd9a5d74845548485330ec7e97eee8affb317b3d0500340d7
2398,universe,Yellow Leaf,3,Yellow Leaf_20241103_201031.jpg.jpg,Yellow Leaf/Yellow Leaf_20241103_201031.jpg.jpg,cdc2798737337337a1efe651aa5350e2526d5dd6889c2482c259cd963535e822
2399,universe,Yellow Leaf,3,Yellow Leaf_20241103_201033.jpg.jpg,Yellow Leaf/Yellow Leaf_20241103_201033.jpg.jpg,f4d840ede8ee12a878d2801707a730d4c7f79eeef2e39b47c06953bb7cd02e96
2400,universe,Yellow Leaf,3,Yellow Leaf_20241103_201044.jpg.jpg,Yellow Leaf/Yellow Leaf_20241103_201044.jpg.jpg,83dc2a180f15e0ab27c32ac680bb675a5225023cef498e17f8490399c013d2ea
2401,universe,Yellow Leaf,3,Yellow Leaf_20241103_201052.jpg.jpg,Yellow Leaf/Yellow Leaf_20241103_201052.jpg.jpg,7a0a63e578efb94d65789129149baca7484666adbb210efe000ec542c30897f0
2402,universe,Yellow Leaf,3,Yellow Leaf_20241103_201058.jpg.jpg,Yellow Leaf/Yellow Leaf_20241103_201058.jpg.jpg,0a0bbfd8581bce438ad19d5f8b42a139040f4fc1dbadc43a668ea746d9bad18b
2403,universe,Yellow Leaf,3,Yellow Leaf_20241103_201100.jpg.jpg,Yellow Leaf/Yellow Leaf_20241103_201100.jpg.jpg,a1e6c1314a8c567d83dab214f2dca73f971ea1da70a6c515139de925a9fe8603
2404,universe,Yellow Leaf,3,Yellow Leaf_20241103_201103.jpg.jpg,Yellow Leaf/Yellow Leaf_20241103_201103.jpg.jpg,a0414b50fdee52d2eafc69d0c0058f3d37e8d2e29fc57615e3993c812ffb38d0
2405,universe,Yellow Leaf,3,Yellow Leaf_20241103_201106.jpg.jpg,Yellow Leaf/Yellow Leaf_20241103_201106.jpg.jpg,199f5a016d69be6a78a1202a1662f15789655c759571c886b21c447d5928e900
2406,universe,Yellow Leaf,3,Yellow Leaf_20241103_201111.jpg.jpg,Yellow Leaf/Yellow Leaf_20241103_201111.jpg.jpg,6371b1953cb5c1976909de6de6a34168ed6239b46ee62630b7aba3596dcfa5ed
2407,universe,Yellow Leaf,3,Yellow Leaf_20241103_201116.jpg.jpg,Yellow Leaf/Yellow Leaf_20241103_201116.jpg.jpg,eeda74fca08c9076305c60160a4ea40743bccb7fa215309b9fa2aebb1135603d
2408,universe,Yellow Leaf,3,Yellow Leaf_20241103_201119.jpg.jpg,Yellow Leaf/Yellow Leaf_20241103_201119.jpg.jpg,a65aa154f48cb61bc5f2f94d9cf69fa13a46bb865618c27bcd78b365174965e7
2409,universe,Yellow Leaf,3,Yellow Leaf_20241103_201128.jpg.jpg,Yellow Leaf/Yellow Leaf_20241103_201128.jpg.jpg,38241708473abe38fb33bb324122ab5f7c20e2d8c82f1c511cdec8636a86bbd1
2410,universe,Yellow Leaf,3,Yellow Leaf_20241103_201133.jpg.jpg,Yellow Leaf/Yellow Leaf_20241103_201133.jpg.jpg,3d6df7cf19061eae0f4dc52b2d483185644cd1509c2ddc6381a8ba6998bd714d
2411,universe,Yellow Leaf,3,Yellow Leaf_20241103_201141.jpg.jpg,Yellow Leaf/Yellow Leaf_20241103_201141.jpg.jpg,31eb0e4411934c8e479514115a96fb39b18f0cafa04bffce69ae960068b92316
2412,universe,Yellow Leaf,3,Yellow Leaf_20241103_201143.jpg.jpg,Yellow Leaf/Yellow Leaf_20241103_201143.jpg.jpg,801fd2881424d4edc8d8ab0f28f4daa3823d2603404b050fc5276958c8784fd4
2413,universe,Yellow Leaf,3,Yellow Leaf_20241103_201146.jpg.jpg,Yellow Leaf/Yellow Leaf_20241103_201146.jpg.jpg,559f9481100c49ceb0b376a5469390eb19dd6cbfb3f31e7ed19d756c1590e457
2414,universe,Yellow Leaf,3,Yellow Leaf_20241103_201153.jpg.jpg,Yellow Leaf/Yellow Leaf_20241103_201153.jpg.jpg,7e6a7332705f82a9ad2e031f07379deb48563fdec2769425874e84f2be95c0f9
2415,universe,Yellow Leaf,3,Yellow Leaf_20241103_201159.jpg.jpg,Yellow Leaf/Yellow Leaf_20241103_201159.jpg.jpg,5e60195d9e4c5884745fb4220ac3f1fa61ea007582b13f92590c87b9d923552a
2416,universe,Yellow Leaf,3,Yellow Leaf_20241103_201344.jpg.jpg,Yellow Leaf/Yellow Leaf_20241103_201344.jpg.jpg,7aa37ad59c22ff37edc29331acb344a85c424ca4a9549df173412eb101f84a60
2417,universe,Yellow Leaf,3,Yellow Leaf_20241103_201349.jpg.jpg,Yellow Leaf/Yellow Leaf_20241103_201349.jpg.jpg,d43098d39da0ac0658b920849f02e386ec9206eacc00443374962daebbcf3c6e
2418,universe,Yellow Leaf,3,Yellow Leaf_20241103_201354.jpg.jpg,Yellow Leaf/Yellow Leaf_20241103_201354.jpg.jpg,bd4e61f194dbf5b042259b65cb65189a9726f9cf5e351edd2e5e5789955d082c
2419,universe,Yellow Leaf,3,Yellow Leaf_20241103_201359.jpg.jpg,Yellow Leaf/Yellow Leaf_20241103_201359.jpg.jpg,01e0f80fa590281f6ccdd5ddb4cd79c1ced017e376643bcea5dc07c86f9fff03
2420,universe,Yellow Leaf,3,Yellow Leaf_20241103_201401.jpg.jpg,Yellow Leaf/Yellow Leaf_20241103_201401.jpg.jpg,d7fedc011968187f1bb303f96fbc9cf0b2692ad405270538c88aace5e0990400
2421,universe,Yellow Leaf,3,Yellow Leaf_20241103_201415.jpg.jpg,Yellow Leaf/Yellow Leaf_20241103_201415.jpg.jpg,930242a1db15d9bd0d2945c88cf158645a6dd182aafa5e88fb432386cf8600cb
2422,universe,Yellow Leaf,3,Yellow Leaf_20241103_201420.jpg.jpg,Yellow Leaf/Yellow Leaf_20241103_201420.jpg.jpg,d37ed70f7a504ffe6dffcaa387c7a8658819a3d385ab868b71b6d01b117ed9ce
2423,universe,Yellow Leaf,3,Yellow Leaf_20241103_201422.jpg.jpg,Yellow Leaf/Yellow Leaf_20241103_201422.jpg.jpg,9bf323973f76484c5443a03c9eca05f0d0709d2964c8c32e7efcb25d71e0d738
2424,universe,Yellow Leaf,3,Yellow Leaf_20241103_201425.jpg.jpg,Yellow Leaf/Yellow Leaf_20241103_201425.jpg.jpg,7757dd6482c5b0124f293c20028875b5a990b594492307f845ca2d97e039fd9d
2425,universe,Yellow Leaf,3,Yellow Leaf_20241103_201427.jpg.jpg,Yellow Leaf/Yellow Leaf_20241103_201427.jpg.jpg,eaa601e63ec59e0d2f51b717d422434e8787d373e0fcf131d7643e19c5bf1d71
2426,universe,Yellow Leaf,3,Yellow Leaf_20241103_201436.jpg.jpg,Yellow Leaf/Yellow Leaf_20241103_201436.jpg.jpg,936b369bb6edf0cbc9293cd5180bfa224d58bf9abd7e612c1d41707cf5772ebf
2427,universe,Yellow Leaf,3,Yellow Leaf_20241103_201439.jpg.jpg,Yellow Leaf/Yellow Leaf_20241103_201439.jpg.jpg,09a0431073abe7c0a23a5bf619eb8d925f79d0c8a298475f6fecb3a85b6010dc
2428,universe,Yellow Leaf,3,Yellow Leaf_20241103_201442.jpg.jpg,Yellow Leaf/Yellow Leaf_20241103_201442.jpg.jpg,e5ecd85674804748b5a4c57ccf78469da9e20b5ad9f7f5f1c03609e01bb47ee8
2429,universe,Yellow Leaf,3,Yellow Leaf_20241103_201452.jpg.jpg,Yellow Leaf/Yellow Leaf_20241103_201452.jpg.jpg,5ef27b6c4ddf2173fcf05fb1419281732ea29a5e40ffc050c8c5ea1258ec034b
2430,universe,Yellow Leaf,3,Yellow Leaf_20241103_201456.jpg.jpg,Yellow Leaf/Yellow Leaf_20241103_201456.jpg.jpg,4028172f15a53181c6c34c22f564892c3a7c0c5951d240072634621e9c735e2c
2431,universe,Yellow Leaf,3,Yellow Leaf_20241103_201459.jpg.jpg,Yellow Leaf/Yellow Leaf_20241103_201459.jpg.jpg,46bef21ab9100347af92ab17a0e765b6d7c44b97411eb8cfbb4f86b5785304c9
2432,universe,Yellow Leaf,3,Yellow Leaf_20241103_201507.jpg.jpg,Yellow Leaf/Yellow Leaf_20241103_201507.jpg.jpg,eff49dab43a9c33b31ab260402acaafb1d4c0bca2dc1c197be430833caf9cd35
2433,universe,Yellow Leaf,3,Yellow Leaf_20241103_201512.jpg.jpg,Yellow Leaf/Yellow Leaf_20241103_201512.jpg.jpg,fdeb1b27dd6fbd97ccec0747299839d63164c660ed4d152d4d83c8428a9bdd48
2434,universe,Yellow Leaf,3,Yellow Leaf_20241103_201520.jpg.jpg,Yellow Leaf/Yellow Leaf_20241103_201520.jpg.jpg,c2e41e85480277dd5d2180f9a6d335d27395d3589011ab9a08851ebb0d537f4a
2435,universe,Yellow Leaf,3,Yellow Leaf_20241103_201530.jpg.jpg,Yellow Leaf/Yellow Leaf_20241103_201530.jpg.jpg,8606e58c43fa5735c65630a72313634be9d34c58b6a0c3492367090da3434d01
2436,universe,Yellow Leaf,3,Yellow Leaf_20241103_201535.jpg.jpg,Yellow Leaf/Yellow Leaf_20241103_201535.jpg.jpg,9cee35032c44385f56b01610f6679f01a6f92cfc6a67476f3971e21d62171337
2437,universe,Yellow Leaf,3,Yellow Leaf_20241103_201538.jpg.jpg,Yellow Leaf/Yellow Leaf_20241103_201538.jpg.jpg,f3a3558210da692cd8fe418365d0092db25e75bb731903b47a7cae881ae25f33
2438,universe,Yellow Leaf,3,Yellow Leaf_20241103_201541.jpg.jpg,Yellow Leaf/Yellow Leaf_20241103_201541.jpg.jpg,42fac6994ad6d138a791699ff47278d693c4aeaa54db9abcb7676bca017867c6
2439,universe,Yellow Leaf,3,Yellow Leaf_20241103_201547.jpg.jpg,Yellow Leaf/Yellow Leaf_20241103_201547.jpg.jpg,700b78f4a0b3606837f7c93b93bd5475663bd6450a239b8281863bffce12f3dd
2440,universe,Yellow Leaf,3,Yellow Leaf_20241103_201553.jpg.jpg,Yellow Leaf/Yellow Leaf_20241103_201553.jpg.jpg,9a6367dbbb58c1f5008e3c9127dd88fb080328ca64db4b36cd54c0132aed006b
2441,universe,Yellow Leaf,3,Yellow Leaf_20241103_201556.jpg.jpg,Yellow Leaf/Yellow Leaf_20241103_201556.jpg.jpg,7d04b24dacfdd7890020e41bf375ee9bff99066a41f64d147c3936cafa6f8568
2442,universe,Yellow Leaf,3,Yellow Leaf_20241103_201602.jpg.jpg,Yellow Leaf/Yellow Leaf_20241103_201602.jpg.jpg,1653fc8dce296f67028a6762ac72b84442dfd841924ca4c3e964de50fea34cf1
2443,universe,Yellow Leaf,3,Yellow Leaf_20241103_201605.jpg.jpg,Yellow Leaf/Yellow Leaf_20241103_201605.jpg.jpg,328ac00676c1ff5593b34dbe6bf847328b2f216e247417395d6e315425d73e65
2444,universe,Yellow Leaf,3,Yellow Leaf_20241103_201611.jpg.jpg,Yellow Leaf/Yellow Leaf_20241103_201611.jpg.jpg,86a4ab2f2709c8c71a31ba6a859093d1292400cc95a75e5af4fd2c9e33830082
2445,universe,Yellow Leaf,3,Yellow Leaf_20241103_201618.jpg.jpg,Yellow Leaf/Yellow Leaf_20241103_201618.jpg.jpg,02c053464c638d9df002c742b850dcbc5446a7e4fc2e112ab52ff4ddf291764b
2446,universe,Yellow Leaf,3,Yellow Leaf_20241103_201621.jpg.jpg,Yellow Leaf/Yellow Leaf_20241103_201621.jpg.jpg,f20174fb689e50374147066606b085647eef9ef15ae52e6ce351b2e80c38bae8
2447,universe,Yellow Leaf,3,Yellow Leaf_20241103_201627.jpg.jpg,Yellow Leaf/Yellow Leaf_20241103_201627.jpg.jpg,9e10244de22aac8b0036f56834791ab6a63787f155d8cf4d15987799dd411589
2448,universe,Yellow Leaf,3,Yellow Leaf_20241103_201637.jpg.jpg,Yellow Leaf/Yellow Leaf_20241103_201637.jpg.jpg,7ea14e4124532ad150723a1c4b0604c71f85d0c49ae61996b8814fa41d293d6d
2449,universe,Yellow Leaf,3,Yellow Leaf_20241103_201643.jpg.jpg,Yellow Leaf/Yellow Leaf_20241103_201643.jpg.jpg,08adc3339fd93e9d881ae7de289d5e08e4590239f4878ea6de8da12d21f9a1a8
2450,universe,Yellow Leaf,3,Yellow Leaf_20241103_201652.jpg.jpg,Yellow Leaf/Yellow Leaf_20241103_201652.jpg.jpg,bf24519fab5f7cca5856331108eac446adaacbaa35fa0dabbb2b917bc0fa9f71
2451,universe,Yellow Leaf,3,Yellow Leaf_20241103_201655.jpg.jpg,Yellow Leaf/Yellow Leaf_20241103_201655.jpg.jpg,04cad275126b9847b4a3573522b3e9cb355e94a7e39ff7722668f1bf7e47cdd9
2452,universe,Yellow Leaf,3,Yellow Leaf_20241103_201706.jpg.jpg,Yellow Leaf/Yellow Leaf_20241103_201706.jpg.jpg,548f5ac9c4f585313ea41588d1d8213e7a92df2121486b7792f6cf51c5782aab
2453,universe,Yellow Leaf,3,Yellow Leaf_20241103_201711.jpg.jpg,Yellow Leaf/Yellow Leaf_20241103_201711.jpg.jpg,62cde471b694faa3e6fe6ffd29b765f5656b2597bc7e9918f9f9d8fdd44124bd
2454,universe,Yellow Leaf,3,Yellow Leaf_20241103_201715.jpg.jpg,Yellow Leaf/Yellow Leaf_20241103_201715.jpg.jpg,d2b61581dcf02f0d37b04f9b3433d7ec0e467678fc24ad6a370182e52f6e9d85
2455,universe,Yellow Leaf,3,Yellow Leaf_20241103_201729.jpg.jpg,Yellow Leaf/Yellow Leaf_20241103_201729.jpg.jpg,ae0e44add7c90aeacb791ad5925d0bebca44efe9e831d7feb70ebf61c9826184
2456,universe,Yellow Leaf,3,Yellow Leaf_20241103_201734.jpg.jpg,Yellow Leaf/Yellow Leaf_20241103_201734.jpg.jpg,b35c6fa8e7e9a34dd6b033f3744417d2e6b0a68264a0a9d9937f6b8036110c35
2457,universe,Yellow Leaf,3,Yellow Leaf_20241103_201737.jpg.jpg,Yellow Leaf/Yellow Leaf_20241103_201737.jpg.jpg,03295358d0e8e1d60072335dd4350c2b80e3483d945f868e7d46a94cd545825f
2458,universe,Yellow Leaf,3,Yellow Leaf_20241103_201750.jpg.jpg,Yellow Leaf/Yellow Leaf_20241103_201750.jpg.jpg,0cba8bec9a1f5e4e680776d9cbd1072d107031185f405e899a8b41d386fbca8c
2459,universe,Yellow Leaf,3,Yellow Leaf_20241103_201754.jpg.jpg,Yellow Leaf/Yellow Leaf_20241103_201754.jpg.jpg,8782a60ca3efeccf2a20b23ed82e8a803b12532aff24c4f0c963b44ceab3e1ca
2460,universe,Yellow Leaf,3,Yellow Leaf_20241103_201800.jpg.jpg,Yellow Leaf/Yellow Leaf_20241103_201800.jpg.jpg,68adae0aaa3692b899afa57cf07a847d516a1fe201e48c0ada09440d0050912b
2461,universe,Yellow Leaf,3,Yellow Leaf_20241103_201802.jpg.jpg,Yellow Leaf/Yellow Leaf_20241103_201802.jpg.jpg,6f305548f3ee07ae6ade1626be798c9723223dd88cef223ba0058fafbe8b78c4
2462,universe,Yellow Leaf,3,Yellow Leaf_20241103_201805.jpg.jpg,Yellow Leaf/Yellow Leaf_20241103_201805.jpg.jpg,283951944a1b463c3b5f359bd6ee985cbf8828fb8ec8e5011bc10ce8be5b4daa
2463,universe,Yellow Leaf,3,Yellow Leaf_20241103_201808.jpg.jpg,Yellow Leaf/Yellow Leaf_20241103_201808.jpg.jpg,1abf47d245de7c24981bff18b002df3efb69cf57f37b584f632affe35d83ed1c
2464,universe,Yellow Leaf,3,Yellow Leaf_20241103_201818.jpg.jpg,Yellow Leaf/Yellow Leaf_20241103_201818.jpg.jpg,720bd6f870237614a3f587263b6e2075c6f8822c9bd48c7eb4e849b6fc5cc18e
2465,universe,Yellow Leaf,3,Yellow Leaf_20241103_201821.jpg.jpg,Yellow Leaf/Yellow Leaf_20241103_201821.jpg.jpg,98e28927029568d29c3dbeb01285d5c77ce122cbd872ba096ad8406767a6f6e8
2466,universe,Yellow Leaf,3,Yellow Leaf_20241103_201825.jpg.jpg,Yellow Leaf/Yellow Leaf_20241103_201825.jpg.jpg,5b105d27a4f6daac4f13d75ab37eb3a375b991fc3b27e3ff8eda251224c026c9
2467,universe,Yellow Leaf,3,Yellow Leaf_20241103_223224.jpg.jpg,Yellow Leaf/Yellow Leaf_20241103_223224.jpg.jpg,ddec911469b35dd5debbe2193c5cdcada4505e55fa0da2073c9ec601dfd69eab
2468,universe,Yellow Leaf,3,Yellow Leaf_20241103_223226.jpg.jpg,Yellow Leaf/Yellow Leaf_20241103_223226.jpg.jpg,a6f035e9f5f5cf24d4d0e4d7c108ecac24abbda7d94cdf9e22f58877e66b7d40
2469,universe,Yellow Leaf,3,Yellow Leaf_20241103_223229.jpg.jpg,Yellow Leaf/Yellow Leaf_20241103_223229.jpg.jpg,4be2c82f3cef9aaae8ae3651d6a11e7de7568684feb267780a383b75ef073fd5
2470,universe,Yellow Leaf,3,Yellow Leaf_20241103_223239.jpg.jpg,Yellow Leaf/Yellow Leaf_20241103_223239.jpg.jpg,57ac08fc4efbf80c76c6b128aba222656497c6861a80e728b723ff3cfa76f27c
2471,universe,Yellow Leaf,3,Yellow Leaf_20241103_223241.jpg.jpg,Yellow Leaf/Yellow Leaf_20241103_223241.jpg.jpg,ace2d0e1a69beb42eae58eda18d0735f032514ad6dfa752a87d09e27f02e7132
2472,universe,Yellow Leaf,3,Yellow Leaf_20241103_223244.jpg.jpg,Yellow Leaf/Yellow Leaf_20241103_223244.jpg.jpg,d5864ab21ed950ef264031eec449a3d418651d5082355cdbd0df3fcbfe2239e0
2473,universe,Yellow Leaf,3,Yellow Leaf_20241103_223255.jpg.jpg,Yellow Leaf/Yellow Leaf_20241103_223255.jpg.jpg,7cb50018901685d4af1550399ada95d7d4847bca131acb4f2a39314782de27e9
2474,universe,Yellow Leaf,3,Yellow Leaf_20241103_223303.jpg.jpg,Yellow Leaf/Yellow Leaf_20241103_223303.jpg.jpg,0a52baeeb7432b4b29d9abcb495e11b75abb7f551a162609f23895a40e90c8b2
2475,universe,Yellow Leaf,3,Yellow Leaf_20241103_223310.jpg.jpg,Yellow Leaf/Yellow Leaf_20241103_223310.jpg.jpg,c1bcf8e4f6ec60e154ae6fd3757a33a441df8bf5654be6214f203e19f8411456
2476,universe,Yellow Leaf,3,Yellow Leaf_20241103_223312.jpg.jpg,Yellow Leaf/Yellow Leaf_20241103_223312.jpg.jpg,cf646a931c2081e70884768131ef6a2c22d869c1ace46756331c37ca669fe0c2
2477,universe,Yellow Leaf,3,Yellow Leaf_20241103_223315.jpg.jpg,Yellow Leaf/Yellow Leaf_20241103_223315.jpg.jpg,32d6c238ea61b710332d56173bc570a4fceed8dcad10bc93e59b1dc9255079c5
2478,universe,Yellow Leaf,3,Yellow Leaf_20241103_223327.jpg.jpg,Yellow Leaf/Yellow Leaf_20241103_223327.jpg.jpg,d84f9be353e5f7e2eda53935b2f245b669f2ba1d6751ea544011117e65f80f92
2479,universe,Yellow Leaf,3,Yellow Leaf_20241103_223329.jpg.jpg,Yellow Leaf/Yellow Leaf_20241103_223329.jpg.jpg,0621ceb11871301aabef7a2fdaf392e4182235191f57b2441ea1fa44bfacabd1
2480,universe,Yellow Leaf,3,Yellow Leaf_20241103_223338.jpg.jpg,Yellow Leaf/Yellow Leaf_20241103_223338.jpg.jpg,4c2bbde7bd8bdcf1d5f3d69c50a247c57faa44e5127dda223f873f53d8d19346
2481,universe,Yellow Leaf,3,Yellow Leaf_20241103_223340.jpg.jpg,Yellow Leaf/Yellow Leaf_20241103_223340.jpg.jpg,7fb63e5cdd7df9771a38b8ebe6d06a8b9c6b733df277bfdbd696df42f44d6676
2482,universe,Yellow Leaf,3,Yellow Leaf_20241103_223343.jpg.jpg,Yellow Leaf/Yellow Leaf_20241103_223343.jpg.jpg,56803c929ab019719da2504dcd9c7406187ef4c1641e2eb463254e752ca3ae35
2483,universe,Yellow Leaf,3,Yellow Leaf_20241103_223354.jpg.jpg,Yellow Leaf/Yellow Leaf_20241103_223354.jpg.jpg,b0e6bcf7261cbe0d0918bd0bfd5f30c7179f7b31c174924ccaec13c203fb87f0
2484,universe,Yellow Leaf,3,Yellow Leaf_20241103_223357.jpg.jpg,Yellow Leaf/Yellow Leaf_20241103_223357.jpg.jpg,ef3d7c577d619044f9717ec026ffea6079a3063976491a449fceaf1dcbf24a69
2485,universe,Yellow Leaf,3,Yellow Leaf_20241103_223400.jpg.jpg,Yellow Leaf/Yellow Leaf_20241103_223400.jpg.jpg,38081d5b9291c6d5ded61ee9f3f62f025d3b56b3fcc21f4157aae116bd7dacc5
2486,universe,Yellow Leaf,3,Yellow Leaf_20241103_223410.jpg.jpg,Yellow Leaf/Yellow Leaf_20241103_223410.jpg.jpg,2affcf6a94aedfbf4cb4dfeb6ce4546d2fc68d34eea3faf70c2c4e6de47d4042
2487,universe,Yellow Leaf,3,Yellow Leaf_20241103_223412.jpg.jpg,Yellow Leaf/Yellow Leaf_20241103_223412.jpg.jpg,de0b70b496fe13088e6b1dd1d681a4c06e4ddd96c79e3f6e6eac8ffae9f2b0d5
2488,universe,Yellow Leaf,3,Yellow Leaf_20241103_223416.jpg.jpg,Yellow Leaf/Yellow Leaf_20241103_223416.jpg.jpg,74b1e840e0807c4cfb75b93c3ae2d3844854f745e404ce2195d9636c16350981
2489,universe,Yellow Leaf,3,Yellow Leaf_20241103_223426.jpg.jpg,Yellow Leaf/Yellow Leaf_20241103_223426.jpg.jpg,eeb6eebba683f88f0cd5322f65ad97ea515178332bcdb93ba93ef6771de5dbec
2490,universe,Yellow Leaf,3,Yellow Leaf_20241103_223429.jpg.jpg,Yellow Leaf/Yellow Leaf_20241103_223429.jpg.jpg,81f158fb9afaa960c6002e52b794e112f06d8e3eeb2964a184b6154e8f8c525d
2491,universe,Yellow Leaf,3,Yellow Leaf_20241103_223432.jpg.jpg,Yellow Leaf/Yellow Leaf_20241103_223432.jpg.jpg,32900a8a79a99c578175b6a888af5ba79fd08512f6c5cedf0634e35fce54fac7
2492,universe,Yellow Leaf,3,Yellow Leaf_20241103_223442.jpg.jpg,Yellow Leaf/Yellow Leaf_20241103_223442.jpg.jpg,abe16b9fbeda96b8f3373b10cbceeae036d047c82863169790588e032fb16a84
2493,universe,Yellow Leaf,3,Yellow Leaf_20241103_223445.jpg.jpg,Yellow Leaf/Yellow Leaf_20241103_223445.jpg.jpg,8cf24192ef26d027dda94f9ccd1fcff38bd0fee2e1cf8e3f5e4d384c8b8e8c80
2494,universe,Yellow Leaf,3,Yellow Leaf_20241103_223449.jpg.jpg,Yellow Leaf/Yellow Leaf_20241103_223449.jpg.jpg,55818afff2e5a28f0101065d840c7c8a27bca0359e23341ae0215b07434a628d
2495,universe,Yellow Leaf,3,Yellow Leaf_20241103_223500.jpg.jpg,Yellow Leaf/Yellow Leaf_20241103_223500.jpg.jpg,618b7b0abf41a0c29c4dfc96ce5764586ba643ae89b46793c3c10771473a0a76
2496,universe,Yellow Leaf,3,Yellow Leaf_20241103_223502.jpg.jpg,Yellow Leaf/Yellow Leaf_20241103_223502.jpg.jpg,6c3f4a941f06fc56a4c9534e337a0b01466115b4685e42eaf607cc97550b3682
2497,universe,Yellow Leaf,3,Yellow Leaf_20241103_223505.jpg.jpg,Yellow Leaf/Yellow Leaf_20241103_223505.jpg.jpg,12a03b3c952f587dec95511074debcd5c7dd3afe50441225c9cbd86c93d218bb
2498,universe,Yellow Leaf,3,Yellow Leaf_20241103_223523.jpg.jpg,Yellow Leaf/Yellow Leaf_20241103_223523.jpg.jpg,2e83f5fd6e70a3ef8b29b244b5c2273b5443cdbadd6d33f2963a084cf0eb1e69
2499,universe,Yellow Leaf,3,Yellow Leaf_20241103_223526.jpg.jpg,Yellow Leaf/Yellow Leaf_20241103_223526.jpg.jpg,3b329243f84ff190842b7da68772f65668e047b183ae1d0a217acbc0bb1ac067
2500,universe,Yellow Leaf,3,Yellow Leaf_20241103_223529.jpg.jpg,Yellow Leaf/Yellow Leaf_20241103_223529.jpg.jpg,acf94f4df6ba1cf621aefe371e25ade60941c00134865ccb9eab5b3a0a99d8d9
2501,universe,Yellow Leaf,3,Yellow Leaf_20241103_223546.jpg.jpg,Yellow Leaf/Yellow Leaf_20241103_223546.jpg.jpg,3d63e2f3d4b7a34dbb34c6b2914f03502cb3e087fd5191db31459e5079175bf3
2502,universe,Yellow Leaf,3,Yellow Leaf_20241103_223549.jpg.jpg,Yellow Leaf/Yellow Leaf_20241103_223549.jpg.jpg,39f51eaf21fd30a77057955107dd7451d51f35d8a858ebb9f366f141386b1eb0
2503,universe,Yellow Leaf,3,Yellow Leaf_20241103_223614.jpg.jpg,Yellow Leaf/Yellow Leaf_20241103_223614.jpg.jpg,7354e2868491405b66cb8e7309b9421b00bfeffb8de4fbf0d7ee45367538fe6a
2504,universe,Yellow Leaf,3,Yellow Leaf_20241103_223616.jpg.jpg,Yellow Leaf/Yellow Leaf_20241103_223616.jpg.jpg,7c01aae2b489fa4600147e8f8e29a7e7f3a146891564a50ef423bd8bd60f5332
2505,universe,Yellow Leaf,3,Yellow Leaf_20241103_223619.jpg.jpg,Yellow Leaf/Yellow Leaf_20241103_223619.jpg.jpg,18871397a669a798370a294bcb433d0364c8509f76c478b0e7634e90e52fae97
2506,universe,Yellow Leaf,3,Yellow Leaf_20241103_223625.jpg.jpg,Yellow Leaf/Yellow Leaf_20241103_223625.jpg.jpg,8828c43c2789f3211d5a46e7efdf383de78a685c540e4eb4ce79c4fc782c2b5f
2507,universe,Yellow Leaf,3,Yellow Leaf_20241103_223628.jpg.jpg,Yellow Leaf/Yellow Leaf_20241103_223628.jpg.jpg,64d9f5d9f4205e353c8ce05e28dd331befe09f80096d52ce9259b0129ae87518
2508,universe,Yellow Leaf,3,Yellow Leaf_20241103_223631.jpg.jpg,Yellow Leaf/Yellow Leaf_20241103_223631.jpg.jpg,91c5575266d5c65442a632fc0bc8f7bd7a72b6902098f8140c9a17f61e69ecaa
2509,universe,Yellow Leaf,3,Yellow Leaf_20241103_223644.jpg.jpg,Yellow Leaf/Yellow Leaf_20241103_223644.jpg.jpg,82a5635b68917fb3b57521d3c4c8768c87042e517741ff6314a8380e5a8f9762
2510,universe,Yellow Leaf,3,Yellow Leaf_20241103_223647.jpg.jpg,Yellow Leaf/Yellow Leaf_20241103_223647.jpg.jpg,b9f9d7ff293c4ee3a09ebaec4b4d224f7e00a9e5e9ebc3273892f7f09b7f86b6
2511,universe,Yellow Leaf,3,Yellow Leaf_20241103_223657.jpg.jpg,Yellow Leaf/Yellow Leaf_20241103_223657.jpg.jpg,62cdbb7e640319d54ea47cf25524a92d124bb723fa9acf2ad28c65c51c865545
2512,universe,Yellow Leaf,3,Yellow Leaf_20241103_223659.jpg.jpg,Yellow Leaf/Yellow Leaf_20241103_223659.jpg.jpg,9fc20fd9988badee3a003fb4226637fc2524e7953e1ff913a44c12fe795571bc
2513,universe,Yellow Leaf,3,Yellow Leaf_20241103_223702.jpg.jpg,Yellow Leaf/Yellow Leaf_20241103_223702.jpg.jpg,6bf2237f0a194ef5f94efbdfc58d6938cc8fe25ba82bc26ddcda5d67415a2b5c
2514,universe,Yellow Leaf,3,Yellow Leaf_20241103_223720.jpg.jpg,Yellow Leaf/Yellow Leaf_20241103_223720.jpg.jpg,8b80ed70cc512130751be0fb78f40b4b9e4317fc161d5beaf95917028d402a7f
2515,universe,Yellow Leaf,3,Yellow Leaf_20241103_223728.jpg.jpg,Yellow Leaf/Yellow Leaf_20241103_223728.jpg.jpg,5101916ab7432008bb3da32c5cf4e4f8fe99f8b017b7f99dc10b6ad39e104054
2516,universe,Yellow Leaf,3,Yellow Leaf_20241103_223742.jpg.jpg,Yellow Leaf/Yellow Leaf_20241103_223742.jpg.jpg,82022d35e772922b92e5efbbc4a8a0f19b9ea13619ab769fa35479e2f3009089
2517,universe,Yellow Leaf,3,Yellow Leaf_20241103_223745.jpg.jpg,Yellow Leaf/Yellow Leaf_20241103_223745.jpg.jpg,e51f2e376a6c8703560d0a672810e4e24c04188d41d6533534005c15e451fadf
2518,universe,Yellow Leaf,3,Yellow Leaf_20241103_223754.jpg.jpg,Yellow Leaf/Yellow Leaf_20241103_223754.jpg.jpg,67a637fa38c7c581b0fba7dcc94dcbe76ff9b68d674caf083f400ca94ad32f3a
2519,universe,Yellow Leaf,3,Yellow Leaf_20241103_223757.jpg.jpg,Yellow Leaf/Yellow Leaf_20241103_223757.jpg.jpg,3a1e941d0dc7f05f1f46a58c839cd1e0618d9bae4dd9ed036f538ade821c6a95
2520,universe,Yellow Leaf,3,Yellow Leaf_20241103_223800.jpg.jpg,Yellow Leaf/Yellow Leaf_20241103_223800.jpg.jpg,ba97dc0c061904de2d12451626a9554f05d206205f0a5a33b5dc1e777ed73ede
2521,universe,Yellow Leaf,3,Yellow Leaf_20241103_223816.jpg.jpg,Yellow Leaf/Yellow Leaf_20241103_223816.jpg.jpg,329c34587bf387dc02c1193020856f2de6b5716d57869e89e6c9990b584b5474
2522,universe,Yellow Leaf,3,Yellow Leaf_20241103_223839.jpg.jpg,Yellow Leaf/Yellow Leaf_20241103_223839.jpg.jpg,6c9666ee3bdfa34c073a02696d6fe45ae86cb3bbb805ffc42eb87758d2936cc4
2523,universe,Yellow Leaf,3,Yellow Leaf_20241103_223845.jpg.jpg,Yellow Leaf/Yellow Leaf_20241103_223845.jpg.jpg,ff42585b9ed5a0c4692bff1011124fc085a269448abb0cd6176dc437f68f2709
2524,universe,Yellow Leaf,3,Yellow Leaf_20241103_223856.jpg.jpg,Yellow Leaf/Yellow Leaf_20241103_223856.jpg.jpg,4d2d67fef3cae7980c1125a7f6c53f224fd6243cbe6b26afc3720fd649d00926
2525,universe,Yellow Leaf,3,Yellow Leaf_20241103_223859.jpg.jpg,Yellow Leaf/Yellow Leaf_20241103_223859.jpg.jpg,c78642da961cc2489fbc6e4c06e06bb1d7521ba7e5dd4e5a33856ab6a4ba8e15
2526,universe,Yellow Leaf,3,Yellow Leaf_20241103_223902.jpg.jpg,Yellow Leaf/Yellow Leaf_20241103_223902.jpg.jpg,8af13d01d09384935bddb6728d469d2c03eda469d193ef1723712126cd63ebe5
2527,universe,Yellow Leaf,3,Yellow Leaf_20241103_223904.jpg.jpg,Yellow Leaf/Yellow Leaf_20241103_223904.jpg.jpg,d728882ee9d53010f1e51c3a09e9fd6c8d1da26973b9b4c4af94c40af1728be2
2528,universe,Yellow Leaf,3,Yellow Leaf_20241103_223913.jpg.jpg,Yellow Leaf/Yellow Leaf_20241103_223913.jpg.jpg,e19e880b1eb667331ae7c15e98c3c7f0802934f148e5eaa2a02d8246af5d8e4d
2529,universe,Yellow Leaf,3,Yellow Leaf_20241103_223921.jpg.jpg,Yellow Leaf/Yellow Leaf_20241103_223921.jpg.jpg,5c487486304addd683331ffccd1bec4c5747eb22fc286bb8c545fd2ebe4f7d87
2530,universe,Yellow Leaf,3,Yellow Leaf_20241103_223930.jpg.jpg,Yellow Leaf/Yellow Leaf_20241103_223930.jpg.jpg,b3333cdd4d3f8085ca7b0f521de47a2cd9d9b385bcb3c426fc8274c81404d985
2531,universe,Yellow Leaf,3,Yellow Leaf_20241103_223953.jpg.jpg,Yellow Leaf/Yellow Leaf_20241103_223953.jpg.jpg,086a0ce0be7cfd2cbbe1534d84b3d1863b076f7799ce32c9fd05bdfdf77aabf8
2532,universe,Yellow Leaf,3,Yellow Leaf_20241103_223959.jpg.jpg,Yellow Leaf/Yellow Leaf_20241103_223959.jpg.jpg,a1899ecdae8d53edc9ccdf9de7a9a10294f76122582e28cddb2219aee2822f8e
2533,universe,Yellow Leaf,3,Yellow Leaf_20241103_224008.jpg.jpg,Yellow Leaf/Yellow Leaf_20241103_224008.jpg.jpg,b6e4505b2f560c1aa6f5fdc6fae91a3a565c52afb4a59263c9ce525d4f22d2c2
2534,universe,Yellow Leaf,3,Yellow Leaf_20241103_224011.jpg.jpg,Yellow Leaf/Yellow Leaf_20241103_224011.jpg.jpg,9d1357e163ad54b547e863e06fdd44c22d3187fcd08f019da8f34ae59f005400
2535,universe,Yellow Leaf,3,Yellow Leaf_20241103_224017.jpg.jpg,Yellow Leaf/Yellow Leaf_20241103_224017.jpg.jpg,d2276812e7518f6b5fb7c67425f89171b1486e89c4839de84bdef2babdbc89a5
2536,universe,Yellow Leaf,3,Yellow Leaf_20241103_224024.jpg.jpg,Yellow Leaf/Yellow Leaf_20241103_224024.jpg.jpg,fbcc723f63f9cb042189418a83a2d2bfb7b300c7b00858f83868214cfe7f2d72
2537,universe,Yellow Leaf,3,Yellow Leaf_20241103_224030.jpg.jpg,Yellow Leaf/Yellow Leaf_20241103_224030.jpg.jpg,13e987f9284b6a8539942ac2fc0886140ac1bc56247229a826ea60297dba2d66
2538,universe,Yellow Leaf,3,Yellow Leaf_20241103_224032.jpg.jpg,Yellow Leaf/Yellow Leaf_20241103_224032.jpg.jpg,5ee4d714e406ae8822e37f0ec4810d523c7719750e23d4778f659b27c0696f39
2539,universe,Yellow Leaf,3,Yellow Leaf_20241103_224048.jpg.jpg,Yellow Leaf/Yellow Leaf_20241103_224048.jpg.jpg,54bed3771dbac85b182a4d6ba29fca44bc1f23c6e692bdd01ab89b3fed145292
2540,universe,Yellow Leaf,3,Yellow Leaf_20241103_224056.jpg.jpg,Yellow Leaf/Yellow Leaf_20241103_224056.jpg.jpg,f95b7a778d87654afa5c0a76ca2aee7fec036456638ab03bd192d78bc23ba65b
2541,universe,Yellow Leaf,3,Yellow Leaf_20241103_224114.jpg.jpg,Yellow Leaf/Yellow Leaf_20241103_224114.jpg.jpg,b7c93c4cda60985cb9c65388b9e77e24adecd41440085dd102e2fdb18945a8bd
2542,universe,Yellow Leaf,3,Yellow Leaf_20241103_224117.jpg.jpg,Yellow Leaf/Yellow Leaf_20241103_224117.jpg.jpg,a549122cec114c0f2e0e92fb1acaa29d69f091f9115fe26f034fe44386e54fd8
2543,universe,Yellow Leaf,3,Yellow Leaf_20241103_224120.jpg.jpg,Yellow Leaf/Yellow Leaf_20241103_224120.jpg.jpg,228cbe9e41df94d8cabbec839f2b398079e161c0e860446c548cbf940ebbae2d
2544,universe,Yellow Leaf,3,Yellow Leaf_20241103_224135.jpg.jpg,Yellow Leaf/Yellow Leaf_20241103_224135.jpg.jpg,ab49dc6a77bf46c10a208bcc83a1b165c7608b91fe56b547ad3558ebd47c6b56
2545,universe,Yellow Leaf,3,Yellow Leaf_20241103_224142.jpg.jpg,Yellow Leaf/Yellow Leaf_20241103_224142.jpg.jpg,1b310ca55e001d7e3171dc41bc9ba066d1b3d0671cb42f092c76cecabde24c2a
2546,universe,Yellow Leaf,3,Yellow Leaf_20241103_224152.jpg.jpg,Yellow Leaf/Yellow Leaf_20241103_224152.jpg.jpg,cd84d54f04c16cbbe5934a7e9ffd4a1343487c088379a7573ba23ff93f549609
2547,universe,Yellow Leaf,3,Yellow Leaf_20241103_224155.jpg.jpg,Yellow Leaf/Yellow Leaf_20241103_224155.jpg.jpg,1b5a8f8cde9366d3014616b1ef0ef40ecb3d0b3609c291cf9762639286130419
2548,universe,Yellow Leaf,3,Yellow Leaf_20241103_224159.jpg.jpg,Yellow Leaf/Yellow Leaf_20241103_224159.jpg.jpg,192e2695b2166cdaa8fae1dd073f29091bbc555c88bd058f13fad88c334528f0
2549,universe,Yellow Leaf,3,Yellow Leaf_20241103_224220.jpg.jpg,Yellow Leaf/Yellow Leaf_20241103_224220.jpg.jpg,e97124afc3c9dcc486f9f38fd0a75f29b5143048178642da7847151530918ba2
2550,universe,Yellow Leaf,3,Yellow Leaf_20241103_224231.jpg.jpg,Yellow Leaf/Yellow Leaf_20241103_224231.jpg.jpg,9b6532d6073743b974afb2d9ee8d03e9898c0d9d09ccfe325f2e546c6804123f
2551,universe,Yellow Leaf,3,Yellow Leaf_20241103_224234.jpg.jpg,Yellow Leaf/Yellow Leaf_20241103_224234.jpg.jpg,d6ae6facf64b3c11c0346c3d790ad1416bdc82c76f41dfea26043c1209fcfbb3
2552,universe,Yellow Leaf,3,Yellow Leaf_20241103_224237.jpg.jpg,Yellow Leaf/Yellow Leaf_20241103_224237.jpg.jpg,75bbe3e2e890b29c5d43930ad3289d99639209eed39adb86cbf4a8caa5e4a53a
2553,universe,Yellow Leaf,3,Yellow Leaf_20241103_224251.jpg.jpg,Yellow Leaf/Yellow Leaf_20241103_224251.jpg.jpg,487a6a7b4a0c31bfc625acdfc4e06f2b10f348d9cde933fdee2defd87fd5463b
2554,universe,Yellow Leaf,3,Yellow Leaf_20241103_224254.jpg.jpg,Yellow Leaf/Yellow Leaf_20241103_224254.jpg.jpg,fd4aea83e22497d8560a1d721eb07ec688241041de2ca9618284026fa5e1bf44
2555,universe,Yellow Leaf,3,Yellow Leaf_20241103_224257.jpg.jpg,Yellow Leaf/Yellow Leaf_20241103_224257.jpg.jpg,410f04e92de985856dda5523da58d7d8b271263c25610257499c613d0f56ab0e
2556,universe,Yellow Leaf,3,Yellow Leaf_20241108_182928.jpg.jpg,Yellow Leaf/Yellow Leaf_20241108_182928.jpg.jpg,222c58527a450b39b5a6671260a7cb11d19d8d9c1df3dd1103e4c4b077a066cd
2557,universe,Yellow Leaf,3,Yellow Leaf_20241108_182931.jpg.jpg,Yellow Leaf/Yellow Leaf_20241108_182931.jpg.jpg,0a53cab5d6e53f0d38e9b03956b9d5d20de035da2106f30c4ecbaa2a5cc5312a
2558,universe,Yellow Leaf,3,Yellow Leaf_20241108_182944.jpg.jpg,Yellow Leaf/Yellow Leaf_20241108_182944.jpg.jpg,29edaacc038e52d0b49ded18a6730e206b9629cfa522e873f75e9ca526e6c2f0
2559,universe,Yellow Leaf,3,Yellow Leaf_20241108_183000.jpg.jpg,Yellow Leaf/Yellow Leaf_20241108_183000.jpg.jpg,34163b999a4ff12dbde3e98d9affafca8c2e4c62c3b3cfaa085dda21a6035040
2560,universe,Yellow Leaf,3,Yellow Leaf_20241108_183227.jpg.jpg,Yellow Leaf/Yellow Leaf_20241108_183227.jpg.jpg,f3fdee8a246b9ff6ed5f3b0c1bd22ea4f7482aecc5a3ea80ea1d4defab9f56a6
2561,universe,Yellow Leaf,3,Yellow Leaf_20241108_183230.jpg.jpg,Yellow Leaf/Yellow Leaf_20241108_183230.jpg.jpg,bba539f7b070cda367c39d0c3ec89959cdcbd53e0b249a992455b9f0e381cec9
2562,universe,Yellow Leaf,3,Yellow Leaf_20241108_183237.jpg.jpg,Yellow Leaf/Yellow Leaf_20241108_183237.jpg.jpg,2914c907a0bdb70fb08c349c02857d406bdfaa2e2eba1803dd18767fd6e55451
2563,universe,Yellow Leaf,3,Yellow Leaf_20241108_183305.jpg.jpg,Yellow Leaf/Yellow Leaf_20241108_183305.jpg.jpg,7912aa844cc456f368104cc8306487fbd20973b4e3effa528e6335a2993fa21b
2564,universe,Yellow Leaf,3,Yellow Leaf_20241108_183308.jpg.jpg,Yellow Leaf/Yellow Leaf_20241108_183308.jpg.jpg,01a2ac3eb7495a650845e97352a91281745edc564498b64430d85e2b3478766a
2565,universe,Yellow Leaf,3,Yellow Leaf_20241108_183310.jpg.jpg,Yellow Leaf/Yellow Leaf_20241108_183310.jpg.jpg,3cd09e2375eb6b4190f112430d7fbc7441e135b95ff3934d21fec133cd7f71ea
2566,universe,Yellow Leaf,3,Yellow Leaf_20241108_183313.jpg.jpg,Yellow Leaf/Yellow Leaf_20241108_183313.jpg.jpg,872762dec99835834b3c51001f7e40b6832e8535b1db297ee73ceef3ed5bbed7
2567,universe,Yellow Leaf,3,Yellow Leaf_20241108_183321.jpg.jpg,Yellow Leaf/Yellow Leaf_20241108_183321.jpg.jpg,435a5a959c515bf8d8645230bc5ea0f803183e3e1a8b5964aeb4aabbfbeaa626
2568,universe,Yellow Leaf,3,Yellow Leaf_20241108_183324.jpg.jpg,Yellow Leaf/Yellow Leaf_20241108_183324.jpg.jpg,1b77f18636fcf4e0efd3542e479f0758fdb00ef0ee5c4bc79d1f5607b8c096a5
2569,universe,Yellow Leaf,3,Yellow Leaf_20241108_183326.jpg.jpg,Yellow Leaf/Yellow Leaf_20241108_183326.jpg.jpg,c8e066f6779a6b8b6836e2053cc6b8710506fed1a6005bd2079c070079fa1d53
2570,universe,Yellow Leaf,3,Yellow Leaf_20241108_183352.jpg.jpg,Yellow Leaf/Yellow Leaf_20241108_183352.jpg.jpg,88a13caaedd3cee7914fc30bcfa5daae32e598b87aeda4533f3af49f7d5023b7
2571,universe,Yellow Leaf,3,Yellow Leaf_20241108_183355.jpg.jpg,Yellow Leaf/Yellow Leaf_20241108_183355.jpg.jpg,1d07e1e16875560b8a1018d3931e61c99d2bb41a721832eb2df118680efd9f79
2572,universe,Yellow Leaf,3,Yellow Leaf_20241108_183358.jpg.jpg,Yellow Leaf/Yellow Leaf_20241108_183358.jpg.jpg,a96e5b89a865b27ec707d386a3600c6ee86c30a8a8900f6a2be157e0c7997ecf
2573,universe,Yellow Leaf,3,Yellow Leaf_20241108_183401.jpg.jpg,Yellow Leaf/Yellow Leaf_20241108_183401.jpg.jpg,773a3afad9ab67e885702ba6fac65bd56ad34fe25c76304583b12ba722b0b45e
2574,universe,Yellow Leaf,3,Yellow Leaf_20241108_183413.jpg.jpg,Yellow Leaf/Yellow Leaf_20241108_183413.jpg.jpg,68f50ccb99aaf05b119408f1503156f95c912d02d0f1e93a016c453d6e01a7b5
2575,universe,Yellow Leaf,3,Yellow Leaf_20241108_183417.jpg.jpg,Yellow Leaf/Yellow Leaf_20241108_183417.jpg.jpg,c62b0448cfc808774ea2eaa97c094c4605762f016e5996e93442937447c88bcc
2576,universe,Yellow Leaf,3,Yellow Leaf_20241108_183420.jpg.jpg,Yellow Leaf/Yellow Leaf_20241108_183420.jpg.jpg,b1da76e1d9e356bf9fedb3860c3032def1488e781c83879cbb592525d299e70b
2577,universe,Yellow Leaf,3,Yellow Leaf_20241108_183423.jpg.jpg,Yellow Leaf/Yellow Leaf_20241108_183423.jpg.jpg,176d43bdf0ff97cb124e12284546db0223582b2b61960dfddeb2f936d630979c
2578,universe,Yellow Leaf,3,Yellow Leaf_20241108_183502.jpg.jpg,Yellow Leaf/Yellow Leaf_20241108_183502.jpg.jpg,7bfb06af145637ede61ae50f66a461ed2fb4c01b92a222915b922efc0e14a052
2579,universe,Yellow Leaf,3,Yellow Leaf_20241108_183505.jpg.jpg,Yellow Leaf/Yellow Leaf_20241108_183505.jpg.jpg,0e668c7eb3e5df88bc461a00bde51c4c27d246d020eba06a4d2025d32b25fe6f
2580,universe,Yellow Leaf,3,Yellow Leaf_20241108_183508.jpg.jpg,Yellow Leaf/Yellow Leaf_20241108_183508.jpg.jpg,92b113c1c5ab6ee93f4a43f10a1d0826e11baeaf9b19a390f20173b628ac51cb
2581,universe,Yellow Leaf,3,Yellow Leaf_20241108_183511.jpg.jpg,Yellow Leaf/Yellow Leaf_20241108_183511.jpg.jpg,19ad466cab8d270508b2d69af6383eafdcb8be2d76495a48e9ec5a35c353603a
2582,universe,Yellow Leaf,3,Yellow Leaf_20241108_183525.jpg.jpg,Yellow Leaf/Yellow Leaf_20241108_183525.jpg.jpg,3b2e32b279b237a6b269217f83dc4567794fa821cc3ef2a5d4817c679799d3ce
2583,universe,Yellow Leaf,3,Yellow Leaf_20241108_183527.jpg.jpg,Yellow Leaf/Yellow Leaf_20241108_183527.jpg.jpg,ec3b988ba329f8d917c5bd821905db0b0e91e5ca529f967e1ea980ff775a43fa
2584,universe,Yellow Leaf,3,Yellow Leaf_20241108_183530.jpg.jpg,Yellow Leaf/Yellow Leaf_20241108_183530.jpg.jpg,73a9a08fce38b4cc9c31f6622dc82be2fce7def4ccbcb5bc7642d831646ad70d
2585,universe,Yellow Leaf,3,Yellow Leaf_20241108_183534.jpg.jpg,Yellow Leaf/Yellow Leaf_20241108_183534.jpg.jpg,3a86a5b7e0e06cc1c848283baa9a5b51a134de0f949135ec2c2d6eba4d062431
2586,universe,Yellow Leaf,3,Yellow Leaf_20241108_183544.jpg.jpg,Yellow Leaf/Yellow Leaf_20241108_183544.jpg.jpg,82d6e611ef161fa29c79ba09f92d3af72b8c46412fa3e0ca23ff278ac70b2c05
2587,universe,Yellow Leaf,3,Yellow Leaf_20241108_183548.jpg.jpg,Yellow Leaf/Yellow Leaf_20241108_183548.jpg.jpg,d0cbb56f8d4ede258d5332e6b53c07693199ebb171454a440d1e40f5bb29b146
2588,universe,Yellow Leaf,3,Yellow Leaf_20241108_183551.jpg.jpg,Yellow Leaf/Yellow Leaf_20241108_183551.jpg.jpg,9946c4c6cc0420e306112f56f028f05876a277edbe0414b44281cce836a63fb7
2589,universe,Yellow Leaf,3,Yellow Leaf_20241108_183554.jpg.jpg,Yellow Leaf/Yellow Leaf_20241108_183554.jpg.jpg,9d07e666be1251055061cadb713b4d371cfab4abf87bfff89703c7c3209aa2c1
2590,universe,Yellow Leaf,3,Yellow Leaf_20241108_183700.jpg.jpg,Yellow Leaf/Yellow Leaf_20241108_183700.jpg.jpg,71bc861ea1976f0ce68724878006bdd9d5bbffaa1b3fba1a04649d09be3a157c
2591,universe,Yellow Leaf,3,Yellow Leaf_20241108_183703.jpg.jpg,Yellow Leaf/Yellow Leaf_20241108_183703.jpg.jpg,6c8ee64fcf44bbccd1503a8e81e882936b8c5366b45667cd9a3dbdff92c6df40
2592,universe,Yellow Leaf,3,Yellow Leaf_20241108_183707.jpg.jpg,Yellow Leaf/Yellow Leaf_20241108_183707.jpg.jpg,dc973b2457b58547f95c60ad522be723d82facb7d4bc45ff6657c82d9444091b
2593,universe,Yellow Leaf,3,Yellow Leaf_20241108_183717.jpg.jpg,Yellow Leaf/Yellow Leaf_20241108_183717.jpg.jpg,5c37e9836a21a3a587ab2b70d20bca6114ddfb775639e498dca4836d06f7d73c
2594,universe,Yellow Leaf,3,Yellow Leaf_20241108_183720.jpg.jpg,Yellow Leaf/Yellow Leaf_20241108_183720.jpg.jpg,0ea4fe5663def8a5939bb4d4d0b29a9e9bb7bb9f971a37b7943ca206b6457b70
2595,universe,Yellow Leaf,3,Yellow Leaf_20241108_183723.jpg.jpg,Yellow Leaf/Yellow Leaf_20241108_183723.jpg.jpg,0f93ad752e3cfdfbc5290d28d964a288fdb68cda191ef4cb629962e20c9c5d46
2596,universe,Yellow Leaf,3,Yellow Leaf_20241108_183726.jpg.jpg,Yellow Leaf/Yellow Leaf_20241108_183726.jpg.jpg,ab0c18346f1ef48f6ad3bcd8248622f6884b72b732c3e91c7c8ce57112fd5ada
2597,universe,Yellow Leaf,3,Yellow Leaf_20241108_183733.jpg.jpg,Yellow Leaf/Yellow Leaf_20241108_183733.jpg.jpg,dfedbd6cddc368006e944b740b4f67eb0efc380c52b92c0a32048b56bc7e4705
2598,universe,Yellow Leaf,3,Yellow Leaf_20241108_183736.jpg.jpg,Yellow Leaf/Yellow Leaf_20241108_183736.jpg.jpg,30a5007471d4f3ea5e606362337a7b6f5258144ff1b4de1ce2e9fb90dcff8a0a
2599,universe,Yellow Leaf,3,Yellow Leaf_20241108_183739.jpg.jpg,Yellow Leaf/Yellow Leaf_20241108_183739.jpg.jpg,473043ad32684a2431e4688c69e31fd93aae1b21a34acb477c7e9dac323f34d6
2600,universe,Yellow Leaf,3,Yellow Leaf_20241108_183742.jpg.jpg,Yellow Leaf/Yellow Leaf_20241108_183742.jpg.jpg,7fa4cefd576b09cd407a81f030cf32cea400caadf90e4f6d7fa83311f43f3c61
2601,universe,Yellow Leaf,3,Yellow Leaf_20241108_183754.jpg.jpg,Yellow Leaf/Yellow Leaf_20241108_183754.jpg.jpg,1a3a970820699f2a3375edf128c74464e2a63ed8878399e0d919132be4ad1207
2602,universe,Yellow Leaf,3,Yellow Leaf_20241108_183756.jpg.jpg,Yellow Leaf/Yellow Leaf_20241108_183756.jpg.jpg,81d54cb50731aeabf53ca1598d207a7ada6d3610b3ed10702a05301749e581d1
2603,universe,Yellow Leaf,3,Yellow Leaf_20241108_183803.jpg.jpg,Yellow Leaf/Yellow Leaf_20241108_183803.jpg.jpg,d6b640b8536d35bf7d297e5a2f7aab68b612232dfeec1da258d681f526b2155a
2604,universe,Yellow Leaf,3,Yellow Leaf_20241108_183809.jpg.jpg,Yellow Leaf/Yellow Leaf_20241108_183809.jpg.jpg,7c1260fd89d454fec319b1b42dd3ff9ec600cee88c4ef5a62aac2f5c3400057c
2605,universe,Yellow Leaf,3,Yellow Leaf_20241108_183812.jpg.jpg,Yellow Leaf/Yellow Leaf_20241108_183812.jpg.jpg,57a1917036ddf3e70041a4310be851cba5bba1c1f57c7cfa6f8a1c3f4753ee0d
2606,universe,Yellow Leaf,3,Yellow Leaf_20241108_183816.jpg.jpg,Yellow Leaf/Yellow Leaf_20241108_183816.jpg.jpg,695f47bdf6b9652b38d8f0f8e969785b0a5cb18d2e4067d7a866d4eeb344af4c
2607,universe,Yellow Leaf,3,Yellow Leaf_20241108_183948.jpg.jpg,Yellow Leaf/Yellow Leaf_20241108_183948.jpg.jpg,6f460370aa945c737d91749a86d3d797c7dd38be51e71cd94d07206bb8a3ffe0
2608,universe,Yellow Leaf,3,Yellow Leaf_20241108_183950.jpg.jpg,Yellow Leaf/Yellow Leaf_20241108_183950.jpg.jpg,9739a794afd606881c5368198bff610c9224e9cb01bae8d5e1bfc73f190c6df6
2609,universe,Yellow Leaf,3,Yellow Leaf_20241108_183953.jpg.jpg,Yellow Leaf/Yellow Leaf_20241108_183953.jpg.jpg,559db2d51debfdee227e2a15b9924dc7da641c3df58c013d0d8c922cd781deb3
2610,universe,Yellow Leaf,3,Yellow Leaf_20241108_183956.jpg.jpg,Yellow Leaf/Yellow Leaf_20241108_183956.jpg.jpg,53dac4d9775e4dd64a2ecfda77cfe27c01b3c54d3292dca2124882bc4a514088
2611,universe,Yellow Leaf,3,Yellow Leaf_20241108_184250.jpg.jpg,Yellow Leaf/Yellow Leaf_20241108_184250.jpg.jpg,b6bdf20a87e1f6f1e9753d756b5c4ac37d6615956ffcb653e05f7a768b89879a
2612,universe,Yellow Leaf,3,Yellow Leaf_20241108_184253.jpg.jpg,Yellow Leaf/Yellow Leaf_20241108_184253.jpg.jpg,958548202c6d39de6731373009601ff04605bcfc5d2210dedeba6bb0068db9f7
2613,universe,Yellow Leaf,3,Yellow Leaf_20241108_184256.jpg.jpg,Yellow Leaf/Yellow Leaf_20241108_184256.jpg.jpg,30a190f2b1d07bffe3e973c5c549273ec2fd0fc47f13e2b2d2a1267f4361b941
2614,universe,Yellow Leaf,3,Yellow Leaf_20241108_184259.jpg.jpg,Yellow Leaf/Yellow Leaf_20241108_184259.jpg.jpg,38b1e58947ded77034ccbab7d048ae11ecaaf271f924cd2afaee3d421c3bcb44
2615,universe,Yellow Leaf,3,Yellow Leaf_20241108_184330.jpg.jpg,Yellow Leaf/Yellow Leaf_20241108_184330.jpg.jpg,0bdb3891804b6238b8612caa0aa343183ffa2364db59d00d18b8f9c9c5f04aab
2616,universe,Yellow Leaf,3,Yellow Leaf_20241108_184335.jpg.jpg,Yellow Leaf/Yellow Leaf_20241108_184335.jpg.jpg,14d172be5c4ddf901abc12d083370d86d0bf8d120c1bae87069445e94152bf3a
2617,universe,Yellow Leaf,3,Yellow Leaf_20241108_184338.jpg.jpg,Yellow Leaf/Yellow Leaf_20241108_184338.jpg.jpg,de9ef551e2567efb3508fdd5f6b839e9753d68f86cbc1696c12aa45e6df344b0
2618,universe,Yellow Leaf,3,Yellow Leaf_20241108_184512.jpg.jpg,Yellow Leaf/Yellow Leaf_20241108_184512.jpg.jpg,3c24f883c252ac3eda3e530ff5de2d3e90c4d5d9e0f219d557b6e8a9057f8186
2619,universe,Yellow Leaf,3,Yellow Leaf_20241108_184515.jpg.jpg,Yellow Leaf/Yellow Leaf_20241108_184515.jpg.jpg,09ea6e63032daac813db188d78da8d4160153d0d6d0e9c971385425f58d812bb
2620,universe,Yellow Leaf,3,Yellow Leaf_20241108_184518.jpg.jpg,Yellow Leaf/Yellow Leaf_20241108_184518.jpg.jpg,3789120a2e60d1103cec1627c9a2714eeecae11cbed8bb40971a491e96472a76
2621,universe,Yellow Leaf,3,Yellow Leaf_20241108_18452.jpg.jpg,Yellow Leaf/Yellow Leaf_20241108_18452.jpg.jpg,af19c4020841dc037e3e11c3f6c3cb4cda479d749cc7151d69ea56ad7d29ca5b
2622,universe,Yellow Leaf,3,Yellow Leaf_20241108_190939.jpg.jpg,Yellow Leaf/Yellow Leaf_20241108_190939.jpg.jpg,4fe0a66e97002bbafd589250b30a06c0b066c2dbdc5aefe015079c6f36391884
2623,universe,Yellow Leaf,3,Yellow Leaf_20241108_190941.jpg.jpg,Yellow Leaf/Yellow Leaf_20241108_190941.jpg.jpg,232ce4cee56708d44aea5cd1d690256b0f78dcc9979e51f548d191d4e2e64654
2624,universe,Yellow Leaf,3,Yellow Leaf_20241108_190944.jpg.jpg,Yellow Leaf/Yellow Leaf_20241108_190944.jpg.jpg,5826005a37484257346a7a134983d28449a8bb31480bb1a534f68ee00ed07a07
2625,universe,Yellow Leaf,3,Yellow Leaf_20241108_190947.jpg.jpg,Yellow Leaf/Yellow Leaf_20241108_190947.jpg.jpg,02b9ad9d3d76b87674ef2f428c02cdb3cd09085546a7529e52e23d58462cd77c
2626,universe,Yellow Leaf,3,Yellow Leaf_20241108_190953.jpg.jpg,Yellow Leaf/Yellow Leaf_20241108_190953.jpg.jpg,a134db8fa6683438bb3bedb09cf2844cc8a097a1560b7e6fd9367b6e4a180f19
2627,universe,Yellow Leaf,3,Yellow Leaf_20241108_190956.jpg.jpg,Yellow Leaf/Yellow Leaf_20241108_190956.jpg.jpg,e07ec04e1774235663232407cf5dda4741a5031e6fb939f4f1e267259795ef38
2628,universe,Yellow Leaf,3,Yellow Leaf_20241108_190959.jpg.jpg,Yellow Leaf/Yellow Leaf_20241108_190959.jpg.jpg,9d3133a61a19edf3b280ddbd353e60cac4a7e7a60fbdceabad68a3f466466d16
2629,universe,Yellow Leaf,3,Yellow Leaf_20241108_191002.jpg.jpg,Yellow Leaf/Yellow Leaf_20241108_191002.jpg.jpg,bfa0b9ff9492f9c510460d6153acb9488ee0a6bf729b400b480a0f9496f62a54
2630,universe,Yellow Leaf,3,Yellow Leaf_20241108_191028.jpg.jpg,Yellow Leaf/Yellow Leaf_20241108_191028.jpg.jpg,13ff84d7da83032f280a6155845303d717e1650e1cf79ec28d8ef6319e267883
2631,universe,Yellow Leaf,3,Yellow Leaf_20241108_191030.jpg.jpg,Yellow Leaf/Yellow Leaf_20241108_191030.jpg.jpg,c41e2650a933727f3c522b874c0b1c30cfeb20a0c1a81de25f001ef2c257c5f4
2632,universe,Yellow Leaf,3,Yellow Leaf_20241108_191033.jpg.jpg,Yellow Leaf/Yellow Leaf_20241108_191033.jpg.jpg,f98110492d5df063b46710d2760e23b136b71c9c5192981544ca200662ae93bc
2633,universe,Yellow Leaf,3,Yellow Leaf_20241108_191037.jpg.jpg,Yellow Leaf/Yellow Leaf_20241108_191037.jpg.jpg,c464bc4b7fa663c81f065ee49e8c222d3adbb2375614bb631d006f1baaa27eb7
2634,universe,Yellow Leaf,3,Yellow Leaf_20241108_191108.jpg.jpg,Yellow Leaf/Yellow Leaf_20241108_191108.jpg.jpg,75163000ffa51f7e435078455871780094a93c71e771de9a84cb2c4663914e54
2635,universe,Yellow Leaf,3,Yellow Leaf_20241108_191114.jpg.jpg,Yellow Leaf/Yellow Leaf_20241108_191114.jpg.jpg,2f79dfaa244df01ae672ccc0823ab8e503a0a7e4533025c15ef10576a6807620
2636,universe,Yellow Leaf,3,Yellow Leaf_20241108_191118.jpg.jpg,Yellow Leaf/Yellow Leaf_20241108_191118.jpg.jpg,d65161861d5acc4b1dcc6f8a0b23a49948207d22981f12e5972bb37c35b4f2ff
2637,universe,Yellow Leaf,3,Yellow Leaf_20241108_191123.jpg.jpg,Yellow Leaf/Yellow Leaf_20241108_191123.jpg.jpg,bc9c04f61bdba80812d77203bbe1e01513e86bb530618cdb600474dcbc6d12a9
2638,universe,Yellow Leaf,3,Yellow Leaf_20241108_191126.jpg.jpg,Yellow Leaf/Yellow Leaf_20241108_191126.jpg.jpg,b516a67d16f880a8e66af5799e2f9d81c08b2479ad4b4507ed4526d04c0ad465
2639,universe,Yellow Leaf,3,Yellow Leaf_20241108_191129.jpg.jpg,Yellow Leaf/Yellow Leaf_20241108_191129.jpg.jpg,be6ee495be1fc4f35bb5438339c33054946ce60412bb9af8cf0cae17f44330fd
2640,universe,Yellow Leaf,3,Yellow Leaf_20241108_191133.jpg.jpg,Yellow Leaf/Yellow Leaf_20241108_191133.jpg.jpg,809749f34cb6b9770abc7912ae4e78194bbf822f8c6211beca4c45528b0341af
2641,universe,Yellow Leaf,3,Yellow Leaf_20241108_191157.jpg.jpg,Yellow Leaf/Yellow Leaf_20241108_191157.jpg.jpg,423f525eddfcc032608baa0d514cc857479e7e7d35d5e017d228beaed1ed64c0
2642,universe,Yellow Leaf,3,Yellow Leaf_20241108_191203.jpg.jpg,Yellow Leaf/Yellow Leaf_20241108_191203.jpg.jpg,6bd9c710a615fadcd59cfc7f385407be0e6191c21a646b7997dae1b7ac86c7d4
2643,universe,Yellow Leaf,3,Yellow Leaf_20241108_191254.jpg.jpg,Yellow Leaf/Yellow Leaf_20241108_191254.jpg.jpg,5460bd36f55aa5bdd2bf42fc469d8aa48c67fa16c22db27a48e6dbfc2d3dfda7
2644,universe,Yellow Leaf,3,Yellow Leaf_20241108_191257.jpg.jpg,Yellow Leaf/Yellow Leaf_20241108_191257.jpg.jpg,40a40e97c4c1f278cfcddf7d6581b94ec4a7cf36f3b7442c9556f31dd01dada8
2645,universe,Yellow Leaf,3,Yellow Leaf_20241108_191300.jpg.jpg,Yellow Leaf/Yellow Leaf_20241108_191300.jpg.jpg,9d4aabef8e8e8ab07584896359341034928c3914752cc5d857b334a93a5a32a2
2646,universe,Yellow Leaf,3,Yellow Leaf_20241108_191304.jpg.jpg,Yellow Leaf/Yellow Leaf_20241108_191304.jpg.jpg,cfbb033c1f051776fc98ad28c67ea258b73b5d20ed13e726924f7f5eae0ee683
2647,universe,Yellow Leaf,3,Yellow Leaf_20241108_191325.jpg.jpg,Yellow Leaf/Yellow Leaf_20241108_191325.jpg.jpg,b78166e4bb474ef5dbcc1a1642138247e40dd0cd1be567be4f5cc01da81998e0
2648,universe,Yellow Leaf,3,Yellow Leaf_20241108_191328.jpg.jpg,Yellow Leaf/Yellow Leaf_20241108_191328.jpg.jpg,68c1577821ac68a8f8f227af3a22be7d0203033d590f96bab45a8a332f3a7c66
2649,universe,Yellow Leaf,3,Yellow Leaf_20241108_191331.jpg.jpg,Yellow Leaf/Yellow Leaf_20241108_191331.jpg.jpg,0a6c8634f75cb6b931493b217b17281ce12c737ae4c6b8a5d7c146b1df7d467a
2650,universe,Yellow Leaf,3,Yellow Leaf_20241108_191334.jpg.jpg,Yellow Leaf/Yellow Leaf_20241108_191334.jpg.jpg,428d9c69dc08d4dcbc4066b28c652264337d8a60c868e948d80c6a0d1645f99e
2651,universe,Yellow Leaf,3,Yellow Leaf_20241108_191341.jpg.jpg,Yellow Leaf/Yellow Leaf_20241108_191341.jpg.jpg,4f0a88473d452ed226eb16bb90c38d0bc886c27f054c7c7c4131bdb7db25d543
2652,universe,Yellow Leaf,3,Yellow Leaf_20241108_191343.jpg.jpg,Yellow Leaf/Yellow Leaf_20241108_191343.jpg.jpg,2d7aac4e768ee50b51ac2b7230b1d2632ae802b41cc2373a6cb5ec14dcb8b4db
2653,universe,Yellow Leaf,3,Yellow Leaf_20241108_191346.jpg.jpg,Yellow Leaf/Yellow Leaf_20241108_191346.jpg.jpg,3dc5e7c6ee4a93bbfd959868da91640e69c22d3d0b8f308dd3db5664e3f7ca3f
2654,universe,Yellow Leaf,3,Yellow Leaf_20241108_191349.jpg.jpg,Yellow Leaf/Yellow Leaf_20241108_191349.jpg.jpg,7b178def10f4e29b2a159ac1789920d2720c87aef99902f33ed559f933671e3c
2655,universe,Yellow Leaf,3,Yellow Leaf_20241108_191425.jpg.jpg,Yellow Leaf/Yellow Leaf_20241108_191425.jpg.jpg,dd6cc90e5fc9ee3ecd121cd423568cb2bcfd51e0cff7a6a3a3410f926dce9677
2656,universe,Yellow Leaf,3,Yellow Leaf_20241108_191427.jpg.jpg,Yellow Leaf/Yellow Leaf_20241108_191427.jpg.jpg,39f8fffcf82f5e8582e61d7042274e400017f50ce1a7f81771364602ac21798c
2657,universe,Yellow Leaf,3,Yellow Leaf_20241108_191430.jpg.jpg,Yellow Leaf/Yellow Leaf_20241108_191430.jpg.jpg,922a8c33f176c927ef3312237bcdb6e7396c92a64636ef7ba8f1ad1d6e03d463
2658,universe,Yellow Leaf,3,Yellow Leaf_20241108_191434.jpg.jpg,Yellow Leaf/Yellow Leaf_20241108_191434.jpg.jpg,7ab6242992533408d5f036b7645a04f8bfa22afa9369076fa49f9cd145d623ea
2659,universe,Yellow Leaf,3,Yellow Leaf_20241108_191447.jpg.jpg,Yellow Leaf/Yellow Leaf_20241108_191447.jpg.jpg,9877ffccd88c97f67d0ffb98c6255aaeb1f7bda1f068242d7359be5048b6f657
2660,universe,Yellow Leaf,3,Yellow Leaf_20241108_191450.jpg.jpg,Yellow Leaf/Yellow Leaf_20241108_191450.jpg.jpg,05053c9e94a885d9bf3991d0f479b8a83b168e358abb676180187d73661dd9fd
2661,universe,Yellow Leaf,3,Yellow Leaf_20241108_191453.jpg.jpg,Yellow Leaf/Yellow Leaf_20241108_191453.jpg.jpg,e26935fd50a0f33c2fe56e9a7569663c4ecc5b9e902282e79a3a4a1226cb9735
2662,universe,Yellow Leaf,3,Yellow Leaf_20241108_191619.jpg.jpg,Yellow Leaf/Yellow Leaf_20241108_191619.jpg.jpg,817a16a3faaff875c350f1286b5cba2ab6f4cc931bac933c753186b0cd5bf143
2663,universe,Yellow Leaf,3,Yellow Leaf_20241108_191622.jpg.jpg,Yellow Leaf/Yellow Leaf_20241108_191622.jpg.jpg,b6ef7b4584eaa29cf62d61c980a7a4d666ff6a3fad0dcdf78dcdcf74bba4e159
2664,universe,Yellow Leaf,3,Yellow Leaf_20241108_191626.jpg.jpg,Yellow Leaf/Yellow Leaf_20241108_191626.jpg.jpg,cce17be7cadf6f49e6c9f8267b928c661bffa27c187a396ec0d6277248714bd0
2665,universe,Yellow Leaf,3,Yellow Leaf_20241108_191737.jpg.jpg,Yellow Leaf/Yellow Leaf_20241108_191737.jpg.jpg,e2f83a4212f9fb8c811e2e85f42401c12f73bd9159e919882a7661478d8fa3ad
2666,universe,Yellow Leaf,3,Yellow Leaf_20241108_191739.jpg.jpg,Yellow Leaf/Yellow Leaf_20241108_191739.jpg.jpg,c62a797bfab31f78148b6d9192d533545d7d72e0c8109bdc631fc8945fe85c79
2667,universe,Yellow Leaf,3,Yellow Leaf_20241108_191742.jpg.jpg,Yellow Leaf/Yellow Leaf_20241108_191742.jpg.jpg,3f7ab36c63dd6e940c1f6021b3764fadb12987434cc237fa0c9d16274ba8a889
2668,universe,Yellow Leaf,3,Yellow Leaf_20241108_191746.jpg.jpg,Yellow Leaf/Yellow Leaf_20241108_191746.jpg.jpg,f76390677691636db8e491841aa45d5e901cefdab6a75659e4383bd805c69a03
2669,universe,Yellow Leaf,3,Yellow Leaf_20241108_191752.jpg.jpg,Yellow Leaf/Yellow Leaf_20241108_191752.jpg.jpg,68184cbaa6f8d22a9980dc55f7d0fc8818df13c4355e531b17f6032eff6653b0
2670,universe,Yellow Leaf,3,Yellow Leaf_IMG_20241103_200033.jpg.jpg,Yellow Leaf/Yellow Leaf_IMG_20241103_200033.jpg.jpg,92a9e81f20566046e87029ad8adcb3d1b6717363126efa18856fcb41c809ec52
2671,universe,Yellow Leaf,3,Yellow Leaf_IMG_20241103_200034.jpg.jpg,Yellow Leaf/Yellow Leaf_IMG_20241103_200034.jpg.jpg,c869250ac7e8682243708d554d6cffff52a6e753f211ef79a27e00f195a0fa56
2672,universe,Yellow Leaf,3,Yellow Leaf_IMG_20241103_200035.jpg.jpg,Yellow Leaf/Yellow Leaf_IMG_20241103_200035.jpg.jpg,b1f7e9d046ca7ebee83c77f70466d9f1cd211ccdb543f6e8fde7722a40c0ec7b
2673,universe,Yellow Leaf,3,Yellow Leaf_IMG_20241103_200036.jpg.jpg,Yellow Leaf/Yellow Leaf_IMG_20241103_200036.jpg.jpg,4855a2d5d066128964309c21e59d61b6dca35cb96dacf2b3daabd1a029af6fc8
2674,universe,Yellow Leaf,3,Yellow Leaf_IMG_20241103_200041.jpg.jpg,Yellow Leaf/Yellow Leaf_IMG_20241103_200041.jpg.jpg,983689cc0d7e9dec0a08856a048364ca38267f1aa42deb0854e8f6f5a2ac1dde
2675,universe,Yellow Leaf,3,Yellow Leaf_IMG_20241103_200042.jpg.jpg,Yellow Leaf/Yellow Leaf_IMG_20241103_200042.jpg.jpg,6c5dc7f1dd097b91426a0258a3da45ad60fcfbdd89899a6927d89549960ee4df
2676,universe,Yellow Leaf,3,Yellow Leaf_IMG_20241103_200051.jpg.jpg,Yellow Leaf/Yellow Leaf_IMG_20241103_200051.jpg.jpg,e15c92103c17e8403fd74e69f4b800c215e9855cfc6e551cbfc3be3e3e481cf8
2677,universe,Yellow Leaf,3,Yellow Leaf_IMG_20241103_200053.jpg.jpg,Yellow Leaf/Yellow Leaf_IMG_20241103_200053.jpg.jpg,ae5f4550f9e15a28ee769a0ede946bdd166b0029c2aeea87e2292796b164b615
2678,universe,Yellow Leaf,3,Yellow Leaf_IMG_20241103_200057.jpg.jpg,Yellow Leaf/Yellow Leaf_IMG_20241103_200057.jpg.jpg,6c7de864aa7bab758d1ecd7287f407b4d112cd99d6b7ead0fe597534e2c5b625
2679,universe,Yellow Leaf,3,Yellow Leaf_IMG_20241103_200059.jpg.jpg,Yellow Leaf/Yellow Leaf_IMG_20241103_200059.jpg.jpg,24f6c52fb3b3dd91788d1bbcb6f01ee9242c097d67c2ac80196f08d00eab9ebf
2680,universe,Yellow Leaf,3,Yellow Leaf_IMG_20241103_200101.jpg.jpg,Yellow Leaf/Yellow Leaf_IMG_20241103_200101.jpg.jpg,212dd742c6878f1b85fbf1e473d66c083a8e1ab3f016d1a65793b4a651738ffe
2681,universe,Yellow Leaf,3,Yellow Leaf_IMG_20241103_200108.jpg.jpg,Yellow Leaf/Yellow Leaf_IMG_20241103_200108.jpg.jpg,9e168f89cc62f3755a21c60e7d3b155cefb2259179618d6c9c2bb16784cda1c1
2682,universe,Yellow Leaf,3,Yellow Leaf_IMG_20241103_200109.jpg.jpg,Yellow Leaf/Yellow Leaf_IMG_20241103_200109.jpg.jpg,7901df5aac0f5a4853d3ffeaadc239f41e73fe0dd25f0e5e25b1c3a6269c60cc
2683,universe,Yellow Leaf,3,Yellow Leaf_IMG_20241103_200111.jpg.jpg,Yellow Leaf/Yellow Leaf_IMG_20241103_200111.jpg.jpg,210450a51ac72f806b71d4a1b2c0c090052558aa28f921c9f2f09ad714e0d6a1
2684,universe,Yellow Leaf,3,Yellow Leaf_IMG_20241103_200116.jpg.jpg,Yellow Leaf/Yellow Leaf_IMG_20241103_200116.jpg.jpg,2ba91ae29b8c1fcbebaa5c04d3e5f6711d89a1308dd5acd4fb75bd4d715fde82
2685,universe,Yellow Leaf,3,Yellow Leaf_IMG_20241103_200117.jpg.jpg,Yellow Leaf/Yellow Leaf_IMG_20241103_200117.jpg.jpg,9b34c1bab35088389f3f2b9653a6aaac831fc7f376ae8fd715a5e9aca7840ee8
2686,universe,Yellow Leaf,3,Yellow Leaf_IMG_20241103_200124.jpg.jpg,Yellow Leaf/Yellow Leaf_IMG_20241103_200124.jpg.jpg,16828cdd97be825d8b0465e4b74b49f8c5cd48dce5e8a06fc2ec04cb0f2f34c6
2687,universe,Yellow Leaf,3,Yellow Leaf_IMG_20241103_200125.jpg.jpg,Yellow Leaf/Yellow Leaf_IMG_20241103_200125.jpg.jpg,4262ec0615c75beeeb3755d02e68589b55cd779879ce633cfc86f5f2e07fce0c
2688,universe,Yellow Leaf,3,Yellow Leaf_IMG_20241103_200126.jpg.jpg,Yellow Leaf/Yellow Leaf_IMG_20241103_200126.jpg.jpg,aad5eea6943d2b95da7ca6e3501838016e5f7376f492602d5b4ae53b7d3b59cb
2689,universe,Yellow Leaf,3,Yellow Leaf_IMG_20241103_200128.jpg.jpg,Yellow Leaf/Yellow Leaf_IMG_20241103_200128.jpg.jpg,f4f8872ee92286e69c71d143f70435fb78998433c058e504d105669bc54f8b61
2690,universe,Yellow Leaf,3,Yellow Leaf_IMG_20241103_200132.jpg.jpg,Yellow Leaf/Yellow Leaf_IMG_20241103_200132.jpg.jpg,a0d74c245c151f56e4ae3e8c94ac41e8a07d66611189945293ced52ee1f6f97a
2691,universe,Yellow Leaf,3,Yellow Leaf_IMG_20241103_200133.jpg.jpg,Yellow Leaf/Yellow Leaf_IMG_20241103_200133.jpg.jpg,4073dae27555510d86240842c09bd9d9ff199dc662ce2d67ac064fc4e416650a
2692,universe,Yellow Leaf,3,Yellow Leaf_IMG_20241103_200157.jpg.jpg,Yellow Leaf/Yellow Leaf_IMG_20241103_200157.jpg.jpg,b9562de98886affabe52da6c45069e97d9ed5edaf672e7c1a3eb11e7bc25a8a0
2693,universe,Yellow Leaf,3,Yellow Leaf_IMG_20241103_200159.jpg.jpg,Yellow Leaf/Yellow Leaf_IMG_20241103_200159.jpg.jpg,9ccb21157cb94a4d7df61f7a74a07f9ba0627deab5d4e800573aca1bef167ff9
2694,universe,Yellow Leaf,3,Yellow Leaf_IMG_20241103_200320.jpg.jpg,Yellow Leaf/Yellow Leaf_IMG_20241103_200320.jpg.jpg,42387565d88767e1f0c02acfd4cd305d832068d7b182805d52b67d58f392d9c0
2695,universe,Yellow Leaf,3,Yellow Leaf_IMG_20241103_200321.jpg.jpg,Yellow Leaf/Yellow Leaf_IMG_20241103_200321.jpg.jpg,12b4ded316bd535d07c2a32fc8bfb9616a07aa1f1ed8b421234921748f000a1a
2696,universe,Yellow Leaf,3,Yellow Leaf_IMG_20241103_200322.jpg.jpg,Yellow Leaf/Yellow Leaf_IMG_20241103_200322.jpg.jpg,1dbca2d541b7fda1d945cd58253cc5bb1b120fdafac86a073f49e26317ab803d
2697,universe,Yellow Leaf,3,Yellow Leaf_IMG_20241103_200339.jpg.jpg,Yellow Leaf/Yellow Leaf_IMG_20241103_200339.jpg.jpg,4f49a19496fbdcf87f148f59f74f8f726130f8c5e22546bea82492e16002da51
2698,universe,Yellow Leaf,3,Yellow Leaf_IMG_20241103_200340.jpg.jpg,Yellow Leaf/Yellow Leaf_IMG_20241103_200340.jpg.jpg,d0bac268fb5e7fa5e3deef0ada898d31f821a8462692b4c5213cca0fa2c47216
2699,universe,Yellow Leaf,3,Yellow Leaf_IMG_20241103_200340_1.jpg.jpg,Yellow Leaf/Yellow Leaf_IMG_20241103_200340_1.jpg.jpg,2685882dcdcafd1f218bb642cb767086792ecc4228b96e0c2bc35cf4ca0322eb
2700,universe,Yellow Leaf,3,Yellow Leaf_IMG_20241103_200350.jpg.jpg,Yellow Leaf/Yellow Leaf_IMG_20241103_200350.jpg.jpg,dd446fc80b42afa84f7c061b142050e75caa737a305625cdfd9d1fe813911cf3
2701,universe,Yellow Leaf,3,Yellow Leaf_IMG_20241103_200354.jpg.jpg,Yellow Leaf/Yellow Leaf_IMG_20241103_200354.jpg.jpg,9b952fdb69dd463ba60913e790cce7d272779c500374d56065135f1f75801b9e
2702,universe,Yellow Leaf,3,Yellow Leaf_IMG_20241103_200356.jpg.jpg,Yellow Leaf/Yellow Leaf_IMG_20241103_200356.jpg.jpg,84ff82b4f57e4e4047d57fa5f355c61011c486da9d66f1f30609055700770ac1
2703,universe,Yellow Leaf,3,Yellow Leaf_IMG_20241103_200357.jpg.jpg,Yellow Leaf/Yellow Leaf_IMG_20241103_200357.jpg.jpg,223826624f2958366be152b7a32b3f61325b7bae86e8384c40a71be68dda6cb5
2704,universe,Yellow Leaf,3,Yellow Leaf_IMG_20241103_200401.jpg.jpg,Yellow Leaf/Yellow Leaf_IMG_20241103_200401.jpg.jpg,7f932d0b1ccba118a0d3312bf3d59b178c6b1d3d9d4cf585c5f026bc1ed90474
2705,universe,Yellow Leaf,3,Yellow Leaf_IMG_20241103_200402.jpg.jpg,Yellow Leaf/Yellow Leaf_IMG_20241103_200402.jpg.jpg,ad1ca7dd2536afe50dd5e9c1d6d3a07d4197684f97f3db82066f1d325809c69c
2706,universe,Yellow Leaf,3,Yellow Leaf_IMG_20241103_200403.jpg.jpg,Yellow Leaf/Yellow Leaf_IMG_20241103_200403.jpg.jpg,779cdde914f9ecd3e859c33e925d5bbaeabb2a4835267fb1adc9974d8bbe8b28
2707,universe,Yellow Leaf,3,Yellow Leaf_IMG_20241103_200404.jpg.jpg,Yellow Leaf/Yellow Leaf_IMG_20241103_200404.jpg.jpg,ad500074fbbd302072702ba27892920f15216fc2bfbdc603be85a8d5b03b4c5a
2708,universe,Yellow Leaf,3,Yellow Leaf_IMG_20241103_200409.jpg.jpg,Yellow Leaf/Yellow Leaf_IMG_20241103_200409.jpg.jpg,8a263b5f6684ac9c0969b98f9853e8c9337280a73e1f4767d57ef1c506c6fbc2
2709,universe,Yellow Leaf,3,Yellow Leaf_IMG_20241103_200409_1.jpg.jpg,Yellow Leaf/Yellow Leaf_IMG_20241103_200409_1.jpg.jpg,082385aaa1fa625f8174d22d61dfca43268de254b63cb839223a7cafe4c579f3
2710,universe,Yellow Leaf,3,Yellow Leaf_IMG_20241103_200410.jpg.jpg,Yellow Leaf/Yellow Leaf_IMG_20241103_200410.jpg.jpg,796b25003b1944ec129ba760bf30c37d2cba005fe13571123482d15b20480957
2711,universe,Yellow Leaf,3,Yellow Leaf_IMG_20241103_200411.jpg.jpg,Yellow Leaf/Yellow Leaf_IMG_20241103_200411.jpg.jpg,baf51e228f33da73318eb7cb15e3e46fcfcf6cedcae5f26413fbd2f5332a5c39
2712,universe,Yellow Leaf,3,Yellow Leaf_IMG_20241103_200416.jpg.jpg,Yellow Leaf/Yellow Leaf_IMG_20241103_200416.jpg.jpg,94c29fccf37ccf73d87078fb341c738e5609ee7562cd9f9bba1060be5b9cc8c1
2713,universe,Yellow Leaf,3,Yellow Leaf_IMG_20241103_200418.jpg.jpg,Yellow Leaf/Yellow Leaf_IMG_20241103_200418.jpg.jpg,7fd5c6d25d0fdc49719e5dd245ffca34fc687b9656bdc753889739d1dd770bf1
2714,universe,Yellow Leaf,3,Yellow Leaf_IMG_20241103_200426.jpg.jpg,Yellow Leaf/Yellow Leaf_IMG_20241103_200426.jpg.jpg,016cac53039d04cb3fdf8e3254202f73b82efdae8dd8faa30bf0063e67ad1eb2
2715,universe,Yellow Leaf,3,Yellow Leaf_IMG_20241103_200426_1.jpg.jpg,Yellow Leaf/Yellow Leaf_IMG_20241103_200426_1.jpg.jpg,5ff39963a58c2c210997efe2d83a97b2235caf1f870e6286b0625ccc5fc37ce7
2716,universe,Yellow Leaf,3,Yellow Leaf_IMG_20241103_200427.jpg.jpg,Yellow Leaf/Yellow Leaf_IMG_20241103_200427.jpg.jpg,a4ef3e35d46c9b2bba43686c2a51c0186b2a735f3beebc95a1e0fb18f4a885fc
2717,universe,Yellow Leaf,3,Yellow Leaf_IMG_20241103_200428.jpg.jpg,Yellow Leaf/Yellow Leaf_IMG_20241103_200428.jpg.jpg,2b5df458cdc34cda68b9e95ee6632165b91592314288f72afb1e7964d3d68179
2718,universe,Yellow Leaf,3,Yellow Leaf_IMG_20241103_200436.jpg.jpg,Yellow Leaf/Yellow Leaf_IMG_20241103_200436.jpg.jpg,4138d18d67dbc10906ec40f0d07a61c262d2d864826a8a94554d98d89e52115d
2719,universe,Yellow Leaf,3,Yellow Leaf_IMG_20241103_200437.jpg.jpg,Yellow Leaf/Yellow Leaf_IMG_20241103_200437.jpg.jpg,dc1edd05d464d627915aee42e3c6c255a9206af392a0b74d6a396535d609310c
2720,universe,Yellow Leaf,3,Yellow Leaf_IMG_20241103_200443.jpg.jpg,Yellow Leaf/Yellow Leaf_IMG_20241103_200443.jpg.jpg,bb67f770592eba12a68adb30c041ed69ef7ff25f919e7d13199bc23a79e6e51c
2721,universe,Yellow Leaf,3,Yellow Leaf_IMG_20241103_200444.jpg.jpg,Yellow Leaf/Yellow Leaf_IMG_20241103_200444.jpg.jpg,7ff232e21f33dd07a068f5e9ff74e5d3fb5d9d75b50bfd9b9eeae7b48f6803fe
2722,universe,Yellow Leaf,3,Yellow Leaf_IMG_20241103_200451_1.jpg.jpg,Yellow Leaf/Yellow Leaf_IMG_20241103_200451_1.jpg.jpg,9cdf75685b6f963b138a26a8c60481fe9bfb2e059c085794c2d4f5aca1f723e1
2723,universe,Yellow Leaf,3,Yellow Leaf_IMG_20241103_200452.jpg.jpg,Yellow Leaf/Yellow Leaf_IMG_20241103_200452.jpg.jpg,fd8c628a6544873133db116a4f6db525f9865e5c0fd5fd850fad46b0c63b2049
2724,universe,Yellow Leaf,3,Yellow Leaf_IMG_20241103_200453.jpg.jpg,Yellow Leaf/Yellow Leaf_IMG_20241103_200453.jpg.jpg,f0bdaf3c1c9572694cc2eb60ec2d126ef994e3f4a939d1a05cc498017a8b1bfa
2725,universe,Yellow Leaf,3,Yellow Leaf_IMG_20241103_200509.jpg.jpg,Yellow Leaf/Yellow Leaf_IMG_20241103_200509.jpg.jpg,65c5dc900798ee0524661de9003a3c30dd1317a93e436c7e15a07709ad9f772c
2726,universe,Yellow Leaf,3,Yellow Leaf_IMG_20241103_200509_1.jpg.jpg,Yellow Leaf/Yellow Leaf_IMG_20241103_200509_1.jpg.jpg,285464be087e52088d83d80aa910fd57382ab46f84c4c8285b11916baded58e4
2727,universe,Yellow Leaf,3,Yellow Leaf_IMG_20241103_200519.jpg.jpg,Yellow Leaf/Yellow Leaf_IMG_20241103_200519.jpg.jpg,95c74ad0a12842be88b64d5512ad412a4c3d96b1e8a97c2eb42c2a4e11b2caae
2728,universe,Yellow Leaf,3,Yellow Leaf_IMG_20241103_200520.jpg.jpg,Yellow Leaf/Yellow Leaf_IMG_20241103_200520.jpg.jpg,9e97e7d41d39c51542400d25c7351854b1579c973eaed721a806b7555c2c5a02
2729,universe,Yellow Leaf,3,Yellow Leaf_IMG_20241103_200521.jpg.jpg,Yellow Leaf/Yellow Leaf_IMG_20241103_200521.jpg.jpg,4accfa13c16ed5bc729951f1bacbac4f6a2af6bc15234424ca712fc51b02abfa
2730,universe,Yellow Leaf,3,Yellow Leaf_IMG_20241103_200535.jpg.jpg,Yellow Leaf/Yellow Leaf_IMG_20241103_200535.jpg.jpg,10fb703028ce909890218e31bc8f91e894deea5344a9b19d66092618aead7429
2731,universe,Yellow Leaf,3,Yellow Leaf_IMG_20241103_200536.jpg.jpg,Yellow Leaf/Yellow Leaf_IMG_20241103_200536.jpg.jpg,c83e9d0f6c1a6444d4b443bd37749824f12b86509f8596e37230bdaf5b2f466a
2732,universe,Yellow Leaf,3,Yellow Leaf_IMG_20241103_200541.jpg.jpg,Yellow Leaf/Yellow Leaf_IMG_20241103_200541.jpg.jpg,c3167ac40b53ad13873dd3ff2ad4704755c76a4678c4b5ddf57b18662691de7a
2733,universe,Yellow Leaf,3,Yellow Leaf_IMG_20241103_200542.jpg.jpg,Yellow Leaf/Yellow Leaf_IMG_20241103_200542.jpg.jpg,16e4097c3d9434c8c434ccd6441b0559f3fdba8d777dc8a50c04c5877a4e3752
2734,universe,Yellow Leaf,3,Yellow Leaf_IMG_20241103_200549_1.jpg.jpg,Yellow Leaf/Yellow Leaf_IMG_20241103_200549_1.jpg.jpg,8ed4144cee0033f0afcc857cd8065904c3b2fc1240428e81a47faa5a57461381
2735,universe,Yellow Leaf,3,Yellow Leaf_IMG_20241103_200550.jpg.jpg,Yellow Leaf/Yellow Leaf_IMG_20241103_200550.jpg.jpg,150db1e0ec4bb345d27ae4eb5d63c35c114468b84d9cdcef9315dbdcd3cff95e
2736,universe,Yellow Leaf,3,Yellow Leaf_IMG_20241103_200558.jpg.jpg,Yellow Leaf/Yellow Leaf_IMG_20241103_200558.jpg.jpg,736a9356e659423554452b3e3aeb90fe7fadd6427c4d1caf434f62cd2301397a
2737,universe,Yellow Leaf,3,Yellow Leaf_IMG_20241103_200559.jpg.jpg,Yellow Leaf/Yellow Leaf_IMG_20241103_200559.jpg.jpg,6a48a9fff7de32cc91f76cab9df14af7b2331e29dc051c66799e725fe5520d21
2738,universe,Yellow Leaf,3,Yellow Leaf_IMG_20241103_200601.jpg.jpg,Yellow Leaf/Yellow Leaf_IMG_20241103_200601.jpg.jpg,19d54c0d4aad6ef2916fb7749e3446fc4de457c9b4379fa72d4e9d51289d1ca9
2739,universe,Yellow Leaf,3,Yellow Leaf_IMG_20241103_200606.jpg.jpg,Yellow Leaf/Yellow Leaf_IMG_20241103_200606.jpg.jpg,a1410e448c3c737d977f67d5cb13efd696684e1a8f95e1131aeea4db92832546
2740,universe,Yellow Leaf,3,Yellow Leaf_IMG_20241103_200608.jpg.jpg,Yellow Leaf/Yellow Leaf_IMG_20241103_200608.jpg.jpg,ecd27128f2ecbee51553d202447ab66725a4635915ec7495273031b83f96b3e6
2741,universe,Yellow Leaf,3,Yellow Leaf_IMG_20241103_200624.jpg.jpg,Yellow Leaf/Yellow Leaf_IMG_20241103_200624.jpg.jpg,b663b589737f47bb3141c99ae83056cc6dc5bda7133f442ed1814e41abf1fcf6
2742,universe,Yellow Leaf,3,Yellow Leaf_IMG_20241103_200625.jpg.jpg,Yellow Leaf/Yellow Leaf_IMG_20241103_200625.jpg.jpg,c9fe8490c4dc763abdcf71c5dc335beb6c28cd31c64a6d7eff66d02dca99a753
2743,universe,Yellow Leaf,3,Yellow Leaf_IMG_20241103_200626.jpg.jpg,Yellow Leaf/Yellow Leaf_IMG_20241103_200626.jpg.jpg,b1d1e8a3aa094821203c8ead61c6522c2176da154d2cceb0fcbe4036e356f7a6
2744,universe,Yellow Leaf,3,Yellow Leaf_IMG_20241103_200627.jpg.jpg,Yellow Leaf/Yellow Leaf_IMG_20241103_200627.jpg.jpg,0bdecc82465b6a21472ed4633b912d7792a5a1b1851bc125ffa75f75fbfb7af9
2745,universe,Yellow Leaf,3,Yellow Leaf_IMG_20241103_200633.jpg.jpg,Yellow Leaf/Yellow Leaf_IMG_20241103_200633.jpg.jpg,715aa15fae287a4acf1c50ed565204be1cfa0491bc688ca845f6c771c55530e8
2746,universe,Yellow Leaf,3,Yellow Leaf_IMG_20241103_200633_1.jpg.jpg,Yellow Leaf/Yellow Leaf_IMG_20241103_200633_1.jpg.jpg,a5254fda3ff18b7d1769842ceb61e16dabc47309f8c113c9ac9a27f4eb78b4f0
2747,universe,Yellow Leaf,3,Yellow Leaf_IMG_20241103_200634.jpg.jpg,Yellow Leaf/Yellow Leaf_IMG_20241103_200634.jpg.jpg,938858bf6888bc5ab2a53a8465100f40694d935914b090ef92f3e81b26a00798
2748,universe,Yellow Leaf,3,Yellow Leaf_IMG_20241103_200635.jpg.jpg,Yellow Leaf/Yellow Leaf_IMG_20241103_200635.jpg.jpg,434f325534e9bb417893d006572232fb9b3f30edf8f78a7cf9eadae35de7bc6f
2749,universe,Yellow Leaf,3,Yellow Leaf_IMG_20241103_200639.jpg.jpg,Yellow Leaf/Yellow Leaf_IMG_20241103_200639.jpg.jpg,7ac3a176387e9a3d175f43630a418f5bb06c243a88037193fed1f31a24427d33
2750,universe,Yellow Leaf,3,Yellow Leaf_IMG_20241103_200640.jpg.jpg,Yellow Leaf/Yellow Leaf_IMG_20241103_200640.jpg.jpg,3307f090a366d2b9b40ec2a9b5bae6f06675f79dedf7fcb6f7a31fc7e086370b
2751,universe,Yellow Leaf,3,Yellow Leaf_IMG_20241103_200644.jpg.jpg,Yellow Leaf/Yellow Leaf_IMG_20241103_200644.jpg.jpg,a72946400d017f71734561f24ed739a996fe0f2ff6ad7f1202766f97fb85d338
2752,universe,Yellow Leaf,3,Yellow Leaf_IMG_20241103_200645.jpg.jpg,Yellow Leaf/Yellow Leaf_IMG_20241103_200645.jpg.jpg,ceacbc0bc0e4eb94eb8132ea2cbe69f58b7483bc3303d1fde78a9967b96ccdbc
2753,universe,Yellow Leaf,3,Yellow Leaf_IMG_20241103_200646.jpg.jpg,Yellow Leaf/Yellow Leaf_IMG_20241103_200646.jpg.jpg,d28994803c04abb5ca9d30465f706bc96ecae1f8d36683f554007e571de3f521
2754,universe,Yellow Leaf,3,Yellow Leaf_IMG_20241103_200647.jpg.jpg,Yellow Leaf/Yellow Leaf_IMG_20241103_200647.jpg.jpg,4de705132be6a01860e6afd35abc5d859d7ea9692a9d59fc8718fe9c4ed4766a
2755,universe,Yellow Leaf,3,Yellow Leaf_IMG_20241103_200652.jpg.jpg,Yellow Leaf/Yellow Leaf_IMG_20241103_200652.jpg.jpg,b2126cc711526183298afd91f2f26b02e4bc02c01dad7daf53e4eb041f21480b
2756,universe,Yellow Leaf,3,Yellow Leaf_IMG_20241103_200653.jpg.jpg,Yellow Leaf/Yellow Leaf_IMG_20241103_200653.jpg.jpg,7f0fe170535bf36f3fd68dd554e16f0edb981f7d41ecd8ac03b803de79b4acf8
2757,universe,Yellow Leaf,3,Yellow Leaf_IMG_20241103_200653_1.jpg.jpg,Yellow Leaf/Yellow Leaf_IMG_20241103_200653_1.jpg.jpg,edf7a85afd389c6ba9ec9d2099eb9eaf1e14c6762f66b4601d5b8708a82afb0b
2758,universe,Yellow Leaf,3,Yellow Leaf_IMG_20241103_200657.jpg.jpg,Yellow Leaf/Yellow Leaf_IMG_20241103_200657.jpg.jpg,875fedcfab4574e3d74d33a5f2442140b944ff280acc38d74f4f0fd0edba550b
2759,universe,Yellow Leaf,3,Yellow Leaf_IMG_20241103_200658.jpg.jpg,Yellow Leaf/Yellow Leaf_IMG_20241103_200658.jpg.jpg,e06aee931a6a8761cb1e2549c4c63b0175ab060a3c387a41614cfe4a9bb9b16f
2760,universe,Yellow Leaf,3,Yellow Leaf_IMG_20241103_200700.jpg.jpg,Yellow Leaf/Yellow Leaf_IMG_20241103_200700.jpg.jpg,5af6842ae536ef82c96e7f70f5b170f3df433f14f935bd2a2b3889ae234ae530
2761,universe,Yellow Leaf,3,Yellow Leaf_IMG_20241103_200704.jpg.jpg,Yellow Leaf/Yellow Leaf_IMG_20241103_200704.jpg.jpg,451c51c071822fa13670a681711bde40a8c72feae48b64905e3723b4c87cd4b6
2762,universe,Yellow Leaf,3,Yellow Leaf_IMG_20241103_200706.jpg.jpg,Yellow Leaf/Yellow Leaf_IMG_20241103_200706.jpg.jpg,f4a677f27d349d0e4f1434c2f724641e1ca8d4de295b28911be0ae62bef39734
2763,universe,Yellow Leaf,3,Yellow Leaf_IMG_20241103_200707.jpg.jpg,Yellow Leaf/Yellow Leaf_IMG_20241103_200707.jpg.jpg,2d164c213f3e75288ede226422695be6879b0cf857b82ee66a24b98abf337eb9
2764,universe,Yellow Leaf,3,Yellow Leaf_IMG_20241103_200715.jpg.jpg,Yellow Leaf/Yellow Leaf_IMG_20241103_200715.jpg.jpg,89f0b62642b94db38d74a031db945a9cfe9d638b5bd6872f2833b6868233ccce
2765,universe,Yellow Leaf,3,Yellow Leaf_IMG_20241103_200716.jpg.jpg,Yellow Leaf/Yellow Leaf_IMG_20241103_200716.jpg.jpg,dc1771f70dca135cfc98191e9e32f2d2e26b1ff28657a29ef70e8da88b29dbd4
2766,universe,Yellow Leaf,3,Yellow Leaf_IMG_20241103_200716_1.jpg.jpg,Yellow Leaf/Yellow Leaf_IMG_20241103_200716_1.jpg.jpg,9657825a0c9da47c069b8eb8ec43a16c40f3858201b7534f0f194fe7eba83347
2767,universe,Yellow Leaf,3,Yellow Leaf_IMG_20241103_200720.jpg.jpg,Yellow Leaf/Yellow Leaf_IMG_20241103_200720.jpg.jpg,c698acda726e966f419e814f259d6982b48f88d5ad2a3387afb7e9ddf44079d6
2768,universe,Yellow Leaf,3,Yellow Leaf_IMG_20241103_200720_1.jpg.jpg,Yellow Leaf/Yellow Leaf_IMG_20241103_200720_1.jpg.jpg,4e2840dbfabbf99f6058cdcdb372e4b64459365827275e5b49299cab70f1b6d0
2769,universe,Yellow Leaf,3,Yellow Leaf_IMG_20241103_200721.jpg.jpg,Yellow Leaf/Yellow Leaf_IMG_20241103_200721.jpg.jpg,85ab75348039a5e1b9480033504dad0e07adc6c2dd868f4372b55ec8c7a64943
2770,universe,Yellow Leaf,3,Yellow Leaf_IMG_20241103_200722.jpg.jpg,Yellow Leaf/Yellow Leaf_IMG_20241103_200722.jpg.jpg,e177a6b80b845436df7da30a3cbf862a52e97a8f1a472e8306abb154d601306e
2771,universe,Yellow Leaf,3,Yellow Leaf_IMG_20241103_200725.jpg.jpg,Yellow Leaf/Yellow Leaf_IMG_20241103_200725.jpg.jpg,1216a3ab67bcfee1514ed3858336284b203fdb7d53e6b1edd313062e6a8aab3e
2772,universe,Yellow Leaf,3,Yellow Leaf_IMG_20241103_200725_1.jpg.jpg,Yellow Leaf/Yellow Leaf_IMG_20241103_200725_1.jpg.jpg,4d20a3b6b2400fe5e044841b44971e09fc45ecde0da77d2102b8ed43f96d5d10
2773,universe,Yellow Leaf,3,Yellow Leaf_IMG_20241103_200726.jpg.jpg,Yellow Leaf/Yellow Leaf_IMG_20241103_200726.jpg.jpg,eb43ecbfc68981d55bf0bd09a9b755e3379a3cffb2af3210fa7faa2204e56624
2774,universe,Yellow Leaf,3,Yellow Leaf_IMG_20241103_200727.jpg.jpg,Yellow Leaf/Yellow Leaf_IMG_20241103_200727.jpg.jpg,121a713e0042d10f737aaaa6d0e842e3dceda2504c11e8537b4d39b26f969544
2775,universe,Yellow Leaf,3,Yellow Leaf_IMG_20241103_200732.jpg.jpg,Yellow Leaf/Yellow Leaf_IMG_20241103_200732.jpg.jpg,74811a8cd4f0e03adb2185e0d838d6109d71ebe586b02cb3bfb67569bd8c72f7
2776,universe,Yellow Leaf,3,Yellow Leaf_IMG_20241103_200739.jpg.jpg,Yellow Leaf/Yellow Leaf_IMG_20241103_200739.jpg.jpg,c7897c532f3117bd6f30f92cc1e51770f79998f9f2ba287983a1c7ee6893c839
2777,universe,Yellow Leaf,3,Yellow Leaf_IMG_20241103_200739_1.jpg.jpg,Yellow Leaf/Yellow Leaf_IMG_20241103_200739_1.jpg.jpg,e2168162bd715db676d186a0c296480c5f318ab5e2b91cd388a9ef45daad807f
2778,universe,Yellow Leaf,3,Yellow Leaf_IMG_20241103_200740.jpg.jpg,Yellow Leaf/Yellow Leaf_IMG_20241103_200740.jpg.jpg,193b3d9899c45c128a12cbf85c19a9048683097800a161f142d29d8b293efbb2
2779,universe,Yellow Leaf,3,Yellow Leaf_IMG_20241103_200741.jpg.jpg,Yellow Leaf/Yellow Leaf_IMG_20241103_200741.jpg.jpg,71bb904eda367d656cf5fa7f5653350c297dc3778abb723d0a502221fa0a18f6
2780,universe,Yellow Leaf,3,Yellow Leaf_IMG_20241103_200745.jpg.jpg,Yellow Leaf/Yellow Leaf_IMG_20241103_200745.jpg.jpg,1212c82b5d6cb444eab88d7853ba40fa7b5f7f0cecbe3da72ba867a5b2e22b49
2781,universe,Yellow Leaf,3,Yellow Leaf_IMG_20241103_200746.jpg.jpg,Yellow Leaf/Yellow Leaf_IMG_20241103_200746.jpg.jpg,4da31c2b24208b05647558a144eeed583f8090928001a293210f3ce3eaedea48
2782,universe,Yellow Leaf,3,Yellow Leaf_IMG_20241103_200747.jpg.jpg,Yellow Leaf/Yellow Leaf_IMG_20241103_200747.jpg.jpg,0bbeb0cc981d615e2353aecb64f72fd719e3b3fc46bbd02f5defe911dc8f57ce
2783,universe,Yellow Leaf,3,Yellow Leaf_IMG_20241103_200750.jpg.jpg,Yellow Leaf/Yellow Leaf_IMG_20241103_200750.jpg.jpg,405ba140613679deeabf10e00663253f05bb14fa200c541408257cd2b232dda7
2784,universe,Yellow Leaf,3,Yellow Leaf_IMG_20241103_200751.jpg.jpg,Yellow Leaf/Yellow Leaf_IMG_20241103_200751.jpg.jpg,0a15a313272faa64815e6ca6ed90928a42b4b8307d27b4bf178645b9384efabd
2785,universe,Yellow Leaf,3,Yellow Leaf_IMG_20241103_200752.jpg.jpg,Yellow Leaf/Yellow Leaf_IMG_20241103_200752.jpg.jpg,c971a15ca97b214f0976fee393701d019123fdb86e8f671f7f28f0b11068c065
2786,universe,Yellow Leaf,3,Yellow Leaf_IMG_20241103_200756.jpg.jpg,Yellow Leaf/Yellow Leaf_IMG_20241103_200756.jpg.jpg,f04f8d1ac9036951e5dd8bd7ba0751afe8d4862472ea922651f4d8d25c6bb51d
2787,universe,Yellow Leaf,3,Yellow Leaf_IMG_20241103_200757.jpg.jpg,Yellow Leaf/Yellow Leaf_IMG_20241103_200757.jpg.jpg,3c108f7724f2b56b0ec62b130d4ae4c9a805631a32714aa0b58c01f0dfc7f180
2788,universe,Yellow Leaf,3,Yellow Leaf_IMG_20241103_200758.jpg.jpg,Yellow Leaf/Yellow Leaf_IMG_20241103_200758.jpg.jpg,78ae2b4bd50a88ef385226fbe59ac72689a5e5ab0455a9cf8cc0398e46ac8ae8
2789,universe,Yellow Leaf,3,Yellow Leaf_IMG_20241103_200802.jpg.jpg,Yellow Leaf/Yellow Leaf_IMG_20241103_200802.jpg.jpg,1e5946ed071ca0b4494271116410c7ed33348c33230ceb57f2254fadf5f48a59
2790,universe,Yellow Leaf,3,Yellow Leaf_IMG_20241103_200803.jpg.jpg,Yellow Leaf/Yellow Leaf_IMG_20241103_200803.jpg.jpg,2914c79244e6a22648178f985c96be293c6abbd8286540aeafb89d5a98229f23
2791,universe,Yellow Leaf,3,Yellow Leaf_IMG_20241103_201319.jpg.jpg,Yellow Leaf/Yellow Leaf_IMG_20241103_201319.jpg.jpg,95b29fac5d6113a0c791521bfa8555cca38caf000454b3b0ba3a1b902c0f0c3c
2792,universe,Yellow Leaf,3,Yellow Leaf_IMG_20241103_201320.jpg.jpg,Yellow Leaf/Yellow Leaf_IMG_20241103_201320.jpg.jpg,b4abe222707b5e9982a88d5a6b283be1925196540b334bdd6bed6205323cd518
2793,universe,Yellow Leaf,3,Yellow Leaf_IMG_20241103_201326.jpg.jpg,Yellow Leaf/Yellow Leaf_IMG_20241103_201326.jpg.jpg,2742b72ecc6113b4ba09acb230009e3a78c355d8238cdea69e4eafa18e7ecf63
2794,universe,Yellow Leaf,3,Yellow Leaf_IMG_20241103_201327.jpg.jpg,Yellow Leaf/Yellow Leaf_IMG_20241103_201327.jpg.jpg,11f5b815e6b013be884cb17b50329ed9e0db0a1291b3dfc086c7eb003f32afc6
2795,universe,Yellow Leaf,3,Yellow Leaf_IMG_20241103_201328.jpg.jpg,Yellow Leaf/Yellow Leaf_IMG_20241103_201328.jpg.jpg,f6b9b1e85dcaffa94e517e0cb6b7d52db32b62e7653be7539bcad832d0b4e07f
2796,universe,Yellow Leaf,3,Yellow Leaf_IMG_20241103_201334.jpg.jpg,Yellow Leaf/Yellow Leaf_IMG_20241103_201334.jpg.jpg,d2bc4f237a978da7a7d042592bfc42ed8dc57f95512fd3b9e6b4d69d8435c7f1
2797,universe,Yellow Leaf,3,Yellow Leaf_IMG_20241103_201335.jpg.jpg,Yellow Leaf/Yellow Leaf_IMG_20241103_201335.jpg.jpg,11969033c6713eb582143fb7ffd592bd1f2c0a051e636eda481371b4343cb5ca
2798,universe,Yellow Leaf,3,Yellow Leaf_IMG_20241103_201336.jpg.jpg,Yellow Leaf/Yellow Leaf_IMG_20241103_201336.jpg.jpg,a5f709d60e27267a4c54df5c8448a758844d6a10475c06b3b4ade510a81a38f4
2799,universe,Yellow Leaf,3,Yellow Leaf_IMG_20241103_201343.jpg.jpg,Yellow Leaf/Yellow Leaf_IMG_20241103_201343.jpg.jpg,1dc238a4082221ee97bf1b02a15173a98ca877966732e8b19d572f64a1d3bffb
2800,universe,Yellow Leaf,3,Yellow Leaf_IMG_20241103_201344.jpg.jpg,Yellow Leaf/Yellow Leaf_IMG_20241103_201344.jpg.jpg,853960293c36fe4210fc56111e59b453043e2bd7e16fba532e017c164e05577c
2801,universe,Yellow Leaf,3,Yellow Leaf_IMG_20241103_201347.jpg.jpg,Yellow Leaf/Yellow Leaf_IMG_20241103_201347.jpg.jpg,237dcd3bc57163c11c0623e576b069585a4514318cd4ce76884d1057fb452137
2802,universe,Yellow Leaf,3,Yellow Leaf_IMG_20241103_201350.jpg.jpg,Yellow Leaf/Yellow Leaf_IMG_20241103_201350.jpg.jpg,43aa624d620a9a788e51d3eca345b5ce34704b9a469a225e1cad639fd4b7d7df
2803,universe,Yellow Leaf,3,Yellow Leaf_IMG_20241103_201353.jpg.jpg,Yellow Leaf/Yellow Leaf_IMG_20241103_201353.jpg.jpg,5b37f9e8d54d75c582e85b1d90a330c41d8a674484fa384492088cbbf8812d70
2804,universe,Yellow Leaf,3,Yellow Leaf_IMG_20241103_201354.jpg.jpg,Yellow Leaf/Yellow Leaf_IMG_20241103_201354.jpg.jpg,1fac63437c23f8a98876efc9198db97bd6f3529de06c32449ab0a5348f106132
2805,universe,Yellow Leaf,3,Yellow Leaf_IMG_20241103_201356.jpg.jpg,Yellow Leaf/Yellow Leaf_IMG_20241103_201356.jpg.jpg,bb3b55dd047bb2674e5e5eb37b5b275c0ffa32e2582ca48e9b78ec4605bc19af
2806,universe,Yellow Leaf,3,Yellow Leaf_IMG_20241103_201400.jpg.jpg,Yellow Leaf/Yellow Leaf_IMG_20241103_201400.jpg.jpg,03a581f8deb954e95e17bcabd0530d04f8b3957f56e65d310b79c85a80102964
2807,universe,Yellow Leaf,3,Yellow Leaf_IMG_20241103_201403.jpg.jpg,Yellow Leaf/Yellow Leaf_IMG_20241103_201403.jpg.jpg,8624f6ee1ff156d50b82d36d94bbeac45e4205741e88e535e77648702c72ca29
2808,universe,Yellow Leaf,3,Yellow Leaf_IMG_20241103_201405.jpg.jpg,Yellow Leaf/Yellow Leaf_IMG_20241103_201405.jpg.jpg,25aea41e6f1504f974f1194cb172035cef99f55e2f9a6b2e9fb5deb74fa8e47a
2809,universe,Yellow Leaf,3,Yellow Leaf_IMG_20241103_201406.jpg.jpg,Yellow Leaf/Yellow Leaf_IMG_20241103_201406.jpg.jpg,8bc1b31d2269091ae0867051fb094cbeaeadd7b9122faa749c9f355d5f8bc405
2810,universe,Yellow Leaf,3,Yellow Leaf_IMG_20241103_201407.jpg.jpg,Yellow Leaf/Yellow Leaf_IMG_20241103_201407.jpg.jpg,6cae751aa7a2c5ccdf4a31b2fad16d99882dd14550ad1fc955a3cc1dc0fc30a0
2811,universe,Yellow Leaf,3,Yellow Leaf_IMG_20241103_201419.jpg.jpg,Yellow Leaf/Yellow Leaf_IMG_20241103_201419.jpg.jpg,dcf5c748e310471d5412c771155a20fb8d6c76dff4b31c3b33ec604a72829e14
2812,universe,Yellow Leaf,3,Yellow Leaf_IMG_20241103_201428.jpg.jpg,Yellow Leaf/Yellow Leaf_IMG_20241103_201428.jpg.jpg,b6076bf41e08509164d1a86e4958fbcde82d9693bd41711ceac3c78dcd00bdbc
2813,universe,Yellow Leaf,3,Yellow Leaf_IMG_20241103_201434.jpg.jpg,Yellow Leaf/Yellow Leaf_IMG_20241103_201434.jpg.jpg,68e4a30daf30a7c1749577d26521785b49b6cd8a962511f3adb34a5636736063
2814,universe,Yellow Leaf,3,Yellow Leaf_IMG_20241103_201435.jpg.jpg,Yellow Leaf/Yellow Leaf_IMG_20241103_201435.jpg.jpg,1e2dd6be59667df9c7f32a94d4552996e5ae7a5b93616dcfa2d5c4f9f2ac8f26
2815,universe,Yellow Leaf,3,Yellow Leaf_IMG_20241103_201436.jpg.jpg,Yellow Leaf/Yellow Leaf_IMG_20241103_201436.jpg.jpg,c0454497bc875b011f021d9c7a838c1b0cbc22832f153104e654d53f486ef5fe
2816,universe,Yellow Leaf,3,Yellow Leaf_IMG_20241103_201437.jpg.jpg,Yellow Leaf/Yellow Leaf_IMG_20241103_201437.jpg.jpg,7b607bd3a67009043ae1d2db6180f8317db4362e2fd2d5be68b4599af777838d
2817,universe,Yellow Leaf,3,Yellow Leaf_IMG_20241103_201444.jpg.jpg,Yellow Leaf/Yellow Leaf_IMG_20241103_201444.jpg.jpg,884911360a30e7dc7759013aa4d8950fe5dc6511c3a44fbcfc59d0da31c20278
2818,universe,Yellow Leaf,3,Yellow Leaf_IMG_20241103_201445.jpg.jpg,Yellow Leaf/Yellow Leaf_IMG_20241103_201445.jpg.jpg,c6d87171fed8d60f04100d9e4a8fdd544dcdde2a011d510eff1b1e2506459e02
2819,universe,Yellow Leaf,3,Yellow Leaf_IMG_20241103_201449.jpg.jpg,Yellow Leaf/Yellow Leaf_IMG_20241103_201449.jpg.jpg,953a458f93e4f86438a56b5d4e2d47817c1c0386ee8cd8874f23774be08b07fa
2820,universe,Yellow Leaf,3,Yellow Leaf_IMG_20241103_201451.jpg.jpg,Yellow Leaf/Yellow Leaf_IMG_20241103_201451.jpg.jpg,4817487b34b98adf7db36d4ff3d208dc33222613f39f3a41d13b135c79b40862
2821,universe,Yellow Leaf,3,Yellow Leaf_IMG_20241103_201456.jpg.jpg,Yellow Leaf/Yellow Leaf_IMG_20241103_201456.jpg.jpg,f8713549e1dfa7aade439e687843904fcae68c88eac2bc4b46607f0e7c8a6fce
2822,universe,Yellow Leaf,3,Yellow Leaf_IMG_20241103_201457.jpg.jpg,Yellow Leaf/Yellow Leaf_IMG_20241103_201457.jpg.jpg,533e0c38cb7e1f81b5fdbf2e35f36ddd6a7cd3511bcb010ebffcc90cc75b7345
2823,universe,Yellow Leaf,3,Yellow Leaf_IMG_20241103_201458.jpg.jpg,Yellow Leaf/Yellow Leaf_IMG_20241103_201458.jpg.jpg,d03f13b24c942a6fb55522d62d83a4878859ccc272bc10d6f33283396106f954
2824,universe,Yellow Leaf,3,Yellow Leaf_IMG_20241103_201459.jpg.jpg,Yellow Leaf/Yellow Leaf_IMG_20241103_201459.jpg.jpg,5ec3a60efa0065817800e02d0131d1ee812fa81531da19dacd54ee4046b16abb
2825,universe,Yellow Leaf,3,Yellow Leaf_IMG_20241103_201502.jpg.jpg,Yellow Leaf/Yellow Leaf_IMG_20241103_201502.jpg.jpg,084d6b7ae3e5ae8452668638b8b66d97670954abc6db7e060952dddf68814c65
2826,universe,Yellow Leaf,3,Yellow Leaf_IMG_20241103_201503.jpg.jpg,Yellow Leaf/Yellow Leaf_IMG_20241103_201503.jpg.jpg,84b8492b0952ab776ac916ff5db937f5b59a60e36b919cb3226dbbb7e888ba06
2827,universe,Yellow Leaf,3,Yellow Leaf_IMG_20241103_201504.jpg.jpg,Yellow Leaf/Yellow Leaf_IMG_20241103_201504.jpg.jpg,5176a88981e5af53286c9fb358c5f96375570d5f6ed8519b117e180012684119
2828,universe,Yellow Leaf,3,Yellow Leaf_IMG_20241103_201509.jpg.jpg,Yellow Leaf/Yellow Leaf_IMG_20241103_201509.jpg.jpg,88a6f6b8a06f9256ebb1fc2ffa22b77a9d99538027ea2b5e48952751ead6127e
2829,universe,Yellow Leaf,3,Yellow Leaf_IMG_20241103_201510.jpg.jpg,Yellow Leaf/Yellow Leaf_IMG_20241103_201510.jpg.jpg,bc89128545327a1efa67dc5dbc4b02b69165df90af17449204a38f0eeea1ef81
2830,universe,Yellow Leaf,3,Yellow Leaf_IMG_20241103_201511.jpg.jpg,Yellow Leaf/Yellow Leaf_IMG_20241103_201511.jpg.jpg,2ee4661e87b5ad518476c43694cfbde032b5ee24e1cbd3edd274fe5315b827b4
2831,universe,Yellow Leaf,3,Yellow Leaf_IMG_20241103_201513.jpg.jpg,Yellow Leaf/Yellow Leaf_IMG_20241103_201513.jpg.jpg,4edc4b4a86b85e7edd4e3b4190871c926802aab0d122b98d77b6e6a86127b556
2832,universe,Yellow Leaf,3,Yellow Leaf_IMG_20241103_201514.jpg.jpg,Yellow Leaf/Yellow Leaf_IMG_20241103_201514.jpg.jpg,3200e5641a4cdc74110db5b60913a24aeb3af457f35680940f52ef2bdc7dfaaa
2833,universe,Yellow Leaf,3,Yellow Leaf_IMG_20241103_201515.jpg.jpg,Yellow Leaf/Yellow Leaf_IMG_20241103_201515.jpg.jpg,4e8a510040b561427b9ccf6e05adda84f1b2435cae67219bbf7e91295fd102f5
2834,universe,Yellow Leaf,3,Yellow Leaf_IMG_20241103_201516.jpg.jpg,Yellow Leaf/Yellow Leaf_IMG_20241103_201516.jpg.jpg,8db7708623e8838e695bd776ad2ef9b56d1af49469b705ac1330e9c563d08641
2835,universe,Yellow Leaf,3,Yellow Leaf_IMG_20241103_201520.jpg.jpg,Yellow Leaf/Yellow Leaf_IMG_20241103_201520.jpg.jpg,7ca840f2b2c60f7fa9bd146ef6f3d1cf4bc656132f0844f66594ae9695323b3e
2836,universe,Yellow Leaf,3,Yellow Leaf_IMG_20241103_201521.jpg.jpg,Yellow Leaf/Yellow Leaf_IMG_20241103_201521.jpg.jpg,fd4e4cfd05c2407cc955738b19bfed4721d40724f249d4dbbf2c11f182255b3b
2837,universe,Yellow Leaf,3,Yellow Leaf_IMG_20241103_201523.jpg.jpg,Yellow Leaf/Yellow Leaf_IMG_20241103_201523.jpg.jpg,c3c9e4b6fd3177584cce339ecb0ebfad6c565717a9db8486c292d5908de43947
2838,universe,Yellow Leaf,3,Yellow Leaf_IMG_20241103_201524.jpg.jpg,Yellow Leaf/Yellow Leaf_IMG_20241103_201524.jpg.jpg,b8c01ae1a921fa8a7d58e7bd6548c3052778578bf82eec452dc05ac72c2a1489
2839,universe,Yellow Leaf,3,Yellow Leaf_IMG_20241103_201527.jpg.jpg,Yellow Leaf/Yellow Leaf_IMG_20241103_201527.jpg.jpg,c766d0152fea76e4d284641a6c5a6e031a6ce088af7cff7dcd9e03eb5df0b741
2840,universe,Yellow Leaf,3,Yellow Leaf_IMG_20241103_201529.jpg.jpg,Yellow Leaf/Yellow Leaf_IMG_20241103_201529.jpg.jpg,ca0dfe5ebc1a2b7c088cb3c53d86d703ea038c5ef55d2695effb899a8f366f09
2841,universe,Yellow Leaf,3,Yellow Leaf_IMG_20241103_201536.jpg.jpg,Yellow Leaf/Yellow Leaf_IMG_20241103_201536.jpg.jpg,c198ccd55cd54386b205d468006534f31c219d8e3d791e92a4b582065bc620c9
2842,universe,Yellow Leaf,3,Yellow Leaf_IMG_20241103_201537.jpg.jpg,Yellow Leaf/Yellow Leaf_IMG_20241103_201537.jpg.jpg,c54838837e8d2679cd831cf9d9e095c52673890edd8ac82387acf6082eb041f4
2843,universe,Yellow Leaf,3,Yellow Leaf_IMG_20241103_201538.jpg.jpg,Yellow Leaf/Yellow Leaf_IMG_20241103_201538.jpg.jpg,535cc3a050ee7c3b992f1a459baaab1ea8a8a60952212482feba11d2a268208e
2844,universe,Yellow Leaf,3,Yellow Leaf_IMG_20241103_201545.jpg.jpg,Yellow Leaf/Yellow Leaf_IMG_20241103_201545.jpg.jpg,433180bf8e6aa991e7c7ab153646e2ed19c3b747898d3f309797bdfadbc2745a
2845,universe,Yellow Leaf,3,Yellow Leaf_IMG_20241103_201546.jpg.jpg,Yellow Leaf/Yellow Leaf_IMG_20241103_201546.jpg.jpg,29d9b754f04f29a50d1fc0d281231ac844c27172eea40ea049467a1e2b4e112b
2846,universe,Yellow Leaf,3,Yellow Leaf_IMG_20241103_201549.jpg.jpg,Yellow Leaf/Yellow Leaf_IMG_20241103_201549.jpg.jpg,633032f1d38ffd871d0319fd3d53543ea0c039e06e4522c50664e4b37a382d8a
2847,universe,Yellow Leaf,3,Yellow Leaf_IMG_20241103_201550.jpg.jpg,Yellow Leaf/Yellow Leaf_IMG_20241103_201550.jpg.jpg,2fbccab90f73b060d39ec62f2fc6be0ea703af7ae7c995939728c8fcdcfbe42d
2848,universe,Yellow Leaf,3,Yellow Leaf_IMG_20241103_201551.jpg.jpg,Yellow Leaf/Yellow Leaf_IMG_20241103_201551.jpg.jpg,685de211dd5f5a8932d4778659cbeb57b2ec46c5212fa02631503d5635a5e64f
2849,universe,Yellow Leaf,3,Yellow Leaf_IMG_20241103_201552.jpg.jpg,Yellow Leaf/Yellow Leaf_IMG_20241103_201552.jpg.jpg,4a9c790462873aece3268226e70a1a58a17d1b05d4d1b1fde86c0d9f75df9146
2850,universe,Yellow Leaf,3,Yellow Leaf_IMG_20241103_201557.jpg.jpg,Yellow Leaf/Yellow Leaf_IMG_20241103_201557.jpg.jpg,bc0dded3904229547cbd64b94af8299d55f51ff2806ee6c7fd8126e935a9ddae
2851,universe,Yellow Leaf,3,Yellow Leaf_IMG_20241103_201603.jpg.jpg,Yellow Leaf/Yellow Leaf_IMG_20241103_201603.jpg.jpg,8b6cd50718b62e7c7f2472c4ed7ae45c627ba89aafc0bb17d8b0122b96ab3cbd
2852,universe,Yellow Leaf,3,Yellow Leaf_IMG_20241103_201605.jpg.jpg,Yellow Leaf/Yellow Leaf_IMG_20241103_201605.jpg.jpg,5b39361d7844ba45a5b0b8c1837fcba060ee0ac0a454cb3ea965621d8a10cac4
2853,universe,Yellow Leaf,3,Yellow Leaf_IMG_20241103_201606.jpg.jpg,Yellow Leaf/Yellow Leaf_IMG_20241103_201606.jpg.jpg,ce0f6003a4f497c6572109032b8aab4c1f4150ec819c9453da839f572f5899a0
2854,universe,Yellow Leaf,3,Yellow Leaf_IMG_20241103_201609.jpg.jpg,Yellow Leaf/Yellow Leaf_IMG_20241103_201609.jpg.jpg,e05356054cddb93888201b73bb4f7d6c863480138621c68da1c1483bad96350e
2855,universe,Yellow Leaf,3,Yellow Leaf_IMG_20241103_201610.jpg.jpg,Yellow Leaf/Yellow Leaf_IMG_20241103_201610.jpg.jpg,25e47672834753e6a5c893ede47d209c4b3751969f14f9d6aa38d5556c77a8a3
2856,universe,Yellow Leaf,3,Yellow Leaf_IMG_20241103_201612.jpg.jpg,Yellow Leaf/Yellow Leaf_IMG_20241103_201612.jpg.jpg,37e094f71eb76bc85a2659108271cccfc252b9a8183b49f2b4b26dc0cabf4994
2857,universe,Yellow Leaf,3,Yellow Leaf_IMG_20241103_201618.jpg.jpg,Yellow Leaf/Yellow Leaf_IMG_20241103_201618.jpg.jpg,28f5a03a15740d0036f6038d30f4a71e92ad9070f9f4f942fb7f304089cc547f
2858,universe,Yellow Leaf,3,Yellow Leaf_IMG_20241103_201623.jpg.jpg,Yellow Leaf/Yellow Leaf_IMG_20241103_201623.jpg.jpg,e1047a9480702fb454f03c5392480c82a0982a298adc652653fb8f3e9fef6b51
2859,universe,Yellow Leaf,3,Yellow Leaf_IMG_20241103_201624.jpg.jpg,Yellow Leaf/Yellow Leaf_IMG_20241103_201624.jpg.jpg,9d2128109f78890d9c82100c631b695560a552745ce575c0ac20a5223c718b90
2860,universe,Yellow Leaf,3,Yellow Leaf_IMG_20241103_201625.jpg.jpg,Yellow Leaf/Yellow Leaf_IMG_20241103_201625.jpg.jpg,a676d64880373e631926e554ce36ac18d267c2bd2dc26b2d6bb8126b1338c8a7
2861,universe,Yellow Leaf,3,Yellow Leaf_IMG_20241103_201630.jpg.jpg,Yellow Leaf/Yellow Leaf_IMG_20241103_201630.jpg.jpg,a673228295a4e64670b9e1c35c4cfe192706c77f9f23abac643a9692c25cdf40
2862,universe,Yellow Leaf,3,Yellow Leaf_IMG_20241103_201631.jpg.jpg,Yellow Leaf/Yellow Leaf_IMG_20241103_201631.jpg.jpg,b6a38f593e5c1775fd250c6d7454e93299756654b750bded729d9cd8bc0c95bf
2863,universe,Yellow Leaf,3,Yellow Leaf_IMG_20241103_201632.jpg.jpg,Yellow Leaf/Yellow Leaf_IMG_20241103_201632.jpg.jpg,90362ef5f3fea5a578725a737b440e5f535e741ed986ce2648216c276887e3ed
2864,universe,Yellow Leaf,3,Yellow Leaf_IMG_20241103_201634.jpg.jpg,Yellow Leaf/Yellow Leaf_IMG_20241103_201634.jpg.jpg,7de51d1cf8933424e640e76885093b513a6971e064851251408c1c0c914290c2
2865,universe,Yellow Leaf,3,Yellow Leaf_IMG_20241103_201641.jpg.jpg,Yellow Leaf/Yellow Leaf_IMG_20241103_201641.jpg.jpg,e541e4d95b4ffda32454d58f69325227540f42d41adb87011f68c889ab17a712
2866,universe,Yellow Leaf,3,Yellow Leaf_IMG_20241103_201642.jpg.jpg,Yellow Leaf/Yellow Leaf_IMG_20241103_201642.jpg.jpg,a31ad8e7231be0c0e4008dcc9cc73f7106b91e501e1e989bfb9e24360f9f1d19
2867,universe,Yellow Leaf,3,Yellow Leaf_IMG_20241103_201643.jpg.jpg,Yellow Leaf/Yellow Leaf_IMG_20241103_201643.jpg.jpg,7014cb1e7c69b76577fd396a16826e1ca0cfac4b2ae920930054e2e0af07f99d
2868,universe,Yellow Leaf,3,Yellow Leaf_IMG_20241103_201644.jpg.jpg,Yellow Leaf/Yellow Leaf_IMG_20241103_201644.jpg.jpg,28a80fae12dd82633250a6898dedad9810fb3cd810a60b182628c8fbdc4510d6
2869,universe,Yellow Leaf,3,Yellow Leaf_IMG_20241103_201646.jpg.jpg,Yellow Leaf/Yellow Leaf_IMG_20241103_201646.jpg.jpg,de0cb1b77d3634578ec95b2c72c5beea82adc3495336ffd2c4005d3535a4415e
2870,universe,Yellow Leaf,3,Yellow Leaf_IMG_20241103_201647.jpg.jpg,Yellow Leaf/Yellow Leaf_IMG_20241103_201647.jpg.jpg,f20cacb51923ff87662a5d4aa0367a31bcf327f823d69037d581eeb63bb4d64d
2871,universe,Yellow Leaf,3,Yellow Leaf_IMG_20241103_201649.jpg.jpg,Yellow Leaf/Yellow Leaf_IMG_20241103_201649.jpg.jpg,7d47d5876b2a25dfbd9dfbfa69c686a3ad831a9d25fd7a86460e49b698753acd
2872,universe,Yellow Leaf,3,Yellow Leaf_IMG_20241103_201650.jpg.jpg,Yellow Leaf/Yellow Leaf_IMG_20241103_201650.jpg.jpg,c22d9f796e5617847f7729b06400a9dff07e8579dec0a7c8fcef89d3dacef8ef
2873,universe,Yellow Leaf,3,Yellow Leaf_IMG_20241103_201651.jpg.jpg,Yellow Leaf/Yellow Leaf_IMG_20241103_201651.jpg.jpg,72680143e85579b77eb87c612d350125b3e5b02930637b602311c9e9626f18c4
2874,universe,Yellow Leaf,3,Yellow Leaf_IMG_20241103_201658.jpg.jpg,Yellow Leaf/Yellow Leaf_IMG_20241103_201658.jpg.jpg,758015cb657858e1fa9a8352f00d7d14ed3d67a5f62dc50ce8152b439b125b16
2875,universe,Yellow Leaf,3,Yellow Leaf_IMG_20241103_201659.jpg.jpg,Yellow Leaf/Yellow Leaf_IMG_20241103_201659.jpg.jpg,5647a93f9ec6cf1eaa71f31ecbecb8c0af20c0ae2f353abf4debe9822e8c9c3c
2876,universe,Yellow Leaf,3,Yellow Leaf_IMG_20241103_201702.jpg.jpg,Yellow Leaf/Yellow Leaf_IMG_20241103_201702.jpg.jpg,81862a17177e78574332a8ea4adece0a48650f8df58d9178415c40eb9c2d620a
2877,universe,Yellow Leaf,3,Yellow Leaf_IMG_20241103_201703.jpg.jpg,Yellow Leaf/Yellow Leaf_IMG_20241103_201703.jpg.jpg,f1b4720ceb0c22629791f7ab9b111a25314334526800db0081a961cf087c944f
2878,universe,Yellow Leaf,3,Yellow Leaf_IMG_20241103_201704.jpg.jpg,Yellow Leaf/Yellow Leaf_IMG_20241103_201704.jpg.jpg,f74a31c582feefcc73fc767148a9948e25f33e5aa9502ec2e0c65381685ae166
2879,universe,Yellow Leaf,3,Yellow Leaf_IMG_20241103_201711.jpg.jpg,Yellow Leaf/Yellow Leaf_IMG_20241103_201711.jpg.jpg,e14e8e6d1517c9110030774707965b6e65cea4b8ff18d851feb5b73829d9c404
2880,universe,Yellow Leaf,3,Yellow Leaf_IMG_20241103_201712.jpg.jpg,Yellow Leaf/Yellow Leaf_IMG_20241103_201712.jpg.jpg,b7137c2779354d6feac65bf1d0bfc28b2b05b27189c951f7c21670f11c612916
2881,universe,Yellow Leaf,3,Yellow Leaf_IMG_20241103_201713.jpg.jpg,Yellow Leaf/Yellow Leaf_IMG_20241103_201713.jpg.jpg,0f5000fe50cd22629b7a502299fbe23b38874cdde77e22e5289abb1c6c9f82ac
2882,universe,Yellow Leaf,3,Yellow Leaf_IMG_20241103_201714.jpg.jpg,Yellow Leaf/Yellow Leaf_IMG_20241103_201714.jpg.jpg,e29c7b05b395bbc260cf3c88d9b8e224f74e1fa9ab7ebb6f92f68bdb6943c4b7
2883,universe,Yellow Leaf,3,Yellow Leaf_IMG_20241103_201716.jpg.jpg,Yellow Leaf/Yellow Leaf_IMG_20241103_201716.jpg.jpg,1ae7d6f5042c60a5a2efd54f42d5f59e2a126348c061ad8e3660e44b646fe021
2884,universe,Yellow Leaf,3,Yellow Leaf_IMG_20241103_201717.jpg.jpg,Yellow Leaf/Yellow Leaf_IMG_20241103_201717.jpg.jpg,f544db842aaf2dc0fee58587b8fdb80d1fe04d33becec687ac4a6bf49ec924df
2885,universe,Yellow Leaf,3,Yellow Leaf_IMG_20241103_201718.jpg.jpg,Yellow Leaf/Yellow Leaf_IMG_20241103_201718.jpg.jpg,84ffeb26b1e8ddcc519c0dc2cb2210e5d20f07cec69127571ede9c712806e46b
2886,universe,Yellow Leaf,3,Yellow Leaf_IMG_20241103_201724.jpg.jpg,Yellow Leaf/Yellow Leaf_IMG_20241103_201724.jpg.jpg,15f8957c8267f0f616eb99dc7ed388b07b6dcb5e7e7a075684779f18ae245fd7
2887,universe,Yellow Leaf,3,Yellow Leaf_IMG_20241103_201724_1.jpg.jpg,Yellow Leaf/Yellow Leaf_IMG_20241103_201724_1.jpg.jpg,c5971ce78d5ae3c9acda5f399182b7b2b1e7fa53c6844f482cc3a991eebde6a5
2888,universe,Yellow Leaf,3,Yellow Leaf_IMG_20241103_201725.jpg.jpg,Yellow Leaf/Yellow Leaf_IMG_20241103_201725.jpg.jpg,8d3f09f4b73a0522c70183e636f6001bc0863b3d161231e31f3abf1ef0158ba3
2889,universe,Yellow Leaf,3,Yellow Leaf_IMG_20241103_201726.jpg.jpg,Yellow Leaf/Yellow Leaf_IMG_20241103_201726.jpg.jpg,9dc6de2221b5bceb2521bcd08820f46b9cc327dc5d1f89fa51865cb3046fb153
2890,universe,Yellow Leaf,3,Yellow Leaf_IMG_20241103_201733.jpg.jpg,Yellow Leaf/Yellow Leaf_IMG_20241103_201733.jpg.jpg,54faf2baefe879d8250ed6689c1cae5c25905e76a5368e28218e4bb0752c4d83
2891,universe,Yellow Leaf,3,Yellow Leaf_IMG_20241103_201734.jpg.jpg,Yellow Leaf/Yellow Leaf_IMG_20241103_201734.jpg.jpg,5f701b45f5b9943dc029d54de38253d5c77b582ccc497875e25e6610efb54bab
2892,universe,Yellow Leaf,3,Yellow Leaf_IMG_20241103_201735.jpg.jpg,Yellow Leaf/Yellow Leaf_IMG_20241103_201735.jpg.jpg,e5f7e773878924479172fb09f0083a259858202bd23261e67a7aefe5679049ee
2893,universe,Yellow Leaf,3,Yellow Leaf_IMG_20241109_194543.jpg.jpg,Yellow Leaf/Yellow Leaf_IMG_20241109_194543.jpg.jpg,7c02b6c859da7a663942ec7dc2059804325acba4c94409632265f7769d5f6236
2894,universe,Yellow Leaf,3,Yellow Leaf_IMG_20241109_194549.jpg.jpg,Yellow Leaf/Yellow Leaf_IMG_20241109_194549.jpg.jpg,d3cc2beaf619e9b3832a6ff02c69a8b4788d057df2ad5cc4eb2ba0d9abfaae77
2895,universe,Yellow Leaf,3,Yellow Leaf_IMG_20241109_194552.jpg.jpg,Yellow Leaf/Yellow Leaf_IMG_20241109_194552.jpg.jpg,8a4d444f74e6a5f6c2b36f6978573e23cb75c2b0e47f08e749c6e62bcc4a3e1b
2896,universe,Yellow Leaf,3,Yellow Leaf_IMG_20241109_194607.jpg.jpg,Yellow Leaf/Yellow Leaf_IMG_20241109_194607.jpg.jpg,636f4c75baa19613b2317b9fb4a50b79862c1750b65f6ef91a7b5db305468d80
2897,universe,Yellow Leaf,3,Yellow Leaf_IMG_20241109_194609.jpg.jpg,Yellow Leaf/Yellow Leaf_IMG_20241109_194609.jpg.jpg,9ff49d12a47f21d1d6a7f1627587087d4c99d70cdbe4d8002c8e4b124432a89f
2898,universe,Yellow Leaf,3,Yellow Leaf_IMG_20241109_194615.jpg.jpg,Yellow Leaf/Yellow Leaf_IMG_20241109_194615.jpg.jpg,fe92dd6ff0c54e29811c7f369e7b6a725c589ae38bcf755883b7cab05f1d4b1d
2899,universe,Yellow Leaf,3,Yellow Leaf_IMG_20241109_194619.jpg.jpg,Yellow Leaf/Yellow Leaf_IMG_20241109_194619.jpg.jpg,54cd1f2bdb53b8950e83829f65621fd1b7dad4e5a3d80956497e684eaca1ef3f
2900,universe,Yellow Leaf,3,Yellow Leaf_IMG_20241109_194623.jpg.jpg,Yellow Leaf/Yellow Leaf_IMG_20241109_194623.jpg.jpg,a7f9aba56c4873c9e388dbd4e7ea19df763fb40c5229a57df16598a11b651a44
2901,universe,Yellow Leaf,3,Yellow Leaf_IMG_20241109_194626.jpg.jpg,Yellow Leaf/Yellow Leaf_IMG_20241109_194626.jpg.jpg,fb2eca3037bebcf5748401a10a8154ba0039bce183d85cf4f6ab0a4e6a666151
2902,universe,Yellow Leaf,3,Yellow Leaf_IMG_20241109_194632.jpg.jpg,Yellow Leaf/Yellow Leaf_IMG_20241109_194632.jpg.jpg,f36d70bfe7d67d1d810a64b6659d03067c108f9c95887c9dea9a0baef1f0fbe1
2903,universe,Yellow Leaf,3,Yellow Leaf_IMG_20241109_194639.jpg.jpg,Yellow Leaf/Yellow Leaf_IMG_20241109_194639.jpg.jpg,0c53f2f85ebd06e83255e8cb27e1e5962eb275dad351903f3d761eb2d11d5aa1
2904,universe,Yellow Leaf,3,Yellow Leaf_IMG_20241109_194641.jpg.jpg,Yellow Leaf/Yellow Leaf_IMG_20241109_194641.jpg.jpg,bd5fbc6840e5f0a6361fa019bb6a51c48f1c29a8c51219c7addebbc588537c0a
2905,universe,Yellow Leaf,3,Yellow Leaf_IMG_20241109_194645.jpg.jpg,Yellow Leaf/Yellow Leaf_IMG_20241109_194645.jpg.jpg,35b524fd7e94d70885091e496952c794514d563b4c391911cc1ba730dd26e355
2906,universe,Yellow Leaf,3,Yellow Leaf_IMG_20241109_194648.jpg.jpg,Yellow Leaf/Yellow Leaf_IMG_20241109_194648.jpg.jpg,a6d01bd1a33d3f3088c047a7d254ef2278b4d56b663451bf91d86a5f3a7399db
2907,universe,Yellow Leaf,3,Yellow Leaf_IMG_20241109_194655.jpg.jpg,Yellow Leaf/Yellow Leaf_IMG_20241109_194655.jpg.jpg,19460182d3259e13930dee9824f852032834a6bda105cc6584b6d9e5fbe5fd48
2908,universe,Yellow Leaf,3,Yellow Leaf_IMG_20241109_194700.jpg.jpg,Yellow Leaf/Yellow Leaf_IMG_20241109_194700.jpg.jpg,0074dd1feccae8a92ea64e1d12611624b5ad01daca3b394ea61880b8ddd9f943
2909,universe,Yellow Leaf,3,Yellow Leaf_IMG_20241109_194704.jpg.jpg,Yellow Leaf/Yellow Leaf_IMG_20241109_194704.jpg.jpg,70a0e20d7cfe9705ad672d668e0f0b9f6ad8c6344d20f8f4712b38e9d963dba5
2910,universe,Yellow Leaf,3,Yellow Leaf_IMG_20241109_194709.jpg.jpg,Yellow Leaf/Yellow Leaf_IMG_20241109_194709.jpg.jpg,7aaec9605adfc4a7b92f7f2fa6d2ee25114c854e7bf63987202839982827bea9
2911,universe,Yellow Leaf,3,Yellow Leaf_IMG_20241109_194719.jpg.jpg,Yellow Leaf/Yellow Leaf_IMG_20241109_194719.jpg.jpg,1e22bfbb85fd9197c17714167d303d6dfcd0bcd08a2a6b168c5c7c68dc4551fc
2912,universe,Yellow Leaf,3,Yellow Leaf_IMG_20241109_194723.jpg.jpg,Yellow Leaf/Yellow Leaf_IMG_20241109_194723.jpg.jpg,e9bdb45b876d3d8418bac1251a34d18a9f315661ac6bdbbf62c6fdcb6a59b480
2913,universe,Yellow Leaf,3,Yellow Leaf_IMG_20241109_194733.jpg.jpg,Yellow Leaf/Yellow Leaf_IMG_20241109_194733.jpg.jpg,f108e89389ee438c863ca5c1256f7b1c25b091f6c167647205d1a4f125855e31
2914,universe,Yellow Leaf,3,Yellow Leaf_IMG_20241109_194738.jpg.jpg,Yellow Leaf/Yellow Leaf_IMG_20241109_194738.jpg.jpg,3e32a5ec1d8a359edb5da0b3fc88d7f5bd7af54de527689a159f3bd17c0c31d7
2915,universe,Yellow Leaf,3,Yellow Leaf_IMG_20241109_194740.jpg.jpg,Yellow Leaf/Yellow Leaf_IMG_20241109_194740.jpg.jpg,1130ac6a5efb32fff6f4333f213e796a42b03de5908c9ac807bd0c9c016cf1c7
2916,universe,Yellow Leaf,3,Yellow Leaf_IMG_20241109_194744.jpg.jpg,Yellow Leaf/Yellow Leaf_IMG_20241109_194744.jpg.jpg,32cd00336b126c9d63333b1f21c89f5561aa1e08561619ce684eb573a677cfa3
2917,universe,Yellow Leaf,3,Yellow Leaf_IMG_20241109_194749.jpg.jpg,Yellow Leaf/Yellow Leaf_IMG_20241109_194749.jpg.jpg,5d381ae4ae3c252c1b64aad06433702e58cef019e0bbe6747c7a99304155ab18
2918,universe,Yellow Leaf,3,Yellow Leaf_IMG_20241109_194752.jpg.jpg,Yellow Leaf/Yellow Leaf_IMG_20241109_194752.jpg.jpg,f6ce10ba7d229e03421b573aeb3e8507ffb57c1d38454df41fe721a37bfd503a
2919,universe,Yellow Leaf,3,Yellow Leaf_IMG_20241109_194755.jpg.jpg,Yellow Leaf/Yellow Leaf_IMG_20241109_194755.jpg.jpg,b22556b6ea241f57924c12c75513f54e77a0e5104d677b7ace462c0060337033
2920,universe,Yellow Leaf,3,Yellow Leaf_IMG_20241109_194802.jpg.jpg,Yellow Leaf/Yellow Leaf_IMG_20241109_194802.jpg.jpg,b266e4e272cb29733d45277904fb04d2c327df0d228269acac2388539b67eef3
2921,universe,Yellow Leaf,3,Yellow Leaf_IMG_20241109_194804.jpg.jpg,Yellow Leaf/Yellow Leaf_IMG_20241109_194804.jpg.jpg,16213f45c12d284e13ac4c5192e0c7c7359c9804d343ad30a7977b34bef8aff0
2922,universe,Yellow Leaf,3,Yellow Leaf_IMG_20241109_194807.jpg.jpg,Yellow Leaf/Yellow Leaf_IMG_20241109_194807.jpg.jpg,c7db22fbf511737dda644d45f4353e5c2d6c883612862a9360744a8fc8e42e80
2923,universe,Yellow Leaf,3,Yellow Leaf_IMG_20241109_194809.jpg.jpg,Yellow Leaf/Yellow Leaf_IMG_20241109_194809.jpg.jpg,36644ddfe226a167b75c69684498a7df3b372d888588d4b083a667293b510618
2924,universe,Yellow Leaf,3,Yellow Leaf_IMG_20241109_194815.jpg.jpg,Yellow Leaf/Yellow Leaf_IMG_20241109_194815.jpg.jpg,91bec292791d7870271921e72806d988922e3f3c4c88ab428130f90d965acc2b
2925,universe,Yellow Leaf,3,Yellow Leaf_IMG_20241109_194820.jpg.jpg,Yellow Leaf/Yellow Leaf_IMG_20241109_194820.jpg.jpg,2461c9b75ccd879acc53169a0a03e7c3d0e57b795b19b38dd634aec5959dfd3b
2926,universe,Yellow Leaf,3,Yellow Leaf_IMG_20241109_194823.jpg.jpg,Yellow Leaf/Yellow Leaf_IMG_20241109_194823.jpg.jpg,b8385e263e988c9dbd0dcefd499820c2283c5efac91ee282aa6db1eef57c32f1
2927,universe,Yellow Leaf,3,Yellow Leaf_IMG_20241109_194831.jpg.jpg,Yellow Leaf/Yellow Leaf_IMG_20241109_194831.jpg.jpg,10214c34076ef6612d6101c5cbd76f2d6fc3a1e835ffe52a65dd3b4da60a3fdf
2928,universe,Yellow Leaf,3,Yellow Leaf_IMG_20241109_194834.jpg.jpg,Yellow Leaf/Yellow Leaf_IMG_20241109_194834.jpg.jpg,e4cf907460f8f63f7f70974014bf96a1c95a2fa150b6f1d90a51be45cee699e9
2929,universe,Yellow Leaf,3,Yellow Leaf_IMG_20241109_194844.jpg.jpg,Yellow Leaf/Yellow Leaf_IMG_20241109_194844.jpg.jpg,94f2730950d3748e97ef3b14313ac2ed4818d4507a99e92cafa0d125059f7dc1
2930,universe,Yellow Leaf,3,Yellow Leaf_IMG_20241109_194847.jpg.jpg,Yellow Leaf/Yellow Leaf_IMG_20241109_194847.jpg.jpg,f7636a5e0ee4bf81568ea590c8018c2eae886c220fe99f19d83f7810003c3720
2931,universe,Yellow Leaf,3,Yellow Leaf_IMG_20241109_194921.jpg.jpg,Yellow Leaf/Yellow Leaf_IMG_20241109_194921.jpg.jpg,e06fe721cc4517b5d7684085e153376b1256ae387ecbeada8f93b2cdd0d9bbdc
2932,universe,Yellow Leaf,3,Yellow Leaf_IMG_20241109_194925.jpg.jpg,Yellow Leaf/Yellow Leaf_IMG_20241109_194925.jpg.jpg,f5a8a264f99a4601e5cd0810c097a041d15d1a9b072a7bfedad40a6592b0ae72
2933,universe,Yellow Leaf,3,Yellow Leaf_IMG_20241109_194932.jpg.jpg,Yellow Leaf/Yellow Leaf_IMG_20241109_194932.jpg.jpg,fb0770c268defcdeacdcbfd3b6c7ef19278d8f5e1504b4f5b29bb6aa5fae6eda
2934,universe,Yellow Leaf,3,Yellow Leaf_IMG_20241109_194937.jpg.jpg,Yellow Leaf/Yellow Leaf_IMG_20241109_194937.jpg.jpg,5d93e4e33c835be30b155675ca093180ad471b02897cf94aa7594f18d99ed6c1
2935,universe,Yellow Leaf,3,Yellow Leaf_IMG_20241109_194942.jpg.jpg,Yellow Leaf/Yellow Leaf_IMG_20241109_194942.jpg.jpg,da1c2dc4bbab66d7786e60e1998cb5abf3baa3acc3998cea81efef949fe2fbd7
2936,universe,Yellow Leaf,3,Yellow Leaf_IMG_20241109_194951.jpg.jpg,Yellow Leaf/Yellow Leaf_IMG_20241109_194951.jpg.jpg,050281b252f6363ae70f20cb458801b0491adecd59a2db5c013c614cd9e44cf9
2937,universe,Yellow Leaf,3,Yellow Leaf_IMG_20241109_194954.jpg.jpg,Yellow Leaf/Yellow Leaf_IMG_20241109_194954.jpg.jpg,4d9c69c67a4bcace10ca07e9896e60183f759f79175ad203554bb64b363cf6b8
2938,universe,Yellow Leaf,3,Yellow Leaf_IMG_20241109_194957.jpg.jpg,Yellow Leaf/Yellow Leaf_IMG_20241109_194957.jpg.jpg,528d02eeaa92639791d873a5cff8ca5308ca69034f0e2a4cd9a7bc6b06e178cd
2939,universe,Yellow Leaf,3,Yellow Leaf_IMG_20241109_195000.jpg.jpg,Yellow Leaf/Yellow Leaf_IMG_20241109_195000.jpg.jpg,2c1b2b237e017c368aaaf51691578248366173d8390038830713ae11c1f328da
2940,universe,Yellow Leaf,3,Yellow Leaf_IMG_20241109_195011.jpg.jpg,Yellow Leaf/Yellow Leaf_IMG_20241109_195011.jpg.jpg,01c8942606c16753d52da58a31f6929307abb6c3caf24b9500f76c61eb85d6a7
2941,universe,Yellow Leaf,3,Yellow Leaf_IMG_20241109_195017.jpg.jpg,Yellow Leaf/Yellow Leaf_IMG_20241109_195017.jpg.jpg,e78dd135414e4f644664d645451c6ad8bc9e7d83413fd1cbed92572acf624c53
2942,universe,Yellow Leaf,3,Yellow Leaf_IMG_20241109_195026.jpg.jpg,Yellow Leaf/Yellow Leaf_IMG_20241109_195026.jpg.jpg,04a742fe1ad6c9397aea417854ddee0c82314800254238e7a91edbc438196d4a
2943,universe,Yellow Leaf,3,Yellow Leaf_IMG_20241109_195029.jpg.jpg,Yellow Leaf/Yellow Leaf_IMG_20241109_195029.jpg.jpg,e3ae56a61deda0bced6e208e35d3a2f22125ee1519f3dbd735280bb62fb04697
2944,universe,Yellow Leaf,3,Yellow Leaf_IMG_20241109_195032.jpg.jpg,Yellow Leaf/Yellow Leaf_IMG_20241109_195032.jpg.jpg,d26d9c6509211cc9f87d30410c6b1ee3691dd1a272c37b1d0b7a8c6cac63bb58
2945,universe,Yellow Leaf,3,Yellow Leaf_IMG_20241109_195037.jpg.jpg,Yellow Leaf/Yellow Leaf_IMG_20241109_195037.jpg.jpg,261c602bb22695e7449b9a9c69e86058cccba5460bba7e24fec6d38f01047500
2946,universe,Yellow Leaf,3,Yellow Leaf_IMG_20241109_195041.jpg.jpg,Yellow Leaf/Yellow Leaf_IMG_20241109_195041.jpg.jpg,2dd06eea1ab08dbef18cdaa93b9b18f55354069b2d7eceabf3804bac85a460cc
2947,universe,Yellow Leaf,3,Yellow Leaf_IMG_20241109_195044.jpg.jpg,Yellow Leaf/Yellow Leaf_IMG_20241109_195044.jpg.jpg,aeba4d37e655781cf3513978d8c6eaf95457163c6c0ca63fb8094fde437b344e
2948,universe,Yellow Leaf,3,Yellow Leaf_IMG_20241109_195051.jpg.jpg,Yellow Leaf/Yellow Leaf_IMG_20241109_195051.jpg.jpg,dcc4361af46c4a8a4226f82e34cf216e116c489fcf58adda0ce040fdd04f88b0
2949,universe,Yellow Leaf,3,Yellow Leaf_IMG_20241109_195055.jpg.jpg,Yellow Leaf/Yellow Leaf_IMG_20241109_195055.jpg.jpg,33f070dff264c908d0973d77904a65e619512dcbb7fbbb924517d22915ab233e
2950,universe,Yellow Leaf,3,Yellow Leaf_IMG_20241109_195057.jpg.jpg,Yellow Leaf/Yellow Leaf_IMG_20241109_195057.jpg.jpg,3de3f9ad28fde6d65e47721c4ff886b3a51b1f9fa8fa152bc00e158c8a0d9049
2951,universe,Yellow Leaf,3,Yellow Leaf_IMG_20241109_195100.jpg.jpg,Yellow Leaf/Yellow Leaf_IMG_20241109_195100.jpg.jpg,b5a997ea9cffe8dc480635428c5f050ca61a2389ca3199a2b033266dd02d47f2
2952,universe,Yellow Leaf,3,Yellow Leaf_IMG_20241109_195102.jpg.jpg,Yellow Leaf/Yellow Leaf_IMG_20241109_195102.jpg.jpg,8dbae3093c0eee37a60cd753c65644e8df1a1f9e8389d5b821cc2675248510aa
2953,universe,Yellow Leaf,3,Yellow Leaf_IMG_20241109_195107.jpg.jpg,Yellow Leaf/Yellow Leaf_IMG_20241109_195107.jpg.jpg,f4acf9acbdcb841c0f055b4940db1ed98e052c15f65b339dfe3c29328828a3c3
2954,universe,Yellow Leaf,3,Yellow Leaf_IMG_20241109_195109.jpg.jpg,Yellow Leaf/Yellow Leaf_IMG_20241109_195109.jpg.jpg,8a72b766b1f45909d62a2ca565dab45923fb79046ef1f957236ae9f4cea541d7
2955,universe,Yellow Leaf,3,Yellow Leaf_IMG_20241109_195112.jpg.jpg,Yellow Leaf/Yellow Leaf_IMG_20241109_195112.jpg.jpg,79910bf2dd8a233af5d28e3d9c2f065140927de131cb4084628a3cc509a517b6
2956,universe,Yellow Leaf,3,Yellow Leaf_IMG_20241109_195122.jpg.jpg,Yellow Leaf/Yellow Leaf_IMG_20241109_195122.jpg.jpg,3be7943dad685d8a07d770906d6844f54ab4bd53bdc496606a233e0ad2007cbc
2957,universe,Yellow Leaf,3,Yellow Leaf_IMG_20241109_195144.jpg.jpg,Yellow Leaf/Yellow Leaf_IMG_20241109_195144.jpg.jpg,02c5bc64ec199bf64d24bf9c27f894fe5163c8d7f1ab4ae24f926aefe7725c85
2958,universe,Yellow Leaf,3,Yellow Leaf_IMG_20241109_195147.jpg.jpg,Yellow Leaf/Yellow Leaf_IMG_20241109_195147.jpg.jpg,7990972905120bad6056fe6d8203440ba1a08a741514bd4c84369bb31dcf7968
2959,universe,Yellow Leaf,3,Yellow Leaf_IMG_20241109_195149.jpg.jpg,Yellow Leaf/Yellow Leaf_IMG_20241109_195149.jpg.jpg,2f45911b4483605882e91dcdfda74940e9f2961c6de0e050540cae5902dbe9bd
2960,universe,Yellow Leaf,3,Yellow Leaf_IMG_20241109_195151.jpg.jpg,Yellow Leaf/Yellow Leaf_IMG_20241109_195151.jpg.jpg,7a25bc095a2ee76f3cf6fb6bc095a8e3d96cf70f0bde61805e8fb4517db8725d
2961,universe,Yellow Leaf,3,Yellow Leaf_IMG_20241109_195155.jpg.jpg,Yellow Leaf/Yellow Leaf_IMG_20241109_195155.jpg.jpg,5ccc0478579a183a311137d9c25e5882bb9d454ecceeab0bd2536a5b46d8f8b4
2962,universe,Yellow Leaf,3,Yellow Leaf_IMG_20241109_195157.jpg.jpg,Yellow Leaf/Yellow Leaf_IMG_20241109_195157.jpg.jpg,58dc3342c909b570fe7f611fb246fff8c63788ddf1cd2c5fbd7db0beff44b46d
2963,universe,Yellow Leaf,3,Yellow Leaf_IMG_20241109_195202.jpg.jpg,Yellow Leaf/Yellow Leaf_IMG_20241109_195202.jpg.jpg,53388fef26e0fd42d9a1c307d3d3e5b6d3aa32f6c5c1685a16770b57b791b0a8
2964,universe,Yellow Leaf,3,Yellow Leaf_IMG_20241109_195206.jpg.jpg,Yellow Leaf/Yellow Leaf_IMG_20241109_195206.jpg.jpg,57aad39005c737c0e6a1ed19ade1f30e2427230f6a03ff6d2634eeb16818805f
2965,universe,Yellow Leaf,3,Yellow Leaf_IMG_20241109_195208.jpg.jpg,Yellow Leaf/Yellow Leaf_IMG_20241109_195208.jpg.jpg,8f50f085e526a91b5144664734e0fdcc9250fbe6f608f93e0b3f62349215c927
2966,universe,Yellow Leaf,3,Yellow Leaf_IMG_20241109_195211.jpg.jpg,Yellow Leaf/Yellow Leaf_IMG_20241109_195211.jpg.jpg,a4ff35fbb547bd7ba2bbc5153b19f5bc85e98193e8e75cc2f4724fa0883c5e2d
2967,universe,Yellow Leaf,3,Yellow Leaf_IMG_20241109_195213.jpg.jpg,Yellow Leaf/Yellow Leaf_IMG_20241109_195213.jpg.jpg,9e2c52894eeb815ee850f23f3dcebd7beb4edde5cd6729e07b8576f4ba265434
2968,universe,Yellow Leaf,3,Yellow Leaf_IMG_20241109_195217.jpg.jpg,Yellow Leaf/Yellow Leaf_IMG_20241109_195217.jpg.jpg,4fc019471ab31c7d83e0f99343bb837e2666a785a6bdd1db10c177dcd5b9b511
2969,universe,Yellow Leaf,3,Yellow Leaf_IMG_20241109_195221.jpg.jpg,Yellow Leaf/Yellow Leaf_IMG_20241109_195221.jpg.jpg,7816e67607e8c2527d8ea8f12da5cea0edee1ab58b0a22f4a4d8465e0c2705a1
2970,universe,Yellow Leaf,3,Yellow Leaf_IMG_20241109_195223.jpg.jpg,Yellow Leaf/Yellow Leaf_IMG_20241109_195223.jpg.jpg,80fd4a2f9e2b91bbb9d4e423f39c515e373f7fc2914b0a5af775f132d87a23a1
2971,universe,Yellow Leaf,3,Yellow Leaf_IMG_20241109_195227.jpg.jpg,Yellow Leaf/Yellow Leaf_IMG_20241109_195227.jpg.jpg,e88aa1591a54e5a9598950820d431be77283e599ab45d3c33b176bb6a6e80b77
2972,universe,Yellow Leaf,3,Yellow Leaf_IMG_20241109_195231.jpg.jpg,Yellow Leaf/Yellow Leaf_IMG_20241109_195231.jpg.jpg,ac31e40e0c0319fcf15a0c25ed032685037c2c13b02daf88f138180bf3207780
2973,universe,Yellow Leaf,3,Yellow Leaf_IMG_20241109_195233.jpg.jpg,Yellow Leaf/Yellow Leaf_IMG_20241109_195233.jpg.jpg,a7ed9c86a039b8f4e7a30f21dbcdf17b3948bf0d1d590dbef7e13aec284ae7b9
2974,universe,Yellow Leaf,3,Yellow Leaf_IMG_20241109_195238.jpg.jpg,Yellow Leaf/Yellow Leaf_IMG_20241109_195238.jpg.jpg,ed56b7b28ba2428cffed974f8a717981139392151e7daf19376066931dbf1a96
2975,universe,Yellow Leaf,3,Yellow Leaf_IMG_20241109_195241.jpg.jpg,Yellow Leaf/Yellow Leaf_IMG_20241109_195241.jpg.jpg,54455ad16a82022e5cf8ac73d2d1de837c218419ed747995686a751d230b0442
2976,universe,Yellow Leaf,3,Yellow Leaf_IMG_20241109_195243.jpg.jpg,Yellow Leaf/Yellow Leaf_IMG_20241109_195243.jpg.jpg,fe57c8c1f4e1cd879825d7109863da8677613c5303200c21aa9dae50868cb53a
2977,universe,Yellow Leaf,3,Yellow Leaf_IMG_20241109_195246.jpg.jpg,Yellow Leaf/Yellow Leaf_IMG_20241109_195246.jpg.jpg,7aa9c2cf349c6a1cdc51818f1cfa635b09dead9a39c71115a061b1fc1acd7080
2978,universe,Yellow Leaf,3,Yellow Leaf_IMG_20241109_195250.jpg.jpg,Yellow Leaf/Yellow Leaf_IMG_20241109_195250.jpg.jpg,680e91d56a2214416ba6462d7aee6ad0950c0660b1e76c8d93c208329518c31f
2979,universe,Yellow Leaf,3,Yellow Leaf_IMG_20241109_195252.jpg.jpg,Yellow Leaf/Yellow Leaf_IMG_20241109_195252.jpg.jpg,dc7f396ce241119cfab46c2a58117f6f15189fe74fb80ce175dca825386de4c3
2980,universe,Yellow Leaf,3,Yellow Leaf_IMG_20241109_195254.jpg.jpg,Yellow Leaf/Yellow Leaf_IMG_20241109_195254.jpg.jpg,d6749042e25051e8937dd441feac8885739c84ccddf1ee32eb36058ee0635ef4
2981,universe,Yellow Leaf,3,Yellow Leaf_IMG_20241109_195258.jpg.jpg,Yellow Leaf/Yellow Leaf_IMG_20241109_195258.jpg.jpg,d619b6265c34701e74aea544923b2a51ebcd4d4171f596d8fcacec424fcad0e6
2982,universe,Yellow Leaf,3,Yellow Leaf_IMG_20241109_195305.jpg.jpg,Yellow Leaf/Yellow Leaf_IMG_20241109_195305.jpg.jpg,d53eaa3d5925f7ab3debb41a75a4cdb80bf0566f322921723ac963e19aa953a0
2983,universe,Yellow Leaf,3,Yellow Leaf_IMG_20241109_195314.jpg.jpg,Yellow Leaf/Yellow Leaf_IMG_20241109_195314.jpg.jpg,85a7139307c509e5fc53e83e5c9c02cd836a1a5b2b0f86529ca4086752f39138
2984,universe,Yellow Leaf,3,Yellow Leaf_IMG_20241109_195317.jpg.jpg,Yellow Leaf/Yellow Leaf_IMG_20241109_195317.jpg.jpg,0d1a9f4cf5f22e81960c637de5eacff467d8ad8cd5e6a4a32dc79042e93c8ad6
2985,universe,Yellow Leaf,3,Yellow Leaf_IMG_20241109_195323.jpg.jpg,Yellow Leaf/Yellow Leaf_IMG_20241109_195323.jpg.jpg,7dd5a4d7f61e8e46e38c89db01af8fd80b86350eaf8446f2db62a48f3f58163c
2986,universe,Yellow Leaf,3,Yellow Leaf_IMG_20241109_195327.jpg.jpg,Yellow Leaf/Yellow Leaf_IMG_20241109_195327.jpg.jpg,085c171db36eedbd4db6f3e99605bf747b20d122500f76dc91c8a9cbdbdb4e15
2987,universe,Yellow Leaf,3,Yellow Leaf_IMG_20241109_195329.jpg.jpg,Yellow Leaf/Yellow Leaf_IMG_20241109_195329.jpg.jpg,9cd9e03070efc2af1f06579ad4db1df530a4d4ee3cd282543d266ee68a611291
2988,universe,Yellow Leaf,3,Yellow Leaf_IMG_20241109_195331.jpg.jpg,Yellow Leaf/Yellow Leaf_IMG_20241109_195331.jpg.jpg,8e761a26fa63143cddf0de51077ffb07e276a0a1c1ec99d51aded26982e7c3f0
2989,universe,Yellow Leaf,3,Yellow Leaf_IMG_20241109_195339.jpg.jpg,Yellow Leaf/Yellow Leaf_IMG_20241109_195339.jpg.jpg,ccb9402b77c639083def53ff96d691ccca8bea6002260b7f52d93ac83078ffee
2990,universe,Yellow Leaf,3,Yellow Leaf_IMG_20241109_195341.jpg.jpg,Yellow Leaf/Yellow Leaf_IMG_20241109_195341.jpg.jpg,21d4164b26041e67aff6d27a2ef88d741440ddb4d5acaca2087a1cde61757f5f
2991,universe,Yellow Leaf,3,Yellow Leaf_IMG_20241109_195343.jpg.jpg,Yellow Leaf/Yellow Leaf_IMG_20241109_195343.jpg.jpg,f00d6f612de101300d75c0fdeac8f2dd212442b775291318175815d174968bfd
2992,universe,Yellow Leaf,3,Yellow Leaf_IMG_20241109_195345.jpg.jpg,Yellow Leaf/Yellow Leaf_IMG_20241109_195345.jpg.jpg,8ddd08a745f9cdbfeb18171787d6859dda66a84607bda9fb030792333edc5f22
2993,universe,Yellow Leaf,3,Yellow Leaf_IMG_20241109_195513.jpg.jpg,Yellow Leaf/Yellow Leaf_IMG_20241109_195513.jpg.jpg,c0bd9fd907b1c733f1258a477b784f5867014a3229e50eb32102e711c4938af6
2994,universe,Yellow Leaf,3,Yellow Leaf_IMG_20241109_195520.jpg.jpg,Yellow Leaf/Yellow Leaf_IMG_20241109_195520.jpg.jpg,16d55649b565a7e5c94488d9672dc23a4485fc16bbfe9a1919de1649bb8d1a0e
2995,universe,Yellow Leaf,3,Yellow Leaf_IMG_20241109_195524.jpg.jpg,Yellow Leaf/Yellow Leaf_IMG_20241109_195524.jpg.jpg,3195f153b6963a7a456110c968f4ed77d83fb9a5a72fe0e5af19196828a4f5f5
2996,universe,Yellow Leaf,3,Yellow Leaf_IMG_20241109_195535.jpg.jpg,Yellow Leaf/Yellow Leaf_IMG_20241109_195535.jpg.jpg,ffdb86d420de3ed6fe683aa725282bbf7f9bf648574382d808a0e1e3bdf3ff4b
2997,universe,Yellow Leaf,3,Yellow Leaf_IMG_20241109_195541.jpg.jpg,Yellow Leaf/Yellow Leaf_IMG_20241109_195541.jpg.jpg,6afd47702a4c0c2e5a1647dac1ad061267639992d2bd48cfd3b6cdbdb498406b
2998,universe,Yellow Leaf,3,Yellow Leaf_IMG_20241109_195545.jpg.jpg,Yellow Leaf/Yellow Leaf_IMG_20241109_195545.jpg.jpg,c0618cd90fb4db18630012c5d8dd4d5335c5c025af744c7246e14528ce0d1838
2999,universe,Yellow Leaf,3,Yellow Leaf_IMG_20241109_195555.jpg.jpg,Yellow Leaf/Yellow Leaf_IMG_20241109_195555.jpg.jpg,145a04c320e2cf79d79e0b168205b81cc44bdd3820c91fbc2f61ae1163ca6d43
3000,universe,Yellow Leaf,3,Yellow Leaf_IMG_20241109_195600.jpg.jpg,Yellow Leaf/Yellow Leaf_IMG_20241109_195600.jpg.jpg,0241e0673db15210f64a7deb0de13e550aeb08929b6380ea59ce686131377b09
3001,universe,Yellow Leaf,3,Yellow Leaf_IMG_20241109_195603.jpg.jpg,Yellow Leaf/Yellow Leaf_IMG_20241109_195603.jpg.jpg,8b26099f74b5b40b01e1798da92ab31dce810a1c62d30d3045ed9d02058c7e21
3002,universe,Yellow Leaf,3,Yellow Leaf_IMG_20241109_195607.jpg.jpg,Yellow Leaf/Yellow Leaf_IMG_20241109_195607.jpg.jpg,2d7bc06a0835957e71ae5d91cd3a89dee7c2b719992d6eee5aff7ca2d7d3636d
3003,universe,Yellow Leaf,3,Yellow Leaf_IMG_20241109_195610.jpg.jpg,Yellow Leaf/Yellow Leaf_IMG_20241109_195610.jpg.jpg,0a0d71a75be316277f5c144302272093e983ee240e48b1fd01256fa7a66037c6
3004,universe,Yellow Leaf,3,Yellow Leaf_IMG_20241109_195618.jpg.jpg,Yellow Leaf/Yellow Leaf_IMG_20241109_195618.jpg.jpg,cc4823cc48c1d3e2bc0cb7cc7995501efba01ee4d4f02a1007e28e4c68a956d6
3005,universe,Yellow Leaf,3,Yellow Leaf_IMG_20241109_195624.jpg.jpg,Yellow Leaf/Yellow Leaf_IMG_20241109_195624.jpg.jpg,15cf0b2d24d70dd0d5f2bbf0094f6424f2c3cd22127545a591650414c5448f0f
3006,universe,Yellow Leaf,3,Yellow Leaf_IMG_20241109_195638.jpg.jpg,Yellow Leaf/Yellow Leaf_IMG_20241109_195638.jpg.jpg,3c3c94c8a63953c9ec71cd9783e60845f103f373372190a02cb1a63f0c275e4c
3007,universe,Yellow Leaf,3,Yellow Leaf_IMG_20241109_195641.jpg.jpg,Yellow Leaf/Yellow Leaf_IMG_20241109_195641.jpg.jpg,fef401add92d8000fd79409141d7dde2a50d5d953d03edfbe1180640ef48eb3a
3008,universe,Yellow Leaf,3,Yellow Leaf_IMG_20241109_195644.jpg.jpg,Yellow Leaf/Yellow Leaf_IMG_20241109_195644.jpg.jpg,835212e638e82014e1f733f1f25e875924a766498240d89a4c341479655500c0
3009,universe,Yellow Leaf,3,Yellow Leaf_IMG_20241109_195648.jpg.jpg,Yellow Leaf/Yellow Leaf_IMG_20241109_195648.jpg.jpg,ee7a9e72a5491e1e218848e42203234312d671d4b61ba1f0083b89ca0dbbcff1
3010,universe,Yellow Leaf,3,Yellow Leaf_IMG_20241109_195654.jpg.jpg,Yellow Leaf/Yellow Leaf_IMG_20241109_195654.jpg.jpg,ab742c44a26d448af10152e278a11212e15ea0d4686fae111459c668104667c1
3011,universe,Yellow Leaf,3,Yellow Leaf_IMG_20241109_195657.jpg.jpg,Yellow Leaf/Yellow Leaf_IMG_20241109_195657.jpg.jpg,45ec0559111ac12c4d22d733def0156b3d1154706f57db97b10b43e8cae79900
3012,universe,Yellow Leaf,3,Yellow Leaf_IMG_20241109_195706.jpg.jpg,Yellow Leaf/Yellow Leaf_IMG_20241109_195706.jpg.jpg,8b9bb2634d33b1dfbc23bb27d2b6a82a54eea902dac47b05f2451e201427c8a9
3013,universe,Yellow Leaf,3,Yellow Leaf_IMG_20241109_195753.jpg.jpg,Yellow Leaf/Yellow Leaf_IMG_20241109_195753.jpg.jpg,4ec771225565e67f29f746c40ff81bfffd08eebb2329d2430482014457d84d5f
3014,universe,Yellow Leaf,3,Yellow Leaf_IMG_20241109_195846.jpg.jpg,Yellow Leaf/Yellow Leaf_IMG_20241109_195846.jpg.jpg,383180bd65eb396128d0436e60d0c4adfce3f1ecbef64fb588c3399fbd250a79
3015,universe,Yellow Leaf,3,Yellow Leaf_IMG_20241109_195849.jpg.jpg,Yellow Leaf/Yellow Leaf_IMG_20241109_195849.jpg.jpg,b4b434db78b74294e5afc9fb02ecefec650149cfa9f8ccc8986c1bfca9adf081
3016,universe,Yellow Leaf,3,Yellow Leaf_IMG_20241109_195922.jpg.jpg,Yellow Leaf/Yellow Leaf_IMG_20241109_195922.jpg.jpg,03940ae8f3276af3be395eb666ba20378128faf0189e866889d44dda59cc15c7
3017,universe,Yellow Leaf,3,Yellow Leaf_IMG_20241109_195928.jpg.jpg,Yellow Leaf/Yellow Leaf_IMG_20241109_195928.jpg.jpg,c32626df42aa0d70bceb1a9436c3282704cb6fbdc08c331f62e8f90b794460bb
3018,universe,Yellow Leaf,3,Yellow Leaf_IMG_20241109_195932.jpg.jpg,Yellow Leaf/Yellow Leaf_IMG_20241109_195932.jpg.jpg,f7c655b78851d3b7ea6574888b3b33f85fba7161e33e87196ffeef5ee068dae1
3019,universe,Yellow Leaf,3,Yellow Leaf_IMG_20241109_195954.jpg.jpg,Yellow Leaf/Yellow Leaf_IMG_20241109_195954.jpg.jpg,7df995a681fb55114c0c5a7eda696b6d2cb500dc61151f1816f9086a7077bf62
3020,universe,Yellow Leaf,3,Yellow Leaf_IMG_20241109_195956.jpg.jpg,Yellow Leaf/Yellow Leaf_IMG_20241109_195956.jpg.jpg,c4336b011ca49f5a72b287e341cc565470c50d2cc3a259af51071cc86cb07b27
3021,universe,Yellow Leaf,3,Yellow Leaf_IMG_20241109_200000.jpg.jpg,Yellow Leaf/Yellow Leaf_IMG_20241109_200000.jpg.jpg,5de21a6b1a0aee6e220b4941d7dc04444d8ce1100cb4fecfbb2a847d2b20f1ab
3022,universe,Yellow Leaf,3,Yellow Leaf_IMG_20241109_200006.jpg.jpg,Yellow Leaf/Yellow Leaf_IMG_20241109_200006.jpg.jpg,8360b7f6a9330dfe0c1f0c762d597e1510fe488b74a393b4c02de548607c9e01
3023,universe,Yellow Leaf,3,Yellow Leaf_IMG_20241109_200011.jpg.jpg,Yellow Leaf/Yellow Leaf_IMG_20241109_200011.jpg.jpg,6d359908bbe4cf44d6f48677ad3686fbc06b447224d096106b21c73e6e0ae7ed
3024,universe,Yellow Leaf,3,Yellow Leaf_IMG_20241109_200013.jpg.jpg,Yellow Leaf/Yellow Leaf_IMG_20241109_200013.jpg.jpg,e3572dc1cdf87b5d6bf8c8a561d2c13fa38416893f6e05d176726f7be3de4ac3
3025,universe,Yellow Leaf,3,Yellow Leaf_IMG_20241109_200017.jpg.jpg,Yellow Leaf/Yellow Leaf_IMG_20241109_200017.jpg.jpg,aeb32ddf2efdb7378829ad8e0adb3f5388720f982e52d537fe3027e38123f33a
3026,universe,Yellow Leaf,3,Yellow Leaf_IMG_20241109_200027.jpg.jpg,Yellow Leaf/Yellow Leaf_IMG_20241109_200027.jpg.jpg,fae2dfe89be0723236e1cee2c612dc9b4953729a81e6ca1269b32792ec484b65
3027,universe,Yellow Leaf,3,Yellow Leaf_IMG_20241109_200031.jpg.jpg,Yellow Leaf/Yellow Leaf_IMG_20241109_200031.jpg.jpg,b17e4e496bba0665cf3f3685cb81e1d862928e9c5372d5e357b5da0d5b881afa
3028,universe,Yellow Leaf,3,Yellow Leaf_IMG_20241109_200041.jpg.jpg,Yellow Leaf/Yellow Leaf_IMG_20241109_200041.jpg.jpg,fd3bcc04ad17f983baa7b207aa09411299c7b0718ae65ad6eed326bc3b3194c8
3029,universe,Yellow Leaf,3,Yellow Leaf_IMG_20241109_200046.jpg.jpg,Yellow Leaf/Yellow Leaf_IMG_20241109_200046.jpg.jpg,4d01a6cb06a21fc2737fb36147084b7460b1f8c48799d945def28c088453ffd5
3030,universe,Yellow Leaf,3,Yellow Leaf_IMG_20241109_200049.jpg.jpg,Yellow Leaf/Yellow Leaf_IMG_20241109_200049.jpg.jpg,165c456044e6c1b7411e36261d5bebd5a8760ed3600d75165fac5d7145f0e2a2
3031,universe,Yellow Leaf,3,Yellow Leaf_IMG_20241109_200052.jpg.jpg,Yellow Leaf/Yellow Leaf_IMG_20241109_200052.jpg.jpg,e76613ac0c0594264bf8a7d3164250a7cfde05224882d2e03bfb3511b79c063e
3032,universe,Yellow Leaf,3,Yellow Leaf_IMG_20241109_200055.jpg.jpg,Yellow Leaf/Yellow Leaf_IMG_20241109_200055.jpg.jpg,dffac5c519b00ead6d5448a9e720118fcb1c485a5aa3f6c03503782ff8c16c3b
3033,universe,Yellow Leaf,3,Yellow Leaf_IMG_20241109_200058.jpg.jpg,Yellow Leaf/Yellow Leaf_IMG_20241109_200058.jpg.jpg,4a709eaae5dc0f87b2ac90652beb14750065340e7861528890688065f30c635e
3034,universe,Yellow Leaf,3,Yellow Leaf_IMG_20241109_200101.jpg.jpg,Yellow Leaf/Yellow Leaf_IMG_20241109_200101.jpg.jpg,b4e7c0cdce0f03b2ed052d96d968acdf83b93014d50cc7e3395a1caaae430e96
3035,universe,Yellow Leaf,3,Yellow Leaf_IMG_20241109_200104.jpg.jpg,Yellow Leaf/Yellow Leaf_IMG_20241109_200104.jpg.jpg,5dbf0453f76ed3d0ffa5af4244bb9b70d6604403846f1b4fe05f2371bc05a9ce
3036,universe,Yellow Leaf,3,Yellow Leaf_IMG_20241109_200108.jpg.jpg,Yellow Leaf/Yellow Leaf_IMG_20241109_200108.jpg.jpg,ef3a80a21b9a9b26b65bade105a218d6223f0ec77f0789ca0d16e54f6027899a
3037,universe,Yellow Leaf,3,Yellow Leaf_IMG_20241109_200117.jpg.jpg,Yellow Leaf/Yellow Leaf_IMG_20241109_200117.jpg.jpg,b70e0a580b31ee83b28cff1c7dd7fc7827f1a86eb194045640b97e466a288633
3038,universe,Yellow Leaf,3,Yellow Leaf_IMG_20241109_200120.jpg.jpg,Yellow Leaf/Yellow Leaf_IMG_20241109_200120.jpg.jpg,c3fc91252188b265e490eccbafb683b318ccbf275bf9f174018d16332534d745
3039,universe,Yellow Leaf,3,Yellow Leaf_IMG_20241109_200122.jpg.jpg,Yellow Leaf/Yellow Leaf_IMG_20241109_200122.jpg.jpg,32b17bb3708f4ab988b5f298f72b5557f11e9de299bab298ca4c59ca04996271
3040,universe,Yellow Leaf,3,Yellow Leaf_IMG_20241109_200126.jpg.jpg,Yellow Leaf/Yellow Leaf_IMG_20241109_200126.jpg.jpg,e55e8c8719637d7e2601c2d50cba44e9968e8751b2dea6b39c72eeb132c87246
3041,universe,Yellow Leaf,3,Yellow Leaf_IMG_20241109_200131.jpg.jpg,Yellow Leaf/Yellow Leaf_IMG_20241109_200131.jpg.jpg,0f115a531941832badc7118b2d6c24472710dd89f821706a2d76507d4ed4682c
3042,universe,Yellow Leaf,3,Yellow Leaf_IMG_20241109_200134.jpg.jpg,Yellow Leaf/Yellow Leaf_IMG_20241109_200134.jpg.jpg,2ccf00be4974aca4a73aa2ce305df0595a3947b9b4fb0cb44b3eeeb1e25fa89c
3043,universe,Yellow Leaf,3,Yellow Leaf_IMG_20241109_200141.jpg.jpg,Yellow Leaf/Yellow Leaf_IMG_20241109_200141.jpg.jpg,444a4d470104c6582ae07b00c6a52b6d55e6d32ac5463e9fa28ab58e0eea1e43
3044,universe,Yellow Leaf,3,Yellow Leaf_IMG_20241109_200330.jpg.jpg,Yellow Leaf/Yellow Leaf_IMG_20241109_200330.jpg.jpg,8dd672c7298ee00183c970fdab4173380ad52c05b889c738fa178f965750889c
3045,universe,Yellow Leaf,3,Yellow Leaf_IMG_20241109_200333.jpg.jpg,Yellow Leaf/Yellow Leaf_IMG_20241109_200333.jpg.jpg,0c51147f75a04eee0148c376cb834d7969dd940529389d3ef8c3a597bdb51537
3046,universe,Yellow Leaf,3,Yellow Leaf_IMG_20241109_200336.jpg.jpg,Yellow Leaf/Yellow Leaf_IMG_20241109_200336.jpg.jpg,6b9b99cef9ec3359e5f64c7dc3a013c2bae7c621f1fa85ee853e189f52eae5ae
3047,universe,Yellow Leaf,3,Yellow Leaf_IMG_20241109_200339.jpg.jpg,Yellow Leaf/Yellow Leaf_IMG_20241109_200339.jpg.jpg,911f32b143679a2e5222ea468c3673f3544d351e4a08340fce18e6d83669b940
3048,universe,Yellow Leaf,3,Yellow Leaf_IMG_20241109_200343.jpg.jpg,Yellow Leaf/Yellow Leaf_IMG_20241109_200343.jpg.jpg,44dc188a87f9bda9205b37c01b2dc614825c07ffd190c89f7c766b11f3cf9551
3049,universe,Yellow Leaf,3,Yellow Leaf_IMG_20241109_200350.jpg.jpg,Yellow Leaf/Yellow Leaf_IMG_20241109_200350.jpg.jpg,4a942337985dbcf1ad8d1fbe4d550576f40953a599ed920cdc567f830d38f679
3050,universe,Yellow Leaf,3,Yellow Leaf_IMG_20241109_200353.jpg.jpg,Yellow Leaf/Yellow Leaf_IMG_20241109_200353.jpg.jpg,95ce4117b1ee308d237c26890ddbc53061699c9c19129e6afa4a17e606900815
3051,universe,Yellow Leaf,3,Yellow Leaf_IMG_20241109_200401.jpg.jpg,Yellow Leaf/Yellow Leaf_IMG_20241109_200401.jpg.jpg,bbf48577c03a75908f0dda040a8535ddbea84b481a20c98c0f49ac48989edb96
3052,universe,Yellow Leaf,3,Yellow Leaf_IMG_20241109_200409.jpg.jpg,Yellow Leaf/Yellow Leaf_IMG_20241109_200409.jpg.jpg,b025daeeced0733f0c024250705700d6740f648b1f49f93884c4e4781ad1b1a7
3053,universe,Yellow Leaf,3,Yellow Leaf_IMG_20241109_200413.jpg.jpg,Yellow Leaf/Yellow Leaf_IMG_20241109_200413.jpg.jpg,dff677aba555bfe7069401f1ff5b27f5999f9f7479991ab7bf34cea91acc1ec4
3054,universe,Yellow Leaf,3,Yellow Leaf_IMG_20241109_200417.jpg.jpg,Yellow Leaf/Yellow Leaf_IMG_20241109_200417.jpg.jpg,53f3ddfee0ac7ecdc3edcb319f9fb40171a184448a6b7dac0db373bf328e5da7
3055,universe,Yellow Leaf,3,Yellow Leaf_IMG_20241109_200421.jpg.jpg,Yellow Leaf/Yellow Leaf_IMG_20241109_200421.jpg.jpg,0f6cfa50cf66e6bfed43a7b1e2c5c11f9f65d9c1d70e57a6e55f6c70056d800d
3056,universe,Yellow Leaf,3,Yellow Leaf_IMG_20241109_200440.jpg.jpg,Yellow Leaf/Yellow Leaf_IMG_20241109_200440.jpg.jpg,6e68c3b08863036c06edbe1549f55c2a8c3bed9015b04bca6b66f281b7331e77
3057,universe,Yellow Leaf,3,Yellow Leaf_IMG_20241109_200442.jpg.jpg,Yellow Leaf/Yellow Leaf_IMG_20241109_200442.jpg.jpg,b1ca5239df97ed38b2d648d322e7e3ec71d2c13a5094cfbf72927cc9ef66e00e
3058,universe,Yellow Leaf,3,Yellow Leaf_IMG_20241109_200445.jpg.jpg,Yellow Leaf/Yellow Leaf_IMG_20241109_200445.jpg.jpg,19a53f9531d9c35b97b54438bf97d363de23668c44fd1301f3f163647a753e20
3059,universe,Yellow Leaf,3,Yellow Leaf_IMG_20241109_200448.jpg.jpg,Yellow Leaf/Yellow Leaf_IMG_20241109_200448.jpg.jpg,66c78aa72d2291a8c93882ea27f66bacafd881ff8e2da170896e4abe48d86f7c
3060,universe,Yellow Leaf,3,Yellow Leaf_IMG_20241109_200653.jpg.jpg,Yellow Leaf/Yellow Leaf_IMG_20241109_200653.jpg.jpg,228b9f43361e89dc5d4c0b3757f760aa2e561668058a8e3274fadba7bb3531b4
3061,universe,Yellow Leaf,3,Yellow Leaf_IMG_20241109_200657.jpg.jpg,Yellow Leaf/Yellow Leaf_IMG_20241109_200657.jpg.jpg,08a2179e1343e2f11b085c826ee5cf2b51b69110f8f56e1c98abee908b0018e0
3062,universe,Yellow Leaf,3,Yellow Leaf_IMG_20241109_200710.jpg.jpg,Yellow Leaf/Yellow Leaf_IMG_20241109_200710.jpg.jpg,9ec95fb15fc286b750b0b855c309c9410cd79c0ae9855493c943b8347b0f61cf
